tree
version=v4
num_class=1
num_tree_per_iteration=1
label_index=0
max_feature_idx=1
objective=binary sigmoid:1
feature_names=Column_0 Column_1
monotone_constraints=1 -1
feature_infos=[0.020002884790301323:0.99999868869781494] [0:0.99951279163360596]
tree_sizes=1714 1785 1782 1778 1776 1785 1786 1786 1793 1789 1791 1791 1796 1792 1793 1791 1795 1798 1795 1801 1800 1802 1800 1800 1798 1794 1794 1803 1807 1807 1797 1804 1802 1805 1803 1807 1800 1808 1805 1806 1817 1814 1808 1806 1804 1806 1809 1801 1810 1807 1809 1808 1805 1808 1816 1818 1814 1806 1813 1816 1816 1815 1812 1814 1813 1817 1826 1820 1814 1812 1808 1822 1812 1814 1816 1819 1815 1825 1820 1818 1824 1822 1824 1817 1823 1810 1823 1825 1833 1821 1826 1826 1819 1813 1821 1825 1821 1819 1825 1814 1822 1822 1829 1819 1832 1818 1821 1826 1828 1836 1830 1819 1823 1832 1831 1824 1827 1822 1836 1827 1823 1834 1825 1826 1834 1830 1833 1832 1835 1837 1831 1832 1834 1828 1833 1842 1836 1834 1834 1838 1840 1838 1841 1837 1845 1842 1849 1853 1848 1845 1841 1845 1847 1848 1850 1844 1844 1850 1854 1859 1852 1846 1843 1856 1854 1849 1859 1861 1854 1865 1862 1849 1861 1854 1852 1853 1856 1861 1849 1861 1871 1863 1868 1860 1862 1863 1860 1862 1859 1861 1868 1862 1869 1862 1869 1873 1879 1878 1884 1879

Tree=0
num_leaves=15
num_cat=0
split_feature=0 0 0 1 0 0 0 0 0 0 0 1 0 0
split_gain=2.70635e+06 96127 73848.5 12678.9 10155.8 7856.79 7672.29 4761.5 1853.93 1348.25 1032.29 872.134 818.885 644.143
threshold=0.52759104967117321 0.19850864261388781 0.86507299542427074 0.19320257008075717 0.085614524781703963 0.3811547607183457 0.96718469262123119 0.67446401715278637 0.25131179392337805 0.12712427228689197 0.043910730630159385 0.16048688441514972 0.98954081535339367 0.73669275641441356
decision_type=2 2 2 2 2 2 2 2 2 2 2 2 2 2
left_child=1 4 3 7 10 8 11 -2 -3 -6 -1 -4 -8 -9
right_child=2 5 6 -5 9 -7 12 13 -10 -11 -12 -13 -14 -15
leaf_value=1.9213388010858554 2.4325162716581108 2.1123845396438297 2.6112861987268698 2.3398492431406415 1.9999922692640375 2.2947970194864529 2.6428888718507073 2.4989972102205402 2.194932449384762 2.058285752496479 1.9540975164920942 2.5656656982629502 2.657544892395356 2.5488675054122405
leaf_weight=5907.8732399269938 1557.6462151482701 1036.8705777451396 7762.583420611918 755.90051580220461 1975.3823980689049 1977.1777339279652 9981.5544232726097 846.43673840910196 1977.1777339279652 1992.3098504543304 4055.7919438928366 313.09374999254942 211068.78850869834 2754.9428757280111
leaf_count=92139 24293 16171 121065 11789 30808 30836 155672 13201 30836 31072 63254 4883 3291822 42966
internal_value=2.60432 2.02907 2.65063 2.4762 1.96161 2.21734 2.65513 2.50556 2.16653 2.02926 1.93467 2.60727 2.65688 2.53715
internal_weight=253964 18922.6 235041 5914.93 13931.4 4991.23 229126 5159.03 3014.05 3967.69 9963.67 8075.68 221050 3601.38
internal_count=3960807 295116 3665691 92249 217273 77843 3573442 80460 47007 61880 155393 125948 3447494 56167
is_linear=0
shrinkage=1


Tree=1
num_leaves=15
num_cat=0
split_feature=0 0 0 1 0 0 0 0 0 0 0 0 0 0
split_gain=1.57444e+06 38089 29518.9 4721.72 4418.41 2973.83 2465.08 2341.16 755.463 690.989 312.335 246.915 234.393 212.954
threshold=0.67446401715278637 0.31192712485790258 0.93857911229133617 0.22467421740293506 0.15799529105424884 0.45610371232032781 0.83119860291481029 0.9845232665538789 0.071181111037731185 0.60251280665397655 0.89099088311195385 0.96718469262123119 0.73669275641441356 0.25131179392337805
decision_type=2 2 2 2 2 2 2 2 2 2 2 2 2 2
left_child=1 4 3 6 8 -3 12 11 -1 -7 -8 -4 -2 -6
right_child=2 5 7 -5 13 9 10 -9 -10 -11 -12 -13 -14 -15
leaf_value=-0.36475848046344506 -0.085531522268769561 -0.25222261997389717 0.018150216047861215 -0.13750775194964002 -0.31156424502803559 -0.19804836407340276 -0.027427484342841452 0.052829112171439763 -0.34445137034606693 -0.1511817159956132 -0.0017596027557198084 0.03434338374492403 -0.060333556854530929 -0.28798059491408784
leaf_weight=15427.604079395533 932.87940259277821 2713.6814028024673 3964.5933081507683 552.3351616859436 3110.1504491865635 2428.7304662317038 1993.2776453495026 205423.55293851346 6513.5524779260159 1163.1101563721895 2923.3490995764732 5795.1366092935205 1893.2766958028078 1382.7725601196289
leaf_count=139636 13284 31324 62132 7333 31645 30601 30426 3354048 62163 15447 45853 93446 28133 15336
internal_value=0.000684199 -0.32314 0.0481245 -0.0444296 -0.34948 -0.212718 -0.0335553 0.0516923 -0.35873 -0.182872 -0.0121658 0.0277654 -0.0707664 -0.304306
internal_weight=256218 32739.6 223478 8295.12 26434.1 6305.52 7742.78 215183 21941.2 3591.84 4916.63 9759.73 2826.16 4492.92
internal_count=3960807 326152 3634655 125029 248780 77372 117696 3509626 201799 46048 76279 155578 41417 46981
is_linear=0
shrinkage=0.05


Tree=2
num_leaves=15
num_cat=0
split_feature=0 0 0 1 0 0 1 0 0 0 1 0 0 0
split_gain=1.15829e+06 25580.4 19851.2 6430.95 2377.92 2330.69 2265.61 2191.01 1035.22 606.534 382.171 384.819 265.026 239.45
threshold=0.73669275641441356 0.31192712485790258 0.93857911229133617 0.14353314787149432 0.9845232665538789 0.45610371232032781 0.16971392184495929 0.12712427228689197 0.86507299542427074 0.60251280665397655 0.07773864641785623 0.19850864261388781 0.059929303824901588 0.96718469262123119
decision_type=2 2 2 2 2 2 2 2 2 2 2 2 2 2
left_child=1 7 6 5 13 -3 8 12 -2 -7 11 -9 -1 -4
right_child=2 3 4 -5 -6 9 -8 10 -10 -11 -12 -13 -14 -15
leaf_value=-0.26704151709514029 -0.045503956445495451 -0.17089475570350904 0.017522467393900808 -0.20847947622752214 0.052616689939400857 -0.12988744990680676 -0.094301020807799493 -0.23774402113327142 -0.0064595788864765099 -0.094301020807799493 -0.24835418186048719 -0.21330233407543045 -0.2563344744468527 0.033641017031863951
leaf_weight=17688.294391587377 3003.2235046029091 2341.3932149931788 3902.896324723959 2237.2289881855249 196173.92192606628 2021.139205403626 518.11933568865061 3299.806403875351 3905.2410524562001 2031.8311446905136 1617.7742481529713 2750.5520135387778 8584.3227562308311 5624.6911998912692
leaf_count=123665 42836 22155 62132 22771 3354048 21932 6362 25792 60835 25510 13350 23437 62536 93446
internal_value=0.000970917 -0.237135 0.0485325 -0.160279 0.051432 -0.13331 -0.031777 -0.25668 -0.0234328 -0.110345 -0.233165 -0.227134 -0.263543 0.0270382
internal_weight=255700 42572.3 213128 8631.59 205702 6394.36 7426.58 33940.7 6908.46 4052.97 7668.13 6050.36 26272.6 9527.59
internal_count=3960807 341148 3619659 92368 3509626 69597 110033 248780 103671 47442 62579 49229 186201 155578
is_linear=0
shrinkage=0.05


Tree=3
num_leaves=15
num_cat=0
split_feature=0 0 0 1 0 0 0 1 0 1 0 1 0 0
split_gain=924881 19157.1 15830 3942.29 2431.44 2165.75 1451.26 882.373 870.544 517.763 343.793 322.542 287.383 286.083
threshold=0.73669275641441356 0.95619344711303722 0.3811547607183457 0.14788459241390231 0.15799529105424884 0.89099088311195385 0.98851981759071361 0.16048688441514972 0.60251280665397655 0.076393958181142821 0.25131179392337805 0.22074351459741595 0.051116930320858962 0.83119860291481029
decision_type=2 2 2 2 2 2 2 2 2 2 2 2 2 2
left_child=2 5 4 8 12 7 -3 13 -4 10 -6 -7 -1 -2
right_child=1 6 3 -5 9 11 -8 -9 -10 -11 -12 -13 -14 -15
leaf_value=-0.21499365411912297 -0.049564864320567281 0.032969768004181527 -0.11975246884651802 -0.16579870401794899 -0.18434755079628087 0.0052745441989701953 0.052569235541448135 -0.0721609401798112 -0.079620610296090619 -0.19582149244463984 -0.16579870401794899 -0.022239281063174091 -0.20566313442075473 -0.023205180077043294
leaf_weight=18206.674352899194 2052.2622473537922 9953.9518070220947 3507.0720650851727 2063.1740616187453 3580.2070281207561 4865.8526964522898 184687.11043025926 392.91176909953356 2198.3361842781305 2162.1404573619366 2811.4931655526161 210.72816468030214 15094.448153555393 2065.0709808468819
leaf_count=107830 27900 170046 32923 18395 24754 76921 3307591 4275 25550 15715 22012 2800 93969 30126
internal_value=0.00112377 0.0481683 -0.19249 -0.126941 -0.204657 -0.0208329 0.0515669 -0.0460458 -0.104289 -0.180879 -0.173431 0.00156721 -0.210764 -0.036344
internal_weight=253851 204228 49623.5 7768.58 41855 9586.83 194641 4510.24 5705.41 8553.84 6391.7 5076.58 33301.1 4117.33
internal_count=3960807 3619659 341148 76868 264280 142022 3477637 62301 58473 62481 46766 79721 201799 58026
is_linear=0
shrinkage=0.05


Tree=4
num_leaves=15
num_cat=0
split_feature=0 0 0 1 0 0 0 0 1 1 0 0 1 0
split_gain=770544 14871.7 13845.1 3668.64 1984.82 1404.61 1166.45 1088.43 595.981 378.776 312.764 277.866 226.641 170.632
threshold=0.78860366344451915 0.3811547607183457 0.96216398477554332 0.14133818447589877 0.15799529105424884 0.91064909100532543 0.98954081535339367 0.60251280665397655 0.15517078340053561 0.11817167326807977 0.25131179392337805 0.085614524781703963 0.22074351459741595 0.67446401715278637
decision_type=2 2 2 2 2 2 2 2 2 2 2 2 2 2
left_child=1 4 5 7 11 8 -4 -3 -2 10 -6 -1 -7 -9
right_child=2 3 6 -5 9 12 -8 13 -10 -11 -12 -13 -14 -15
leaf_value=-0.18018439706889 -0.023694185664777198 -0.10372468999921669 0.034547069578800237 -0.13865801153362628 -0.15597272342871482 0.011009923013588767 0.052425869456939472 -0.079872390815274863 -0.056288313010319793 -0.1651640177571706 -0.13865801153362628 -0.16975310779518291 -0.011487299714365571 -0.056406529787359397
leaf_weight=29187.808983653784 4154.3576563149691 3823.437472037971 9623.2182367220521 2478.8587622046471 4203.4410529434681 4759.83494829759 175447.83634154499 1203.7514607831836 343.91840044409037 2193.2933585494757 3214.2504316568375 8171.3648293316364 182.73734214156866 2173.4112421944737
leaf_count=155393 59327 32842 170868 19913 25892 76498 3291822 12457 3722 14113 22476 46406 2486 26592
internal_value=0.00122074 -0.16106 0.0484833 -0.104626 -0.17269 -0.0105787 0.0514962 -0.0854548 -0.0307947 -0.152425 -0.146781 -0.177903 0.00782009 -0.0647707
internal_weight=251162 56649.6 194512 9679.46 46970.2 9440.85 185071 7200.6 4498.28 9610.98 7417.69 37359.2 4942.57 3377.16
internal_count=3960807 356084 3604723 91804 264280 142033 3462690 71891 63049 62481 48368 201799 78984 39049
is_linear=0
shrinkage=0.05


Tree=5
num_leaves=15
num_cat=0
split_feature=0 0 0 1 0 1 0 0 0 1 0 0 0 0
split_gain=658887 15158.2 10059.6 2966.68 2447.11 1077.34 856.109 800.646 737.32 520.945 452.034 261.941 89.3547 80.768
threshold=0.83119860291481029 0.45610371232032781 0.97153648734092724 0.19603576511144641 0.15799529105424884 0.26869082450866705 0.92593592405319225 0.67446401715278637 0.99120783805847179 0.10240114852786066 0.25131179392337805 0.071181111037731185 0.89099088311195385 0.99692860245704662
decision_type=2 2 2 2 2 2 2 2 2 2 2 2 2 2
left_child=1 4 5 7 11 6 12 -3 -4 10 -6 -1 -2 -10
right_child=2 3 8 -5 9 -7 -8 -9 13 -11 -12 -13 -14 -15
leaf_value=-0.15758902267807878 -0.020274570624975639 -0.079830187996961677 0.037789649882591501 -0.11462916113925779 -0.13304734275379659 -0.044942853852804249 0.016764382700008903 -0.046897609344186922 0.048525877721866513 -0.14241441311022915 -0.11462916113925779 -0.14880186461372086 -0.0055424173343613312 0.052647777596350934
leaf_weight=28586.413455039263 2188.5922207385302 3997.5218172222376 9205.7860556580126 2016.177428022027 4497.1027950644493 375.7638530805707 5507.2203953787684 3428.3587274029851 12885.928573608398 3280.3704672753811 4934.3577777147293 12058.484454780817 1943.0401370227337 152941.52944564819
leaf_count=139636 30571 34959 171867 15194 25373 4603 92208 41237 253316 19886 33046 62163 30171 3006577
internal_value=0.00128267 -0.13866 0.0487743 -0.0802646 -0.148994 3.7035e-05 0.00385764 -0.064626 0.0515629 -0.129847 -0.12368 -0.154982 -0.0133463 0.0523275
internal_weight=247847 62798.8 185048 9442.06 53356.7 10014.6 9638.85 7425.88 175033 12711.8 9431.46 40644.9 4131.63 165827
internal_count=3960807 371494 3589313 91390 280104 157553 152950 76196 3431760 78305 58419 201799 60742 3259893
is_linear=0
shrinkage=0.05


Tree=6
num_leaves=15
num_cat=0
split_feature=0 0 0 1 0 0 0 0 1 0 0 1 0 0
split_gain=574109 12302.1 9973.5 3031.42 1575.61 1108.07 973.378 758.488 344.741 194.466 189.824 166.388 153.073 111.047
threshold=0.83119860291481029 0.31192712485790258 0.97153648734092724 0.15012049674987796 0.60251280665397655 0.10314369946718217 0.92593592405319225 0.99120783805847179 0.18508945405483249 0.45610371232032781 0.73669275641441356 0.12809057533741 0.19850864261388781 0.033347826451063163
decision_type=2 2 2 2 2 2 2 2 2 2 2 2 2 2
left_child=1 5 6 4 9 13 8 -4 -2 -3 -6 -8 -7 -1
right_child=2 3 7 -5 10 12 11 -9 -10 -11 -12 -13 -14 -15
leaf_value=-0.14321052934561163 -0.012337439650752936 -0.089382116793257221 0.037158165933161805 -0.10918607234905234 -0.057582128397280066 -0.12743852997015301 0.016409674374934336 0.052158051784014996 -0.037491526496278293 -0.075388878827340217 -0.037847925022280189 -0.0018813673131507253 -0.11705154923115056 -0.13751564384622583
leaf_weight=13499.606461048126 4127.1886429861188 3444.9028526693583 8901.8862225078046 3793.8027822598815 2600.0241260230541 9398.8773277550936 5357.7959054782987 158239.51313368976 290.31079136580229 2801.3705238699913 2293.4765875115991 220.22376147285104 5696.8905782550573 23394.339620500803
leaf_count=61664 60152 22244 171867 25090 25562 46772 91099 3259893 3079 21972 27846 3223 31507 108837
internal_value=0.0013218 -0.123441 0.0484578 -0.0834419 -0.0695782 -0.13493 -5.74607e-05 0.0513592 -0.0175906 -0.0862221 -0.0483331 0.0138279 -0.123519 -0.139599
internal_weight=244060 66923.3 177137 14933.6 11139.8 51989.7 9995.52 167141 4417.5 6246.27 4893.5 5578.02 15095.8 36893.9
internal_count=3960807 371494 3589313 122714 97624 248780 157553 3431760 63231 44216 53408 94322 78279 170501
is_linear=0
shrinkage=0.05


Tree=7
num_leaves=15
num_cat=0
split_feature=0 0 0 1 0 0 0 0 1 1 0 0 0 0
split_gain=506697 10522.9 9897.83 2508.08 1283.35 1087.74 1036.07 622.086 271.127 175.924 173.115 155.497 149.427 104.876
threshold=0.83119860291481029 0.31192712485790258 0.97501137852668773 0.14133818447589877 0.60251280665397655 0.10314369946718217 0.92593592405319225 0.99193000793457042 0.18508945405483249 0.12809057533741 0.45610371232032781 0.73669275641441356 0.19850864261388781 0.037982156500220306
decision_type=2 2 2 2 2 2 2 2 2 2 2 2 2 2
left_child=1 5 6 4 10 13 8 -4 -2 -8 -3 -6 -7 -1
right_child=2 3 7 -5 11 12 9 -9 -10 -11 -12 -13 -14 -15
leaf_value=-0.12925738473344148 -0.011595065665125394 -0.080850430564167033 0.038217696361939058 -0.098652239908929532 -0.052330569511047267 -0.11465731329626366 0.017233433970732927 0.052033482461706575 -0.031673359587207177 -0.00094212210045423054 -0.067817838587387769 -0.034775927785960024 -0.1046810686219897 -0.12402599329501317
leaf_weight=17520.615344405174 4170.7041354030371 3615.5829993486404 8615.1264815889299 4092.0948291048408 2708.9901083558798 9909.8960891366005 6046.1173634640872 150198.9981764257 298.9482393860817 235.00633417442441 2942.8767985850573 2360.8053038343787 6041.9140311330557 21139.768121153116
leaf_count=76463 60152 22134 173590 25371 25498 46772 105937 3243052 3079 3503 21917 27794 31507 94038
internal_value=0.00134144 -0.111488 0.048141 -0.0754404 -0.0630486 -0.121864 0.00171121 0.051284 -0.0166892 0.0148049 -0.0776529 -0.0441561 -0.110879 -0.126397
internal_weight=239897 70332.5 169565 15720.4 11628.3 54612.2 10750.8 158814 4469.65 6281.12 6558.46 5069.8 15951.8 38660.4
internal_count=3960807 371494 3589313 122714 97343 248780 172671 3416642 63231 109440 44051 53292 78279 170501
is_linear=0
shrinkage=0.05


Tree=8
num_leaves=15
num_cat=0
split_feature=0 0 0 1 0 0 0 0 1 0 0 1 0 0
split_gain=451429 9837.7 9332.47 2112.54 1569.32 960.545 701.478 641.021 293.789 266.238 123.984 117.315 105.574 90.7079
threshold=0.83119860291481029 0.97501137852668773 0.25131179392337805 0.14133818447589877 0.52759104967117321 0.93857911229133617 0.10314369946718217 0.99193000793457042 0.13462939113378528 0.67446401715278637 0.89099088311195385 0.16048688441514972 0.051116930320858962 0.45610371232032781
decision_type=2 2 2 2 2 2 2 2 2 2 2 2 2 2
left_child=2 5 6 4 13 8 12 -3 10 -6 -2 -7 -1 -4
right_child=1 7 3 -5 9 11 -8 -9 -10 -11 -12 -13 -14 -15
leaf_value=-0.11780549985162565 -0.017025571100827894 0.037606502902851967 -0.077126576423882265 -0.092306845998687798 -0.055559966921477126 0.019020442630836187 -0.10275503026018395 0.051878418439291855 -0.026980859426736493 -0.035633532561072899 -0.0013290337600303642 0.0020071396191924415 -0.11246489406882693 -0.064930193647576392
leaf_weight=25502.833142250776 2220.8113145381212 8324.798751603812 6020.7104488909245 5081.090877443552 3018.3021278381348 5027.5701803676784 13687.096385523677 143289.99325216934 410.05606303364038 3770.1552740111947 2901.9439472556114 148.35040256753564 14523.696221604943 1537.0009195804596
leaf_count=107830 29997 173590 33759 29082 23934 90639 62943 3243052 4398 40835 45292 2345 62671 10440
internal_value=0.00135143 0.0478235 -0.101785 -0.0720873 -0.0619463 0.0015078 -0.112526 0.0510948 -0.0129759 -0.0444933 -0.00813378 0.0169902 -0.115868 -0.0771266
internal_weight=235464 162324 73140.9 19427.3 14346.2 10708.7 53713.6 151615 5532.81 6788.46 5122.76 5175.92 40026.5 7557.71
internal_count=3960807 3589313 371494 138050 108968 172671 233444 3416642 79687 64769 75289 92984 170501 44199
is_linear=0
shrinkage=0.05


Tree=9
num_leaves=15
num_cat=0
split_feature=0 0 0 1 0 0 0 0 1 0 0 0 1 0
split_gain=405520 10324.3 7462.19 2042.23 1543.95 898.154 660.46 580.975 186.123 165.219 152.288 113.355 100.124 99.0987
threshold=0.86507299542427074 0.3811547607183457 0.97501137852668773 0.19603576511144641 0.12712427228689197 0.67446401715278637 0.99193000793457042 0.93857911229133617 0.26869082450866705 0.051116930320858962 0.25131179392337805 0.52759104967117321 0.16048688441514972 0.78860366344451915
decision_type=2 2 2 2 2 2 2 2 2 2 2 2 2 2
left_child=1 4 7 5 9 11 -4 8 -2 -1 -6 -3 -9 -7
right_child=2 3 6 -5 10 13 -8 12 -10 -11 -12 -13 -14 -15
leaf_value=-0.10918397371825564 -0.0046585612662168319 -0.062230789313186735 0.036989475222737912 -0.078908734366978275 -0.092392934177905284 -0.036412784696157129 0.051729008647886182 0.018383466211518935 -0.022238596561001037 -0.10301692498418549 -0.082441205231650119 -0.050591061842168897 0.0038537117020822813 -0.022461604072500176
leaf_weight=26123.347611457109 4080.7712344825268 3551.4820972532034 8047.5642604380846 3580.8537678420544 10504.33966602385 2651.8757932186127 136685.43067443743 4943.854539681226 216.1194721981883 18588.080746397376 6063.1086251288652 3197.5184914022684 148.09362322464585 2447.7947792112827
leaf_count=107830 61523 21892 173590 20693 47243 26885 3243052 90639 2293 78371 30836 24310 2345 29305
internal_value=0.00135327 -0.0925845 0.0481073 -0.0560285 -0.101789 -0.0455528 0.0509094 0.00491075 -0.0086289 -0.10662 -0.0887509 -0.0575192 0.0163363 -0.0297163
internal_weight=230830 76708.4 154122 15429.5 61278.9 11848.7 144733 9388.84 4296.89 44711.4 16567.4 6749 5091.95 5099.67
internal_count=3960807 387365 3573442 123085 264280 102392 3416642 156800 63816 186201 78079 46202 92984 56190
is_linear=0
shrinkage=0.05


Tree=10
num_leaves=15
num_cat=0
split_feature=0 0 0 1 0 0 0 0 0 0 1 1 0 0
split_gain=366292 9421.77 7455.61 1909.35 1110.46 1091.3 640.35 550.145 194.694 171.997 152.544 113.826 85.7891 85.1208
threshold=0.86507299542427074 0.31192712485790258 0.97802400588989269 0.16048688441514972 0.12712427228689197 0.67446401715278637 0.93857911229133617 0.99193000793457042 0.45610371232032781 0.059929303824901588 0.17885055392980578 0.12809057533741 0.99692860245704662 0.78860366344451915
decision_type=2 2 2 2 2 2 2 2 2 2 2 2 2 2
left_child=1 4 6 5 9 8 10 -4 -3 -1 -2 -8 -9 -7
right_child=2 3 7 -5 -6 13 11 12 -10 -11 -12 -13 -14 -15
leaf_value=-0.10158794240769589 -0.0042989739779060801 -0.060604917106898241 0.037258325275313663 -0.075426213598691394 -0.083327004971678595 -0.033609460741780312 0.019234810321494475 0.047020068785710863 -0.049038410701089143 -0.095061114348991033 -0.019018522279404922 0.0044374989805432931 0.051945184369425051 -0.020782545939525408
leaf_weight=30422.12964938581 4044.1427882090211 4148.2669929116964 7064.0709127113223 4753.20622908324 14015.004983410239 2704.0058019980788 5553.7165570184588 9539.8302569054067 4944.1988673955202 15105.922304421663 272.86730822920799 176.78845101594925 120833.70267080143 2479.3131408244371
leaf_count=123665 60906 22369 158158 25757 62579 26715 105507 236475 34574 62536 2910 2909 3006577 29170
internal_value=0.00135367 -0.0858459 0.0478089 -0.0552185 -0.0956339 -0.0457836 0.0062311 0.0508484 -0.0562213 -0.0994224 -0.00831191 0.0171869 0.0515848 -0.027474
internal_weight=226057 78572 147485 19029 59543.1 14275.8 10047.5 137438 9092.47 45528.1 4317.01 5730.51 130374 5183.32
internal_count=3960807 387365 3573442 138585 248780 112828 172232 3401210 56943 186201 63816 108416 3243052 55885
is_linear=0
shrinkage=0.05


Tree=11
num_leaves=15
num_cat=0
split_feature=0 0 0 1 0 0 0 0 1 0 0 0 0 1
split_gain=332591 10148.9 5779.77 1793.89 1585.51 858.569 530.368 364.932 196.23 178.509 153.29 116.723 87.7185 67.1328
threshold=0.89099088311195385 0.3811547607183457 0.982647866010666 0.19603576511144641 0.12712427228689197 0.67446401715278637 0.95619344711303722 0.99401089549064647 0.26869082450866705 0.051116930320858962 0.19850864261388781 0.78860366344451915 0.52759104967117321 0.16048688441514972
decision_type=2 2 2 2 2 2 2 2 2 2 2 2 2 2
left_child=1 4 6 5 9 12 8 -4 -2 -1 -6 -7 -3 -8
right_child=2 3 7 -5 10 11 13 -9 -10 -11 -12 -13 -14 -15
leaf_value=-0.095943326225972597 0.0033438705568821082 -0.051821920595341624 0.0404689126628614 -0.066995343356705761 -0.081140866235099793 -0.031069628068241331 0.024295980123545221 0.05157546091119191 -0.015538371767478805 -0.089633147228562998 -0.07166726042900215 -0.01749693144148479 -0.042468002249405161 0.011423407952310515
leaf_weight=26815.889037460089 4718.2850238643587 3797.7356109023094 7873.6263599731028 3955.6116338372231 7354.1735200434923 2799.2419529333711 5137.5035235844553 121907.09950662777 216.00018517673016 19255.642300724983 10181.571931034327 3648.8217202872038 3419.7866888642311 102.06586920842528
leaf_count=107830 77229 21892 190307 21442 31072 26885 105451 3180010 2492 78371 47007 44640 24310 1869
internal_value=0.0013467 -0.0791335 0.0480567 -0.0455549 -0.0884358 -0.0366485 0.0117661 0.0509016 2.21751e-06 -0.093306 -0.0756403 -0.0233891 -0.0484943 0.0228446
internal_weight=221183 81228.5 139955 17621.2 63607.3 13665.6 10173.9 129781 4934.29 46071.5 17535.7 6448.06 7217.52 5239.57
internal_count=3960807 403449 3557358 139169 264280 117727 187041 3370317 79721 186201 78079 71525 46202 107320
is_linear=0
shrinkage=0.05


Tree=12
num_leaves=15
num_cat=0
split_feature=0 0 0 0 0 1 0 1 0 0 1 0 0 0
split_gain=303169 9535.9 5813.08 1895.93 795.131 680.635 581.103 423.737 296.015 284.541 168.349 115.607 107.639 80.0769
threshold=0.89099088311195385 0.25131179392337805 0.9845232665538789 0.67446401715278637 0.085614524781703963 0.14133818447589877 0.95619344711303722 0.25842814147472387 0.99657732248306286 0.45610371232032781 0.26869082450866705 0.15799529105424884 0.83119860291481029 0.033347826451063163
decision_type=2 2 2 2 2 2 2 2 2 2 2 2 2 2
left_child=1 4 6 5 13 9 10 12 -4 -3 -2 -6 -5 -1
right_child=2 3 8 7 11 -7 -8 -9 -10 -11 -12 -13 -14 -15
leaf_value=-0.092175196539588375 0.0031861556223215094 -0.057067869889399207 0.043434859980902601 -0.026647529536761191 -0.080031514856364394 -0.066724997822266749 0.023202336440146253 -0.042249145319203527 0.051664310800978691 -0.042249145319203527 -0.013181161827330709 -0.072027294160287747 -0.013397003563062707 -0.087532147450194581
leaf_weight=15409.901491641998 4704.6049567013979 6896.8520195186138 12120.372298207134 4270.3281311094761 11385.634670913219 5118.3895502984524 5833.9855525121093 844.20681079477072 111006.01874481142 5214.5380437374115 218.70732274651527 7471.3712122291327 2390.6859308555722 23368.479866176844
leaf_count=61664 77229 33759 316235 41609 46406 24575 123589 5150 3037813 34374 2492 31645 30538 93729
internal_value=0.00133896 -0.074137 0.0477747 -0.0481681 -0.0852819 -0.0573043 0.0125268 -0.027194 0.0508542 -0.0503925 -0.000123479 -0.0768601 -0.0218918 -0.0893772
internal_weight=216254 82370.4 133884 24735 57635.4 17229.8 10757.3 7505.22 123126 12111.4 4923.31 18857 6661.01 38778.4
internal_count=3960807 403449 3557358 170005 233444 92708 203310 77297 3354048 68133 79721 78051 72147 155393
is_linear=0
shrinkage=0.05


Tree=13
num_leaves=15
num_cat=0
split_feature=0 0 0 0 0 1 1 0 0 0 1 0 0 0
split_gain=277321 10021.6 4602.19 2018.53 818.811 615.333 460.661 374.675 307.237 256.88 158.431 143.028 116.62 81.3211
threshold=0.91064909100532543 0.25131179392337805 0.9845232665538789 0.67446401715278637 0.085614524781703963 0.14133818447589877 0.2275425270199776 0.96216398477554332 0.99657732248306286 0.45610371232032781 0.27431099116802221 0.83119860291481029 0.15799529105424884 0.037982156500220306
decision_type=2 2 2 2 2 2 2 2 2 2 2 2 2 2
left_child=1 4 7 5 13 9 11 10 -4 -3 -2 -5 -6 -1
right_child=2 3 8 6 12 -7 -8 -9 -10 -11 -12 -13 -14 -15
leaf_value=-0.087121133235195117 0.0073670491884370156 -0.052936689288005982 0.042992937188022683 -0.024698903290814599 -0.075323371838476136 -0.062037238098042638 -0.038458340084205192 0.024190266510947252 0.051549718693642901 -0.038458340084205192 -0.010502147874312707 -0.01101487508602343 -0.067336360164004447 -0.082544084013638608
leaf_weight=19103.540305972099 4439.9435977116227 7058.9349766522646 11644.79425612092 4327.4398807287216 11489.521882921457 5251.6377221345901 969.51372940838337 4933.4771019369364 105821.00414060056 5351.8671442270279 177.29831134527922 3417.6481192260981 7589.0441059470177 19724.265151619911
leaf_count=76463 76823 33759 316235 41440 46406 24575 6041 108642 3037813 34374 2161 45500 31645 78930
internal_value=0.00132677 -0.0689919 0.0479876 -0.0434462 -0.0806283 -0.0531619 -0.0237548 0.0146096 0.0507015 -0.0466731 0.00437283 -0.0186606 -0.0721463 -0.084796
internal_weight=211300 84283.4 127017 26377 57906.4 17662.4 8714.6 9550.72 117466 12410.8 4617.24 7745.09 19078.6 38827.8
internal_count=3960807 419133 3541674 185689 233444 92708 92981 187626 3354048 68133 78984 86940 78051 155393
is_linear=0
shrinkage=0.05


Tree=14
num_leaves=15
num_cat=0
split_feature=0 0 0 0 0 1 1 0 0 0 1 0 0 0
split_gain=254451 9499.19 4635.24 1762 843.148 570.885 433.821 355.619 318.894 207.048 138.637 125.881 117.54 82.6635
threshold=0.91064909100532543 0.25131179392337805 0.9845232665538789 0.60251280665397655 0.085614524781703963 0.23099709302186969 0.14133818447589877 0.96216398477554332 0.99676436185836803 0.78860366344451915 0.22074351459741595 0.45610371232032781 0.15799529105424884 0.037982156500220306
decision_type=2 2 2 2 2 2 2 2 2 2 2 2 2 2
left_child=1 4 7 6 13 9 11 10 -4 -5 -2 -3 -6 -1
right_child=2 3 8 5 12 -7 -8 -9 -10 -11 -12 -13 -14 -15
leaf_value=-0.083111739264476153 0.0070954331679286345 -0.049250590621632839 0.042749446737873599 -0.027241683411017577 -0.071142028193836637 -0.038433458115788133 -0.058535417653693744 0.023502979700030263 0.051463073158815931 -0.012638304721332953 -0.008698097669596486 -0.038433458115788133 -0.063162304433502556 -0.078491202986532504
leaf_weight=19025.587351098657 4386.6300424858928 7203.96784517169 11727.226737610996 4856.1033822223544 11554.705812007189 1536.5157285183668 4761.3316885977983 4826.6158485934138 100333.84333662689 4852.6493095085025 203.5635128878057 3689.2070724666119 7683.449359446764 19705.780316516757
leaf_count=76463 76498 33759 332253 39815 46406 8703 21585 108642 3021795 59910 2486 21917 31645 78930
internal_value=0.00131117 -0.0651161 0.0477199 -0.0405598 -0.0765111 -0.0254613 -0.0514056 0.0140274 0.0505512 -0.0199426 0.00406382 -0.0453971 -0.067955 -0.0807609
internal_weight=206347 84869.3 121478 26899.8 57969.5 11245.3 15654.5 9416.81 112061 9708.75 4590.19 10893.2 19238.2 38731.4
internal_count=3960807 419133 3541674 185689 233444 108428 77261 187626 3354048 99725 78984 55676 78051 155393
is_linear=0
shrinkage=0.05


Tree=15
num_leaves=15
num_cat=0
split_feature=0 0 0 0 0 1 1 0 0 0 0 1 0 0
split_gain=234005 9038.58 4666.04 1536.88 867.507 521.765 413.589 337.2 331.037 179.473 120.849 120.476 118.299 84.4157
threshold=0.91064909100532543 0.25131179392337805 0.9845232665538789 0.60251280665397655 0.085614524781703963 0.23099709302186969 0.14133818447589877 0.96216398477554332 0.99692860245704662 0.78860366344451915 0.3811547607183457 0.22074351459741595 0.15799529105424884 0.037982156500220306
decision_type=2 2 2 2 2 2 2 2 2 2 2 2 2 2
left_child=1 4 7 6 13 9 10 11 -4 -5 -3 -2 -6 -1
right_child=2 3 8 5 12 -7 -8 -9 -10 -11 -12 -13 -14 -15
leaf_value=-0.07955851250880433 0.0067838614464368818 -0.047899118796891162 0.042487751534541617 -0.025376402670845868 -0.067393426553371591 -0.035970692259734524 -0.05539704101061782 0.02282181994015459 0.05138106963102871 -0.011879850487247838 -0.037437597265361042 -0.0070916154108890518 -0.05941541082856297 -0.07487578643061131
leaf_weight=18884.933757916093 4359.4086574465036 5138.5068473815918 11756.767484873533 4949.8833369761705 11586.570279330015 1566.4163750112057 4851.5355160236359 4724.7718356736004 95144.909966822714 4903.0006125941873 5965.1479727774858 205.00772589445114 7757.5561294704676 19626.242188543081
leaf_count=76463 76498 22834 347471 39815 46406 8703 21585 108642 3006577 59910 32842 2486 31645 78930
internal_value=0.00129207 -0.0616326 0.0474494 -0.0379613 -0.0728328 -0.0239574 -0.047984 0.0134586 0.050403 -0.0186602 -0.0422789 0.00376634 -0.064194 -0.0771721
internal_weight=201421 85229.8 116191 27374.5 57855.3 11419.3 15955.2 9289.19 106902 9852.88 11103.7 4564.42 19344.1 38511.2
internal_count=3960807 419133 3541674 185689 233444 108428 77261 187626 3354048 99725 55676 78984 78051 155393
is_linear=0
shrinkage=0.05


Tree=16
num_leaves=15
num_cat=0
split_feature=0 0 0 1 0 0 0 0 0 0 1 0 0 0
split_gain=215606 8631.49 4694.61 1377 1016.78 891.432 343.647 319.493 160.448 118.846 104.131 97.1498 86.4782 72.0225
threshold=0.91064909100532543 0.25131179392337805 0.9845232665538789 0.14133818447589877 0.60251280665397655 0.085614524781703963 0.99657732248306286 0.96216398477554332 0.83119860291481029 0.15799529105424884 0.13672156631946566 0.45610371232032781 0.037982156500220306 0.99120783805847179
decision_type=2 2 2 2 2 2 2 2 2 2 2 2 2 2
left_child=1 5 7 4 11 12 13 10 -6 -7 -2 -3 -1 -4
right_child=2 3 6 -5 8 9 -8 -9 -10 -11 -12 -13 -14 -15
leaf_value=-0.076382609481806321 0.0065578472818035617 -0.040905571236134933 0.035533571891438652 -0.052557285921038546 -0.022196804087125294 -0.064004582900176368 0.051231421474503748 0.022147404588594308 -0.0088075727684140091 -0.056025917198891287 -0.0056485037071681843 -0.032591227161403717 -0.071622737865688041 0.044478852942626226
leaf_weight=18691.434493213892 4285.1552636176348 7444.771812081337 3309.7626114711165 6737.5783295184374 6310.0072523802519 11589.839800655842 91638.697317214683 4627.7223733849823 3466.8200897425413 7813.979960039258 254.55271539837122 3848.3264222741127 19494.966166049242 7028.9329694435
leaf_count=76463 75738 33759 94155 31785 53292 46406 3037813 108642 44936 31645 3246 21917 78930 222080
internal_value=0.00127144 -0.0584725 0.0471755 -0.0355963 -0.0292539 -0.0695183 0.0502565 0.0129024 -0.017449 -0.0607915 0.00347814 -0.0394737 -0.0739526 0.0416152
internal_weight=196543 85397.7 111145 27807.5 21069.9 57590.2 101977 9167.43 9776.83 19403.8 4539.71 11293.1 38186.4 10338.7
internal_count=3960807 419133 3541674 185689 153904 233444 3354048 187626 98228 78051 78984 55676 155393 316235
is_linear=0
shrinkage=0.05


Tree=17
num_leaves=15
num_cat=0
split_feature=0 0 0 0 0 1 1 0 0 0 0 0 1 0
split_gain=198953 9013.6 3786.88 1479.08 914.549 457.691 367.16 360.289 216.893 172.882 128.568 119.913 118.124 88.7738
threshold=0.92593592405319225 0.25131179392337805 0.98851981759071361 0.67446401715278637 0.085614524781703963 0.14133818447589877 0.25842814147472387 0.97153648734092724 0.99692860245704662 0.45610371232032781 0.83119860291481029 0.12712427228689197 0.12809057533741 0.037982156500220306
decision_type=2 2 2 2 2 2 2 2 2 2 2 2 2 2
left_child=1 4 7 5 13 9 10 12 -4 -3 -5 -6 -2 -1
right_child=2 3 8 6 11 -7 -8 -9 -10 -11 -12 -13 -14 -15
leaf_value=-0.073521955366957478 0.010696047395118214 -0.040434059445619557 0.043129459966186993 -0.018724472727786233 -0.062554839865169312 -0.049443366507715025 -0.028862110537489369 0.027378169580574874 0.051184831723058211 -0.028948979698228513 -0.0068956794729548316 -0.054517877834431419 -0.003784841937054795 -0.068672854454026697
leaf_weight=18453.720748066902 4688.8754204846919 7543.8858446776867 9250.8328625112772 4664.9662692323327 7669.2644422650337 5641.9096840023994 1063.742689371109 4736.1380910240114 86416.611171187833 5792.4480764865875 4525.8038728013635 11754.429773509502 222.57224849611521 19320.117821231484
leaf_count=76463 91099 33759 301014 41609 30808 24575 6275 124169 3006577 34374 60689 47243 3223 78930
internal_value=0.00125579 -0.0549647 0.047395 -0.0323787 -0.0665081 -0.0406459 -0.0170783 0.0175385 0.0504059 -0.0354457 -0.0128996 -0.0576912 0.00805013 -0.0710418
internal_weight=191745 86430.3 105315 29232.8 57197.5 18978.2 10254.5 9647.59 95667.4 13336.3 9190.77 19423.7 4911.45 37773.8
internal_count=3960807 434725 3526082 201281 233444 92708 108573 218491 3307591 68133 102298 78051 94322 155393
is_linear=0
shrinkage=0.05


Tree=18
num_leaves=15
num_cat=0
split_feature=0 0 0 0 0 1 0 1 0 0 0 0 1 0
split_gain=183908 8631.69 3827.65 1297.78 936.683 426.649 344.826 338.582 225.414 157.391 123.367 111.271 103.966 92.2354
threshold=0.92593592405319225 0.25131179392337805 0.98851981759071361 0.67446401715278637 0.085614524781703963 0.14133818447589877 0.97153648734092724 0.22467421740293506 0.99692860245704662 0.45610371232032781 0.15799529105424884 0.83119860291481029 0.12809057533741 0.043910730630159385
decision_type=2 2 2 2 2 2 2 2 2 2 2 2 2 2
left_child=1 4 6 5 13 9 12 11 -4 -3 -6 -5 -2 -1
right_child=2 3 8 7 10 -7 -8 -9 -10 -11 -12 -13 -14 -15
leaf_value=-0.070471634610307005 0.010261055095462233 -0.037928598384512457 0.042708808296824316 -0.017475067173394386 -0.058143649298033055 -0.047099224989832211 0.02669106276646965 -0.027152186327213397 0.051091810070746993 -0.027152186327213397 -0.050027004510944433 -0.0064868429168967777 -0.002598189708663354 -0.065418745653448115
leaf_weight=21935.849083408713 4644.4258750788867 7637.5868528783321 8884.1649655643851 4691.8998058289289 11526.344579041004 5715.2059330493212 4618.1934864893556 1142.6258149966598 82347.91918987222 5886.9356443285942 7883.3943740725517 4526.749721005559 223.28280878439546 15352.356009230018
leaf_count=92139 91099 33759 301014 41417 46406 24575 124169 6681 3006577 34374 31645 60475 3223 63254
internal_value=0.00123605 -0.0523288 0.0471324 -0.0304439 -0.0637546 -0.0381268 0.0169039 -0.0161776 0.0502755 -0.0331927 -0.054847 -0.0120794 0.00761842 -0.0683913
internal_weight=187017 86298.9 100718 29601 56697.9 19239.7 9485.9 10361.3 91232.1 13524.5 19409.7 9218.65 4867.71 37288.2
internal_count=3960807 434725 3526082 201281 233444 92708 218491 108573 3307591 68133 78051 101892 94322 155393
is_linear=0
shrinkage=0.05


Tree=19
num_leaves=15
num_cat=0
split_feature=0 0 0 0 0 1 1 0 0 0 0 0 1 0
split_gain=170236 8910.53 3071.29 1673.53 614.634 483.101 323.484 267.623 213.951 197.34 176.023 95.7728 88.4859 59.7526
threshold=0.93857911229133617 0.19850864261388781 0.98954081535339367 0.60251280665397655 0.085614524781703963 0.27891728281974798 0.12051381543278696 0.97501137852668773 0.83119860291481029 0.99692860245704662 0.3811547607183457 0.051116930320858962 0.16048688441514972 0.12712427228689197
decision_type=2 2 2 2 2 2 2 2 2 2 2 2 2 2
left_child=1 4 7 6 11 8 10 12 -5 -4 -3 -1 -2 -6
right_child=2 3 9 5 13 -7 -8 -9 -10 -11 -12 -13 -14 -15
leaf_value=-0.067677729852182331 0.012857732010694399 -0.039406346359058611 0.0427764259658149 -0.018074623036779567 -0.057200965379168814 -0.027630855251545162 -0.04613522987718887 0.028063344049913432 -0.004847044117461276 0.051001864261634222 -0.028387560948092694 -0.062163812986962746 -0.00098866284895657297 -0.050958466904487423
leaf_weight=25309.821781858802 4309.3864427804947 8484.2558318376541 8038.8670913446695 6848.7418471202254 7582.0763001441956 1681.1837884187698 6090.9056017547846 4389.1372191347182 5521.5969142466784 78466.430228332058 6327.5978147536516 11432.432680413127 144.39109000563622 7753.2901749759912
leaf_count=107830 90639 35284 285245 54610 30808 9173 25543 124820 76693 3006577 32605 47563 2345 31072
internal_value=0.00121636 -0.0493457 0.0473683 -0.0298177 -0.0624528 -0.016474 -0.0387877 0.0193012 -0.0121704 0.0502375 -0.0346991 -0.0659621 0.0106663 -0.0540449
internal_weight=182380 87031.9 95348.2 34954.3 52077.6 14051.5 20902.8 8842.91 12370.3 86505.3 14811.9 36742.3 4453.78 15335.4
internal_count=3960807 451181 3509626 233908 217273 140476 93432 217804 131303 3291822 67889 155393 92984 61880
is_linear=0
shrinkage=0.05


Tree=20
num_leaves=15
num_cat=0
split_feature=0 0 0 0 0 1 1 0 0 0 0 0 1 0
split_gain=157799 8561.64 3111.06 1487.54 630.867 373.254 351.537 257.341 239.718 205.114 130.238 100.091 78.377 68.261
threshold=0.93857911229133617 0.19850864261388781 0.98954081535339367 0.67446401715278637 0.071181111037731185 0.12051381543278696 0.25842814147472387 0.97501137852668773 0.3811547607183457 0.99692860245704662 0.86507299542427074 0.12712427228689197 0.16048688441514972 0.033347826451063163
decision_type=2 2 2 2 2 2 2 2 2 2 2 2 2 2
left_child=1 4 7 5 13 8 10 12 -3 -4 -5 -6 -2 -1
right_child=2 3 9 6 11 -7 -8 -9 -10 -11 -12 -13 -14 -15
leaf_value=-0.066976531775746431 0.012360669659770734 -0.037193108779297789 0.04235479148194559 -0.014217505258082748 -0.055901168226701409 -0.044131736771675645 -0.024361655977666603 0.027381830980690577 -0.025282331793002863 0.050914738221891943 -0.0028058704155075696 -0.048517160137443886 3.9368213048757155e-06 -0.062348591838762894
leaf_weight=14147.621444225311 4259.8375665508211 8538.2139501869678 7721.0237348731607 6182.4015899151564 11281.324671790004 6822.5627518892288 1168.170736990869 4276.3616430405527 8361.0884885340929 74764.091219006106 4197.9199759289622 7736.6457787305117 144.51450994238257 18240.749985963106
leaf_count=61664 90639 35284 285245 56680 46565 28618 6874 124820 44977 3006577 61475 31072 2345 77972
internal_value=0.00119317 -0.0471092 0.0471171 -0.0281378 -0.0601257 -0.0353023 -0.013421 0.0186451 -0.0313001 0.0501135 -0.00960251 -0.0528973 0.0101622 -0.0643701
internal_weight=177843 86676.7 91165.8 35270.4 51406.3 23721.9 11548.5 8680.71 16899.3 82485.1 10380.3 19018 4404.35 32388.4
internal_count=3960807 451181 3509626 233908 217273 108879 125029 217804 80261 3291822 118155 77637 92984 139636
is_linear=0
shrinkage=0.05


Tree=21
num_leaves=15
num_cat=0
split_feature=0 0 0 0 0 1 0 1 0 0 0 0 1 0
split_gain=146368 8244.42 3149.19 1352.31 647.257 499.861 247.144 237.216 234.084 213.14 102.691 96.0549 68.8093 59.0778
threshold=0.93857911229133617 0.19850864261388781 0.98954081535339367 0.52759104967117321 0.085614524781703963 0.25842814147472387 0.97501137852668773 0.12051381543278696 0.78860366344451915 0.99692860245704662 0.043910730630159385 0.31192712485790258 0.16048688441514972 0.12712427228689197
decision_type=2 2 2 2 2 2 2 2 2 2 2 2 2 2
left_child=1 4 6 7 10 8 12 11 -5 -4 -1 -3 -2 -6
right_child=2 3 9 5 13 -7 -8 -9 -10 -11 -12 -13 -14 -15
leaf_value=-0.063916730431171465 0.011877553337579652 -0.03696467125933272 0.041924414341404738 -0.018364844288690625 -0.052487438577775186 -0.026321910921917838 0.026700983159728242 -0.042257699697942193 -0.0057461902023165654 0.050830184848489814 -0.058459944691199986 -0.028339349339758013 0.00092539690150441061 -0.046244835767837847
leaf_weight=20779.406688854098 4212.678996142 5967.9680604785681 7417.9720442984253 7627.4869021251798 7452.6319645643234 2634.9787374585867 4168.9003731999546 5207.4001405239105 7092.9154002889991 71233.129103636369 14736.202886328101 7030.0894550532103 144.51401910930872 7711.5782371163368
leaf_count=92139 90639 24189 285245 51929 30808 13145 124820 21347 90991 3006577 63254 32307 2345 31072
internal_value=0.00117347 -0.0450106 0.0468613 -0.0265551 -0.0579603 -0.0165687 0.0179981 -0.0360751 -0.0122846 0.0499902 -0.0616526 -0.0322996 0.00967132 -0.0493128
internal_weight=173418 86240.7 87177.2 35560.8 50679.8 17355.4 8526.09 18205.5 14720.4 78651.1 35515.6 12998.1 4357.19 15164.2
internal_count=3960807 451181 3509626 233908 217273 156065 217804 77843 142920 3291822 155393 56496 92984 61880
is_linear=0
shrinkage=0.05


Tree=22
num_leaves=15
num_cat=0
split_feature=0 0 0 0 0 1 0 1 0 0 0 0 0 1
split_gain=135914 7921.63 3185.55 1211.19 660.124 463.694 237.062 226.093 221.417 206.896 100.433 90.5796 71.784 59.8135
threshold=0.93857911229133617 0.19850864261388781 0.98954081535339367 0.52759104967117321 0.071181111037731185 0.25842814147472387 0.97501137852668773 0.12051381543278696 0.99692860245704662 0.83119860291481029 0.12712427228689197 0.31192712485790258 0.033347826451063163 0.16048688441514972
decision_type=2 2 2 2 2 2 2 2 2 2 2 2 2 2
left_child=1 4 6 7 12 9 13 11 -4 -5 -6 -3 -1 -2
right_child=2 3 8 5 10 -7 -8 -9 -10 -11 -12 -13 -14 -15
leaf_value=-0.063122897673265135 0.011408381913243556 -0.035011578334796109 0.041485015833973432 -0.016154500472463529 -0.051567644858031371 -0.024909309597534637 0.026021458102504464 -0.040527289099387867 0.050747967118567952 -0.0039657649856170733 -0.04412120133668726 -0.026660534472627465 -0.058284945944999424 0.0017702055425875248
leaf_weight=13573.53008556366 4167.7994568794966 5985.3654299974442 7129.0591805614531 9262.1627208217978 11034.71743875742 2660.6124080196023 4066.5149765200913 5232.8969216942787 67866.067633826286 5578.4664374738932 7679.4210563898087 7097.3408274948597 17620.970653384924 144.39849556609988
leaf_count=61664 90639 24189 285245 66374 46565 13145 124820 21347 3006577 76546 31072 32307 77972 2345
internal_value=0.00114675 -0.0430602 0.0466007 -0.0251184 -0.0559362 -0.0157123 0.0173608 -0.0341063 0.0498674 -0.0115729 -0.048512 -0.0304812 -0.0603901 0.0091936
internal_weight=169099 85725.5 83373.8 35816.8 49908.6 17501.2 8378.71 18315.6 74995.1 14840.6 18714.1 13082.7 31194.5 4312.2
internal_count=3960807 451181 3509626 233908 217273 156065 217804 77843 3291822 142920 77637 56496 139636 92984
is_linear=0
shrinkage=0.05


Tree=23
num_leaves=15
num_cat=0
split_feature=0 0 0 0 0 1 0 0 1 0 0 0 0 1
split_gain=126286 7613.18 3220.03 1085.42 674.497 430.742 229.941 227.118 214.12 187.205 108.882 85.315 57.9005 51.2772
threshold=0.93857911229133617 0.19850864261388781 0.98954081535339367 0.52759104967117321 0.085614524781703963 0.25842814147472387 0.99692860245704662 0.97501137852668773 0.12051381543278696 0.78860366344451915 0.043910730630159385 0.31192712485790258 0.12712427228689197 0.16048688441514972
decision_type=2 2 2 2 2 2 2 2 2 2 2 2 2 2
left_child=1 4 7 8 10 9 -4 13 11 -5 -1 -3 -6 -2
right_child=2 3 6 5 12 -7 -8 -9 -10 -11 -12 -13 -14 -15
leaf_value=-0.060297083849547455 0.010953128674215294 -0.033187936617181411 0.041036339983606854 -0.016272229264251786 -0.048357017701196874 -0.023589789975097985 0.050667867772298529 0.025343941718921344 -0.038904718884537115 -0.0050738806160866706 -0.05457306517070544 -0.025103884829335767 -0.042129313176713652 0.0025552278983161565
leaf_weight=19909.88600024581 4125.0917786248028 5998.1884600669146 6853.6586842723191 7790.7006343752146 7295.5071471333504 2684.4151190593839 64655.693769924343 3968.9765385277569 5253.2135116904974 7163.8773554712534 14257.056459322572 7158.9211581349373 7641.3469726890326 144.17772576212883
leaf_count=92139 90639 24189 285245 51929 30808 13145 3006577 124820 21347 90991 63254 32307 31072 2345
internal_value=0.00112012 -0.0412241 0.0463346 -0.0237755 -0.054034 -0.0149118 0.0497448 0.0167337 -0.0322678 -0.0109077 -0.0579086 -0.0287893 -0.0451711 0.00872905
internal_weight=164901 85153.1 79747.6 36049.3 49103.8 17639 71509.4 8238.25 18410.3 14954.6 34166.9 13157.1 14936.9 4269.27
internal_count=3960807 451181 3509626 233908 217273 156065 3291822 217804 77843 142920 155393 56496 61880 92984
is_linear=0
shrinkage=0.05


Tree=24
num_leaves=15
num_cat=0
split_feature=0 0 0 0 0 1 1 0 0 0 0 0 0 0
split_gain=117467 7678.56 2718.63 1111.2 684.405 330.987 246.126 227.128 220.466 171.132 99.6722 90.4629 75.4284 49.5243
threshold=0.94817888736724865 0.19850864261388781 0.99120783805847179 0.73669275641441356 0.071181111037731185 0.12051381543278696 0.26869082450866705 0.3811547607183457 0.97802400588989269 0.99692860245704662 0.12712427228689197 0.89099088311195385 0.033347826451063163 0.45610371232032781
decision_type=2 2 2 2 2 2 2 2 2 2 2 2 2 2
left_child=1 4 8 5 12 7 11 -3 -2 -4 -6 -5 -1 -7
right_child=2 3 9 6 10 13 -8 -9 -10 -11 -12 -13 -14 -15
leaf_value=-0.059774003825158628 0.010704301896473256 -0.02994208902491104 0.041600361584383377 -0.0089043533700407709 -0.047735562418024111 -0.037110063075071566 -0.017821466731988932 -0.019002213570922646 0.027205911659658612 0.050589654569167621 -0.040254931706251829 0.0010114917770018732 -0.05470762421725002 -0.030855716326947936
leaf_weight=12963.657196998596 3949.6850173249841 8669.141672000289 5792.3336145840585 5832.9549837335944 10756.323019295931 4145.4831129312515 876.18942733108997 10479.845086604357 4151.6998344417661 61595.091282140464 7598.3881268501282 3797.666094686836 16954.651758387685 3259.8258909732103
leaf_count=61664 92644 35284 253316 58853 46565 16707 5583 57963 141317 3006577 31072 61369 77972 13921
internal_value=0.00109362 -0.0390979 0.046527 -0.0219804 -0.0522397 -0.0274263 -0.00821659 -0.0239549 0.0191608 0.049817 -0.0446388 -0.00499421 -0.0569029 -0.0364029
internal_weight=160823 85334.1 75488.8 37061.1 48273 26554.3 10506.8 19149 8101.38 67387.4 18354.7 9630.62 29918.3 7405.31
internal_count=3960807 466953 3493854 249680 217273 123875 125805 93247 233961 3259893 77637 120222 139636 30628
is_linear=0
shrinkage=0.05


Tree=25
num_leaves=15
num_cat=0
split_feature=0 0 0 0 0 1 1 0 0 0 0 0 0 1
split_gain=109349 7725.27 2233.71 1138.13 695.744 305.842 255.541 210.139 177.812 152.675 114.778 109.648 56.2081 54.1336
threshold=0.95619344711303722 0.19850864261388781 0.99120783805847179 0.73669275641441356 0.085614524781703963 0.12051381543278696 0.26869082450866705 0.3811547607183457 0.99692860245704662 0.982647866010666 0.043910730630159385 0.91064909100532543 0.12712427228689197 0.12809057533741
decision_type=2 2 2 2 2 2 2 2 2 2 2 2 2 2
left_child=1 4 9 5 10 7 11 -3 -4 13 -1 -5 -6 -2
right_child=2 3 8 6 12 -7 -8 -9 -10 -11 -12 -13 -14 -15
leaf_value=-0.057110482260444323 0.015727587010756296 -0.028375530688798084 0.04116284926955624 -0.007547378306979601 -0.044678107068478246 -0.034554193017099666 -0.016492578315033805 -0.01788155649250078 0.050513129716562667 0.02871560689221438 -0.051112995505192244 0.0033064299884845959 -0.038486010067706258 0.0048400158371107588
leaf_weight=19003.66161544621 4002.2218199595809 8689.7994301170111 5566.935097951442 6961.3055248260498 7120.8387253880501 7432.704044431448 910.26400500535965 10577.208027094603 58677.601549243554 3042.9953574389219 13748.972309485078 3495.1941793225706 7551.4514134526253 98.42046407982707
leaf_count=92139 105196 35284 253316 73960 30808 30628 5940 57963 3006577 110424 63254 62122 31072 2124
internal_value=0.00107205 -0.0370736 0.0467537 -0.0202973 -0.0505395 -0.0259383 -0.00704684 -0.0226145 0.0497029 0.0202303 -0.0545928 -0.00391938 -0.0414912 0.0139335
internal_weight=156880 85491.4 71388.2 38066.5 47424.9 26699.7 11366.8 19267 64244.5 7143.64 32752.6 10456.5 14672.3 4100.64
internal_count=3960807 483170 3477637 265897 217273 123875 142022 93247 3259893 217744 155393 136082 61880 107320
is_linear=0
shrinkage=0.05


Tree=26
num_leaves=15
num_cat=0
split_feature=0 0 0 0 0 1 1 0 0 0 0 0 0 1
split_gain=101811 7407.62 2266.68 1014.12 703.079 346.418 191.514 178.542 174.525 156.978 106.841 97.8391 79.0571 47.6887
threshold=0.95619344711303722 0.19850864261388781 0.99193000793457042 0.60251280665397655 0.071181111037731185 0.27891728281974798 0.12051381543278696 0.89099088311195385 0.982647866010666 0.99692860245704662 0.31192712485790258 0.12712427228689197 0.033347826451063163 0.12809057533741
decision_type=2 2 2 2 2 2 2 2 2 2 2 2 2 2
left_child=1 4 8 6 12 7 10 -5 13 -4 -3 -6 -1 -2
right_child=2 3 9 5 11 -7 -8 -9 -10 -11 -12 -13 -14 -15
leaf_value=-0.05680993218741516 0.015164661302829945 -0.028486847397540812 0.041169903929289764 -0.010182079166285073 -0.044295117258545069 -0.018081993896296285 -0.033658809130344122 0.0017297236610298126 0.028801530533107522 0.050438078402124165 -0.020004381907410593 -0.036812314657124666 -0.051502445950020216 0.0054878102252054837
leaf_weight=12338.250892162323 3944.74226148054 6014.7119123637676 4975.3420139290392 10005.99806445837 10459.562436267734 1867.7889314368367 6293.7253611236811 4588.2492940090597 3338.4493561517447 55896.829158747569 9468.2207131385803 7501.331856533885 16265.924242123961 97.99430400505662
leaf_count=61664 105196 24189 236475 85211 46565 9951 25543 77303 127265 3006577 43700 31072 77972 2124
internal_value=0.00105224 -0.035532 0.0465077 -0.0192248 -0.0489233 -0.00985958 -0.0263044 -0.00643716 0.0203409 0.0496806 -0.0233149 -0.0411699 -0.0537918 0.0133543
internal_weight=153057 84803.8 68253.4 38238.7 46565.1 16462 21776.7 14594.2 7381.19 60872.2 15482.9 17960.9 28604.2 4042.74
internal_count=3960807 483170 3477637 265897 217273 172465 93432 162514 234585 3243052 67889 77637 139636 107320
is_linear=0
shrinkage=0.05


Tree=27
num_leaves=15
num_cat=0
split_feature=0 0 0 0 0 1 1 0 0 0 0 0 0 0
split_gain=94866 7366.5 1905.85 1024.77 710.577 254.95 248.996 177.327 163.072 130.809 120.755 114.141 58.2906 54.0249
threshold=0.96216398477554332 0.19850864261388781 0.99193000793457042 0.73669275641441356 0.085614524781703963 0.10240114852786066 0.16048688441514972 0.3811547607183457 0.99692860245704662 0.9845232665538789 0.051116930320858962 0.91064909100532543 0.45610371232032781 0.12712427228689197
decision_type=2 2 2 2 2 2 2 2 2 2 2 2 2 2
left_child=1 4 9 5 10 7 11 -3 -4 -2 -1 -5 -7 -6
right_child=2 3 8 6 13 12 -8 -9 -10 -11 -12 -13 -14 -15
leaf_value=-0.053734829919423827 0.015101061363332339 -0.025526635043339602 0.040726217332661907 -0.0065423159116964821 -0.041357285532068938 -0.032596707506037083 -0.014499533925042933 -0.015880694868677193 0.050364299882404345 0.029413194366672925 -0.047076888272633177 0.0039960906516410136 -0.025582366006676668 -0.035225092107876957
leaf_weight=21305.051339954138 3796.0721668396145 8601.879682585597 4782.9605419151485 6906.5904368385673 6936.3853387832642 4279.5002702772617 1140.8105839192867 10680.640866443515 53246.641906911507 2755.2807426601648 10010.030943781137 4091.5173992998898 3373.6142371743917 7448.7258723080158
leaf_count=107830 108642 34827 236475 72972 30808 17232 7988 57622 3006577 110996 47563 76009 14194 31072
internal_value=0.00102812 -0.0337522 0.0466839 -0.0178125 -0.0473809 -0.0232483 -0.00575077 -0.0201837 0.0495699 0.0211203 -0.0516066 -0.00262182 -0.0309697 -0.038182
internal_weight=149356 84774.7 64581 39074.6 45700.2 26935.6 12138.9 19282.5 58029.6 6551.35 31315.1 10998.1 7653.11 14385.1
internal_count=3960807 498117 3462690 280844 217273 123875 156969 92449 3243052 219638 155393 148981 31426 61880
is_linear=0
shrinkage=0.05


Tree=28
num_leaves=15
num_cat=0
split_feature=0 0 0 0 0 1 0 0 1 0 0 0 0 0
split_gain=88455.2 7052.18 1933.27 1146.55 471.422 401.562 226.512 169.333 145.405 125.976 116.167 75.5156 55.1104 37.5676
threshold=0.96216398477554332 0.15799529105424884 0.99193000793457042 0.52759104967117321 0.059929303824901588 0.25842814147472387 0.89099088311195385 0.99692860245704662 0.10240114852786066 0.9845232665538789 0.25131179392337805 0.10314369946718217 0.033347826451063163 0.73669275641441356
decision_type=2 2 2 2 2 2 2 2 2 2 2 2 2 2
left_child=1 4 9 8 12 6 13 -4 10 -2 -3 -6 -1 -5
right_child=2 3 7 5 11 -7 -8 -9 -10 -11 -12 -13 -14 -15
leaf_value=-0.054154956005700229 0.014553532928402564 -0.028099608183025704 0.040272542730914129 -0.012044310650069934 -0.043659699252020352 -0.01784521280330403 0.0024876016799775993 0.050291614723911075 -0.032629913363492913 0.028754759573925592 -0.020241544443761805 -0.036925047596723236 -0.049362083244691199 -0.0070300451013059779
leaf_weight=11715.426598548889 3743.314155427739 6210.879831045866 4599.6619699094445 6454.3765369802713 9931.3564662486315 2864.7767129316926 5228.5026314519346 50721.142797809094 6072.9184544980526 2679.4022346772254 10136.616493359208 7165.7170202732086 12288.896469429135 5971.6013717651367
leaf_count=61664 108642 25373 236475 38124 46836 14242 91847 3006577 24603 110996 43341 31298 62001 58788
internal_value=0.00100524 -0.0323778 0.0464439 -0.0182073 -0.0471821 -0.00966692 -0.00624341 0.0494586 -0.0260235 0.0204779 -0.0235693 -0.0408371 -0.0517013 -0.00991717
internal_weight=145785 84041.1 61743.5 42939.7 41101.4 20519.3 17654.5 55320.8 22420.4 6422.72 16347.5 17097.1 24004.3 12426
internal_count=3960807 498117 3462690 296318 201799 203001 188759 3243052 93317 219638 68714 78134 123665 96912
is_linear=0
shrinkage=0.05


Tree=29
num_leaves=15
num_cat=0
split_feature=0 0 0 0 0 1 0 0 1 0 0 0 0 0
split_gain=82560.8 6954.97 1613.96 1108.9 474.936 395.572 241.897 175.755 132.257 110.323 89.3429 74.7653 55.8944 32.9023
threshold=0.96718469262123119 0.15799529105424884 0.99193000793457042 0.52759104967117321 0.059929303824901588 0.25842814147472387 0.89099088311195385 0.99692860245704662 0.10240114852786066 0.25131179392337805 0.9845232665538789 0.10314369946718217 0.033347826451063163 0.73669275641441356
decision_type=2 2 2 2 2 2 2 2 2 2 2 2 2 2
left_child=1 4 10 8 12 6 13 -4 9 -3 -2 -6 -1 -5
right_child=2 3 7 5 11 -7 -8 -9 -10 -11 -12 -13 -14 -15
leaf_value=-0.052896806088452347 0.015507155534251358 -0.02670494432171068 0.039808742410134511 -0.011102440664471721 -0.042219470175878071 -0.016749219910945721 0.0029573554933445879 0.050219814982246848 -0.031026329298377339 -0.019147236376399562 0.028094214462265926 -0.035472708691119771 -0.048009126335416055 -0.0066419775554119268
leaf_weight=11402.369223594666 3069.6743512693793 6186.089395955205 4425.0329151768237 6497.036259829998 9761.0191766768694 2893.7847280167043 5827.4837217144668 48314.692444073036 6067.5818186998367 10179.022188916802 2607.1368158534169 7088.1470574438572 12010.584185242653 6003.6280049681664
leaf_count=61664 93446 25373 236475 38124 46836 14486 106799 3006577 24603 43341 110996 31298 62001 58788
internal_value=0.000978104 -0.0307941 0.0466196 -0.0169703 -0.0457827 -0.00877719 -0.00545566 0.0493463 -0.0247213 -0.0223836 0.0212879 -0.0393812 -0.0503895 -0.00937759
internal_weight=142333 83916.7 58416.5 43654.6 40262.1 21221.9 18328.1 52739.7 22432.7 16365.1 5676.81 16849.2 23413 12500.7
internal_count=3960807 513313 3447494 311514 201799 218197 203711 3243052 93317 68714 204442 78134 123665 96912
is_linear=0
shrinkage=0.05


Tree=30
num_leaves=15
num_cat=0
split_feature=0 0 0 0 0 1 0 0 0 0 1 0 1 0
split_gain=77079.9 6635.56 1640.69 994.133 477.53 368.821 217.476 142.721 120.383 118.787 80.6427 73.8509 59.9915 56.65
threshold=0.96718469262123119 0.15799529105424884 0.99309211969375621 0.52759104967117321 0.059929303824901588 0.25842814147472387 0.89099088311195385 0.998028725385666 0.31192712485790258 0.9845232665538789 0.16048688441514972 0.10314369946718217 0.076393958181142821 0.033347826451063163
decision_type=2 2 2 2 2 2 2 2 2 2 2 2 2 2
left_child=1 4 9 8 13 6 -5 -4 12 -2 -10 -6 -3 -1
right_child=2 3 7 5 11 -7 -8 -9 10 -11 -12 -13 -14 -15
leaf_value=-0.051690058840136381 0.014951853116723529 -0.0247576858079704 0.042064899365814978 -0.0088788355005273781 -0.040834460758431446 -0.015952581243636851 0.0028169947976667436 0.050376917605982396 -0.016634502247987598 0.028857696634626086 -0.023407274679979512 -0.034082815267458523 -0.030293012290959292 -0.046706558326317066
leaf_weight=11093.039684772491 3025.640789585188 8786.8259654939175 5853.8297576578334 12570.312853440642 9591.8408738225698 2908.6712711341679 5812.3508845083416 43846.391855651513 7599.7410179376602 3118.6527334544808 3353.2702279090881 7010.3516435623169 2697.77078384161 11735.318068757653
leaf_count=61664 93446 35873 346736 96912 46836 14486 106799 2864454 32879 142858 13457 31298 11108 62001
internal_value=0.000949343 -0.029562 0.0463846 -0.0161503 -0.0444358 -0.0084111 -0.00518077 0.0493979 -0.0234941 0.02201 -0.0197439 -0.0379835 -0.0270707 -0.0491282
internal_weight=139004 83159.5 55844.5 43728.9 39430.6 21291.3 18382.7 49700.2 22437.6 6144.29 10953 16602.2 11484.6 22828.4
internal_count=3960807 513313 3447494 311514 201799 218197 203711 3211190 93317 236304 46336 78134 46981 123665
is_linear=0
shrinkage=0.05


Tree=31
num_leaves=15
num_cat=0
split_feature=0 0 0 0 0 1 0 0 1 0 0 0 0 0
split_gain=71994 6319.94 1665.85 898.139 479.173 345.275 197.739 148.415 115.043 114.798 104.032 72.7788 57.3656 39.4349
threshold=0.96718469262123119 0.15799529105424884 0.99309211969375621 0.52759104967117321 0.059929303824901588 0.25842814147472387 0.91064909100532543 0.998028725385666 0.11817167326807977 0.98600685596466076 0.25131179392337805 0.10314369946718217 0.033347826451063163 0.73669275641441356
decision_type=2 2 2 2 2 2 2 2 2 2 2 2 2 2
left_child=1 4 9 8 12 6 13 -4 10 -2 -3 -6 -1 -5
right_child=2 3 7 5 11 -7 -8 -9 -10 -11 -12 -13 -14 -15
leaf_value=-0.050528751773928404 0.015185822250406164 -0.024327585510982571 0.041663059099351633 -0.010058986698622593 -0.039499761692762821 -0.015212575609776544 0.0039389747920494742 0.050317452903245824 -0.028406004385085531 0.029083861402082401 -0.017124087941344179 -0.032750654787028766 -0.045449049897293828 -0.0053269984178221869
leaf_weight=10788.376143455505 3343.1522175744176 6258.2694004774094 5620.6982270525768 6567.7177833020687 9424.4636482447386 2922.6196837723255 4706.7000640258193 41756.030128117651 5846.24916626513 2674.4350437838584 10329.2480032444 6932.7359082698822 11463.974082440138 7165.9918369501829
leaf_count=61664 108366 25892 346736 38124 46836 14486 91700 2864454 23756 127938 43669 31298 62001 73887
internal_value=0.000915956 -0.0283885 0.0461432 -0.0153877 -0.0431361 -0.00805031 -0.0049054 0.0492907 -0.0223748 0.0213626 -0.0202492 -0.0366393 -0.0479118 -0.00793647
internal_weight=135801 82406.3 53394.3 43796.8 38609.5 21363 18440.4 47376.7 22433.8 6017.59 16587.5 16357.2 22252.4 13733.7
internal_count=3960807 513313 3447494 311514 201799 218197 203711 3211190 93317 236304 69561 78134 123665 112011
is_linear=0
shrinkage=0.05


Tree=32
num_leaves=15
num_cat=0
split_feature=0 0 0 0 0 1 0 0 0 0 1 1 0 0
split_gain=67281.7 6190.9 1408.23 883.773 479.844 251.396 204.524 145.376 121.08 107.34 100.668 86.5782 71.5568 58.0308
threshold=0.97153648734092724 0.15799529105424884 0.99401089549064647 0.67446401715278637 0.059929303824901588 0.16509380936622622 0.3811547607183457 0.92593592405319225 0.998028725385666 0.98600685596466076 0.25035522878170019 0.076393958181142821 0.10314369946718217 0.033347826451063163
decision_type=2 2 2 2 2 2 2 2 2 2 2 2 2 2
left_child=1 4 9 6 13 7 11 -5 -4 -2 -8 -3 -6 -1
right_child=2 3 8 5 12 -7 10 -9 -10 -11 -12 -13 -14 -15
leaf_value=-0.049407640320135379 0.015958945631390133 -0.021284517853659941 0.041909793001536723 -0.0053103024681644771 -0.03821113347732788 -0.01223706581125418 -0.01223706581125418 0.0057390808350737971 0.050258892822800438 0.029551995517264992 -0.019319424088929667 -0.028115535195487141 -0.031472136700540436 -0.044231969846765265
leaf_weight=10489.162391662598 2713.4749016277492 11426.620678082108 4874.7805654378608 9939.4842356294394 9259.4305771887302 1645.7388384751976 9768.1373576670885 4249.5928469337523 39764.683892285451 3124.8599708098918 3588.419728666544 3815.9964998215437 6855.6467948257923 11197.285111144185
leaf_count=61664 92632 46766 315556 101010 46836 10380 47365 91505 2864454 159118 14507 15715 31298 62001
internal_value=0.00088666 -0.0270055 0.0463269 -0.0143519 -0.0418792 -0.00487525 -0.0195989 -0.00200104 0.0493471 0.0232344 -0.0150819 -0.0235569 -0.0353442 -0.0467353
internal_weight=132713 82235.5 50477.8 44434 37801.5 15834.8 28599.2 14189.1 44639.5 5838.33 13356.6 15242.6 16115.1 21686.4
internal_count=3960807 529047 3431760 327248 201799 202895 124353 192515 3180010 251750 61872 62481 78134 123665
is_linear=0
shrinkage=0.05


Tree=33
num_leaves=15
num_cat=0
split_feature=0 0 0 0 0 0 1 0 1 0 0 0 1 0
split_gain=62886.6 5883.85 1431.86 794.515 480.638 228.187 205.843 125.917 120.225 104.817 103.257 89.6737 83.4074 39.3938
threshold=0.97153648734092724 0.15799529105424884 0.99401089549064647 0.73669275641441356 0.071181111037731185 0.3811547607183457 0.16048688441514972 0.998028725385666 0.25035522878170019 0.98851981759071361 0.92593592405319225 0.037982156500220306 0.076393958181142821 0.10314369946718217
decision_type=2 2 2 2 2 2 2 2 2 2 2 2 2 2
left_child=1 4 9 5 11 12 10 -4 -7 -2 -5 -1 -3 -6
right_child=2 3 7 6 13 8 -8 -9 -10 -11 -12 -13 -14 -15
leaf_value=-0.047713065864810895 0.016979252240088529 -0.020251285592951671 0.04150826657935916 -0.0041442437097109252 -0.035778672572370662 -0.01108265934761556 -0.010822610260666381 0.050201092304019902 -0.018166092583900971 0.03077277755312496 0.0055072754819051779 -0.041605840176534611 -0.027168787495119907 -0.030243692293204796
leaf_weight=12721.477024197578 3391.5646115466952 11409.570622235537 4680.7685998631641 8054.5103679001331 6113.6480147093534 11778.965129137039 1225.8701554946601 37867.79666416347 3985.7779120057821 2319.0077668409795 4224.7840616665781 11393.973403736949 3799.2256114929914 6779.3798495829105
leaf_count=76463 124169 46766 315556 87832 30865 60701 8612 2864454 16167 127581 91455 63173 15715 31298
internal_value=0.000856495 -0.0259319 0.0460896 -0.0136764 -0.0406612 -0.018089 -0.00355617 0.0492448 -0.0138738 0.0225807 -0.000823566 -0.0448275 -0.0224584 -0.0328683
internal_weight=129746 81487.2 48259.1 44478.7 37008.5 30973.5 13505.2 42548.6 15764.7 5710.57 12279.3 24115.5 15208.8 12893
internal_count=3960807 529047 3431760 327248 201799 139349 187899 3180010 76868 251750 179287 139636 62481 62163
is_linear=0
shrinkage=0.05


Tree=34
num_leaves=15
num_cat=0
split_feature=0 0 0 0 0 0 1 1 0 0 0 1 0 0
split_gain=58799.1 5726.81 1226.78 785.758 479.915 242.74 171.797 144.849 116.911 95.377 92.6801 79.2322 70.1796 59.4253
threshold=0.97501137852668773 0.15799529105424884 0.99440735578536998 0.78860366344451915 0.059929303824901588 0.3811547607183457 0.26869082450866705 0.23099709302186969 0.998028725385666 0.93857911229133617 0.98851981759071361 0.076393958181142821 0.085614524781703963 0.033347826451063163
decision_type=2 2 2 2 2 2 2 2 2 2 2 2 2 2
left_child=1 4 10 5 13 11 9 -7 -4 -5 -2 -3 -6 -1
right_child=2 3 8 6 12 7 -8 -9 -10 -11 -12 -13 -14 -15
leaf_value=-0.04728140082251437 0.017496673141849235 -0.01927068990676763 0.041379908939759347 -0.0027222642672227243 -0.037181654754453099 -0.009934291479835303 -0.0093013804223435227 -0.017108372301965147 0.050143895590226521 0.0069923574744601208 0.030715732082815167 -0.026126363809565952 -0.030270131352663321 -0.041905830717031134
leaf_weight=9913.1551990509033 2832.3576059341431 11391.118852868676 4254.239301036112 7421.5649659112096 5894.9154082387686 13444.303310766816 783.79134135693312 4368.3553301095963 36061.022710483521 3830.6736392527819 2493.0405062027276 3781.7311107069254 9743.7252845466137 10680.093374058604
leaf_count=61664 109051 46766 299789 91065 31728 73983 5727 17821 2864454 91289 143348 15715 46406 62001
internal_value=0.000826827 -0.024682 0.0462397 -0.0127739 -0.0394788 -0.016764 -0.00183876 -0.0128053 0.0492191 0.000584948 0.0236851 -0.0214114 -0.0328754 -0.0444935
internal_weight=126894 81253.4 45640.7 45021.5 36231.9 32985.5 12036 17812.7 40315.3 11252.2 5325.4 15172.8 15638.6 20593.2
internal_count=3960807 544165 3416642 342366 201799 154285 188081 91804 3164243 182354 252399 62481 78134 123665
is_linear=0
shrinkage=0.05


Tree=35
num_leaves=15
num_cat=0
split_feature=0 0 0 0 0 0 1 1 0 0 0 0 0 1
split_gain=54998.7 5427.49 1247.98 703.821 477.544 202.435 195.031 128.796 121.523 107.023 89.9094 68.8589 59.8778 51.4492
threshold=0.97501137852668773 0.15799529105424884 0.99440735578536998 0.73669275641441356 0.059929303824901588 0.31192712485790258 0.16048688441514972 0.23432679474353793 0.998028725385666 0.93857911229133617 0.98851981759071361 0.085614524781703963 0.033347826451063163 0.076393958181142821
decision_type=2 2 2 2 2 2 2 2 2 2 2 2 2 2
left_child=1 4 10 5 12 13 9 -7 -4 -5 -2 -6 -1 -3
right_child=2 3 8 6 11 7 -8 -9 -10 -11 -12 -13 -14 -15
leaf_value=-0.04625505393783793 0.016906676276012923 -0.019678285997123044 0.040966316899283234 -0.0032090010951979862 -0.036021110477840589 -0.010804585599761437 -0.0096373347107262877 -0.017525160063466202 0.050087155794277728 0.0068233633428418528 0.030080747350073374 -0.02911825600110024 -0.040787854994306455 -0.0252549576286706
leaf_weight=9633.6097569465637 2785.8454549107701 8667.8233081102371 4086.5913714896888 9014.1639069616795 5783.4709522724152 14821.12840525806 1248.5361258275807 4899.1335352510214 34340.189700471237 3770.2106607630849 2420.2504941876978 9625.7690484523773 10430.594685390592 2626.9750655889511
leaf_count=61664 109051 35873 299789 103521 31728 72541 8857 19827 2864454 90639 143348 46406 62001 11108
internal_value=0.000796823 -0.0237004 0.0460047 -0.012181 -0.0383289 -0.0163849 -0.00288975 -0.0133278 0.0491172 -0.000250379 0.0230311 -0.0317091 -0.0434129 -0.0217225
internal_weight=124154 80521.4 43632.9 45048 35473.4 31015.1 14032.9 19720.3 38426.8 12784.4 5206.1 15409.2 20064.2 11294.8
internal_count=3960807 544165 3416642 342366 201799 139349 203017 92368 3164243 194160 252399 78134 123665 46981
is_linear=0
shrinkage=0.05


Tree=36
num_leaves=15
num_cat=0
split_feature=0 0 0 0 0 0 1 1 0 0 0 0 1 0
split_gain=51475.8 5246.5 1079.7 693.329 475.07 211.977 164.628 101.976 101.145 101.018 96.6142 90.1452 86.539 61.9602
threshold=0.97802400588989269 0.15799529105424884 0.99509766697883617 0.78860366344451915 0.051116930320858962 0.45610371232032781 0.26869082450866705 0.23099709302186969 0.9984087646007539 0.085614524781703963 0.93857911229133617 0.98954081535339367 0.11817167326807977 0.25131179392337805
decision_type=2 2 2 2 2 2 2 2 2 2 2 2 2 2
left_child=1 4 11 5 -1 12 10 -7 -4 -6 -5 -2 13 -3
right_child=2 3 8 6 9 7 -8 -9 -10 -11 -12 -13 -14 -15
leaf_value=-0.04323372775297752 0.01811561411171398 -0.020521759212621546 0.042020200512291231 -0.0024073464272200908 -0.035537748275070447 -0.0082799509512604605 -0.0082799509512604605 -0.014613289998368459 0.050149124923863579 -0.028007182957037521 0.0070602140171769981 0.031415673291464795 -0.024307287680351959 -0.014613289998368459
leaf_weight=16848.703934550285 2614.4210402742028 6126.6624569743872 4349.5407761652023 7457.7750168815255 8375.0806074291468 10825.750583201647 797.10440604388714 3307.7685683071613 31831.396682102233 9510.2462142109871 4219.1386179104447 2484.9369522053748 4614.77693811059 8162.1513590216637
leaf_count=107830 109388 25892 344389 91065 47563 62454 5883 13526 2788254 46406 106565 159179 19108 33305
internal_value=0.000765387 -0.0225746 0.0461361 -0.0114056 -0.037209 -0.0151977 -0.00136221 -0.0105658 0.0491719 -0.0315335 0.0010135 0.0245968 -0.0186608 -0.0167362
internal_weight=121525 80245.2 41280.3 45511.1 34734 33037.1 12474 14133.5 36180.9 17885.3 11676.9 5099.36 18903.6 14288.8
internal_count=3960807 559597 3401210 357798 201799 154285 203513 75980 3132643 93969 197630 268567 78305 59197
is_linear=0
shrinkage=0.05


Tree=37
num_leaves=15
num_cat=0
split_feature=0 0 0 0 1 0 0 0 0 0 1 0 0 1
split_gain=48166.5 4977.63 1099.46 779.015 335.085 319.61 216.787 105.21 99.9635 88.6412 58.6186 46.9917 39.2052 34.3265
threshold=0.97802400588989269 0.12712427228689197 0.99509766697883617 0.45610371232032781 0.25035522878170019 0.051116930320858962 0.91064909100532543 0.9984087646007539 0.25131179392337805 0.99120783805847179 0.14133818447589877 0.085614524781703963 0.029133377596735958 0.063916489481925978
decision_type=2 2 2 2 2 2 2 2 2 2 2 2 2 2
left_child=1 5 9 8 6 12 -5 -4 13 -2 -10 -7 -1 -3
right_child=2 3 7 4 -6 11 -8 -9 10 -11 -12 -13 -14 -15
leaf_value=-0.045126997355249832 0.018800337225921206 -0.020401694955753238 0.041632383316430183 -0.0061173001848938008 -0.012330905765197207 -0.034443825980919975 0.0049161424130898749 0.050098690612675127 -0.013007964834082951 0.032596314125310465 -0.018774954491982711 -0.028637335054401886 -0.040162831347605461 -0.024604616172485657
leaf_weight=6777.2634791582823 3124.2708222735673 8585.9910753667355 4174.9887025933713 16490.335530243814 4060.8643869291991 8213.189931795001 6098.3716766294092 30308.680302321911 8284.2765448540449 1855.9804790588096 3168.233644336462 6052.0001919269562 9627.1539143770933 2174.3196122646332
leaf_count=45881 141317 37594 344389 122811 19306 47563 137376 2788254 33759 127250 12901 30808 61949 9649
internal_value=0.000742768 -0.0216654 0.0459021 -0.0117553 -0.00599143 -0.037454 -0.00313855 0.0490737 -0.0186704 0.0239417 -0.0154191 -0.0319804 -0.0422137 -0.0221308
internal_weight=118996 79532 39463.9 48862.4 26649.6 30669.6 22588.7 34483.7 22212.8 4980.25 11452.5 14265.2 16404.4 10760.3
internal_count=3960807 559597 3401210 373396 279493 186201 260187 3132643 93903 268567 46660 78371 107830 47243
is_linear=0
shrinkage=0.05


Tree=38
num_leaves=15
num_cat=0
split_feature=0 0 0 0 0 1 0 0 0 1 0 0 0 1
split_gain=45101.8 4888.07 825.582 782.996 317.261 298.242 231.644 134.558 110.883 66.7458 46.0671 39.1631 37.3878 33.0249
threshold=0.982647866010666 0.12712427228689197 0.99692860245704662 0.52759104967117321 0.051116930320858962 0.25842814147472387 0.92593592405319225 0.25131179392337805 0.99193000793457042 0.16268383711576465 0.085614524781703963 0.029133377596735958 0.96718469262123119 0.07773864641785623
decision_type=2 2 2 2 2 2 2 2 2 2 2 2 2 2
left_child=1 4 8 7 11 6 -5 13 -2 -9 -6 -1 -8 -3
right_child=2 3 -4 5 10 -7 12 9 -10 -11 -12 -13 -14 -15
leaf_value=-0.044172732929709864 0.021013614125880733 -0.0195241825627048 0.049586106567481941 -0.0049445417311946432 -0.033377260644964338 -0.010641664724427236 0.0035682817890147762 -0.011674526427245306 0.035082806378846393 -0.017527315189371419 -0.027582216779780584 -0.039142766381145236 0.011733366864705304 -0.023616353029212736
leaf_weight=6582.4713742434978 2511.6568245124072 8651.4628638625145 31233.172021973878 15130.050298772752 8055.9155465364456 3026.625581048429 3621.4148017056286 10748.20465824008 3165.3955413429067 4157.0730373263359 5971.4236066937447 9390.2192966192961 2287.6409278139472 2042.4213248640299
leaf_count=45881 127265 38108 3006577 127063 47563 15310 76648 44800 236475 16872 30808 61949 76353 9135
internal_value=0.000707683 -0.0204615 0.046398 -0.0108356 -0.0363971 -0.00436062 -0.00166581 -0.0169227 0.0288583 -0.0138522 -0.0309103 -0.0412157 0.00672933 -0.0212024
internal_weight=116575 79664.9 36910.2 49664.9 30000 24065.7 21039.1 25599.2 5677.05 14905.3 14027.3 15972.7 5909.06 10693.9
internal_count=3960807 590490 3370317 404289 186201 295374 280064 108915 363740 61672 78371 107830 153001 47243
is_linear=0
shrinkage=0.05


Tree=39
num_leaves=15
num_cat=0
split_feature=0 0 0 0 1 0 0 0 0 1 0 0 0 0
split_gain=42266.6 4613.09 845.046 713.383 320.302 314.3 236.951 109.045 87.1861 52.2226 45.0486 39.0862 34.8219 34.1178
threshold=0.982647866010666 0.12712427228689197 0.99692860245704662 0.45610371232032781 0.25035522878170019 0.051116930320858962 0.92593592405319225 0.99120783805847179 0.25131179392337805 0.14133818447589877 0.085614524781703963 0.029133377596735958 0.96718469262123119 0.9984087646007539
decision_type=2 2 2 2 2 2 2 2 2 2 2 2 2 2
left_child=1 5 7 8 6 11 -5 -2 -3 -10 -7 -1 -8 -4
right_child=2 3 13 4 -6 10 12 -9 9 -11 -12 -13 -14 -15
leaf_value=-0.043236409375487922 0.019579922602672981 -0.020313916926512656 0.04361090539984154 -0.0051577181765162881 -0.011021264466860286 -0.032336583270836258 0.0033943835422196676 0.033933136089584148 -0.011750561826527412 -0.017170000465929088 -0.026560707027113481 -0.038142272771309993 0.011307478860282874 0.049999125139020544
leaf_weight=6393.6019906997681 2199.8754319082946 10628.777249142528 2262.0555853284895 17590.860944852233 4086.9032793343067 7903.3537591993809 3607.3900471180677 3320.8007142841816 8299.8503678143024 3154.0573599785566 5893.0585200786591 9160.6009785681963 2262.0564267598093 27490.376093510538
leaf_count=45881 110424 47243 218323 137847 19589 47563 76614 253316 33759 12901 30808 61949 76336 2788254
internal_value=0.000673446 -0.0196499 0.0461798 -0.0103572 -0.00499 -0.0353633 -0.00225511 0.0282137 -0.0170525 -0.0140261 -0.0298695 -0.0402362 0.00644405 0.0495134
internal_weight=114254 78980.5 35273.1 49629.9 27547.2 29350.6 23460.3 5520.68 22082.7 11453.9 13796.4 15554.2 5869.45 29752.4
internal_count=3960807 590490 3370317 404289 310386 186201 290797 363740 93903 46660 78371 107830 152950 3006577
is_linear=0
shrinkage=0.05


Tree=40
num_leaves=15
num_cat=0
split_feature=0 0 0 0 0 0 1 0 1 0 1 0 0 0
split_gain=39610.6 4431.25 728.313 707.453 310.741 225.718 161.086 125.504 124.751 80.9976 53.9511 43.9456 38.9695 35.5815
threshold=0.9845232665538789 0.12712427228689197 0.99692860245704662 0.78860366344451915 0.051116930320858962 0.31192712485790258 0.16048688441514972 0.95619344711303722 0.23432679474353793 0.99193000793457042 0.07773864641785623 0.085614524781703963 0.029133377596735958 0.99859085679054271
decision_type=2 2 2 2 2 2 2 2 2 2 2 2 2 2
left_child=1 4 9 5 12 10 7 -5 -7 -2 -3 -6 -1 -4
right_child=2 3 13 6 11 8 -8 -9 -10 -11 -12 -13 -14 -15
leaf_value=-0.042316018026037683 0.020948344753424091 -0.016541306360024082 0.043863420664320037 -0.0010282721408387434 -0.031320552323649206 -0.0078950604016090747 -0.006690163275738248 0.0098090283924529321 -0.014205839430119294 0.033952040013526093 -0.022029296176879407 -0.025571407401149621 -0.037159861272716505 0.050002571657082433
leaf_weight=6210.7127576619387 2011.2971727047116 11323.235247373581 2598.4116587340832 8853.2646880373359 7755.5649754852057 16797.00197352469 1008.3729466665536 3825.9950170591474 5164.6376786231995 2959.6647279281169 3019.9793890714645 5816.9678472280502 8938.3546738028526 25744.148459348828
leaf_count=45881 110996 49229 264229 120812 47563 86306 8348 121515 20998 236475 13350 30808 61949 2742348
internal_value=0.000642232 -0.0186996 0.0463436 -0.00970754 -0.0343511 -0.0133597 -2.06435e-05 0.00224191 -0.0101736 0.0286906 -0.0182381 -0.0288566 -0.0392737 0.0494397
internal_weight=112028 78714.1 33313.5 49992.5 28721.6 36304.9 13687.6 12679.3 21961.6 4970.96 14343.2 13572.5 15149.1 28342.6
internal_count=3960807 606759 3354048 420558 186201 169883 250675 242327 107304 347471 62579 78371 107830 3006577
is_linear=0
shrinkage=0.05


Tree=41
num_leaves=15
num_cat=0
split_feature=0 0 0 0 0 0 1 1 0 0 1 0 0 0
split_gain=37138.7 4173.11 745.328 637.635 306.602 250.858 152.49 120.417 79.5474 72.0718 52.2571 42.7672 38.8091 37.0808
threshold=0.9845232665538789 0.12712427228689197 0.99692860245704662 0.86507299542427074 0.051116930320858962 0.31192712485790258 0.23432679474353793 0.16048688441514972 0.99193000793457042 0.95619344711303722 0.07773864641785623 0.085614524781703963 0.029133377596735958 0.99859085679054271
decision_type=2 2 2 2 2 2 2 2 2 2 2 2 2 2
left_child=1 4 8 5 12 10 -7 9 -2 -5 -3 -6 -1 -4
right_child=2 3 13 7 11 6 -8 -9 -10 -11 -12 -13 -14 -15
leaf_value=-0.041409807152379297 0.02031715610218136 -0.015780326657646851 0.043550115505963917 0.00052901283673294761 -0.030328109048918313 -0.0068989476795146571 -0.013297969641057509 -0.0051053219741305752 0.03336878402453361 0.0094064568965022063 -0.021318160505664097 -0.02461309472866046 -0.036194269821800427 0.049955301460864923
leaf_weight=6033.8248692154884 1971.1312178159133 11277.020462661982 2489.0234453920275 5759.6922364793718 7612.5791274309158 19987.529428593814 5548.5541114658117 588.21842083521187 2863.2918642163277 3791.1602341514081 3000.0406659394503 5743.1938360929489 8723.4938777536154 24511.184518206865
leaf_count=45881 110996 49229 264229 91642 47563 115746 22839 6237 236475 121515 13350 30808 61949 2742348
internal_value=0.000611577 -0.0179496 0.0461275 -0.00927703 -0.0333593 -0.0121278 -0.00916016 0.00191717 0.0280473 0.00405287 -0.0174358 -0.0278706 -0.0383267 0.0493648
internal_weight=109900 78065.3 31834.6 49952.2 28113.1 39813.1 25536.1 10139.1 4834.42 9550.85 14277.1 13355.8 14757.3 27000.2
internal_count=3960807 606759 3354048 420558 186201 201164 138585 219394 347471 213157 62579 78371 107830 3006577
is_linear=0
shrinkage=0.05


Tree=42
num_leaves=15
num_cat=0
split_feature=0 0 0 0 0 0 1 1 0 0 0 0 0 0
split_gain=34823.3 3926.25 762.083 573.27 301.903 194.448 143.572 118.878 99.6814 77.981 41.523 38.6322 38.6013 36.7451
threshold=0.9845232665538789 0.12712427228689197 0.99692860245704662 0.78860366344451915 0.051116930320858962 0.25131179392337805 0.26869082450866705 0.18147800862789157 0.95619344711303722 0.99193000793457042 0.085614524781703963 0.99859085679054271 0.029133377596735958 0.45610371232032781
decision_type=2 2 2 2 2 2 2 2 2 2 2 2 2 2
left_child=1 4 9 5 12 -3 8 13 -5 -2 -6 -4 -1 -7
right_child=2 3 11 6 10 7 -8 -9 -10 -11 -12 -13 -14 -15
leaf_value=-0.040516243029949328 0.019693004566944852 -0.017909120704547282 0.043227020635793138 -0.00084181312614753129 -0.029358372692668673 -0.010240796299323784 -0.0061421324677180169 -0.013866675904014903 0.0088260784695287139 0.0327773381648876 -0.023684666899872874 0.0499079916314909 -0.035244440310586676 -0.0061421324677180169
leaf_weight=5862.9287538379431 1932.9129134062678 10445.669663891196 2384.8871168829501 9032.0956426151097 7474.399232506752 8577.6428708732128 834.21917994320393 6396.0900158882141 3782.8460133839399 2771.5572263225913 5671.7621814608574 23337.310166303068 8515.9960562437773 10845.91340470314
leaf_count=45881 110996 47243 264229 122257 47563 34868 6284 26171 122134 236475 30808 2742348 61949 61601
internal_value=0.000581651 -0.0172261 0.0459044 -0.00886563 -0.032387 -0.012153 -0.000131305 -0.00982423 0.00201205 0.0274014 -0.0269105 0.0492886 -0.037394 -0.007782
internal_weight=107866 77439.6 30426.7 49914.5 27525.1 36265.3 13649.2 25819.6 12814.9 4704.47 13146.2 25722.2 14378.9 19423.6
internal_count=3960807 606759 3354048 420558 186201 169883 250675 122640 244391 347471 78371 3006577 107830 96469
is_linear=0
shrinkage=0.05


Tree=43
num_leaves=15
num_cat=0
split_feature=0 0 0 0 0 0 1 1 0 0 1 0 0 0
split_gain=32652 3743.16 682.575 556.591 296.671 212.488 133.487 112.645 75.0135 60.3727 50.4727 40.2358 40.2224 38.6308
threshold=0.98600685596466076 0.12712427228689197 0.99692860245704662 0.86507299542427074 0.051116930320858962 0.31192712485790258 0.23432679474353793 0.12809057533741 0.96718469262123119 0.99193000793457042 0.07773864641785623 0.99859085679054271 0.085614524781703963 0.033347826451063163
decision_type=2 2 2 2 2 2 2 2 2 2 2 2 2 2
left_child=1 4 9 5 13 10 -7 8 -5 -2 -3 -4 -6 -1
right_child=2 3 11 7 12 6 -8 -9 -10 -11 -12 -13 -14 -15
leaf_value=-0.038851233823895243 0.019921137405952048 -0.014319347673919937 0.04289386295653988 0.0012686113202379455 -0.028410597829983238 -0.006189675846985921 -0.012123296273448178 -0.0045179447388047685 0.010927797487943805 0.032178160090289391 -0.019882324317634221 0.049860507365624605 -0.022785146894106822 -0.033574921636534888
leaf_weight=7701.052702486515 1605.5564472489059 11180.785936355591 2285.7549678701907 6896.3903656303883 7341.0046723783016 20087.612799227238 5551.8315043151379 638.49109342694283 2836.8273826576769 2684.2422221917659 2964.4180181324482 22219.7466401048 5602.6840952038765 6312.7418646514416
leaf_count=61664 96076 49229 264229 120486 47563 115746 22839 7204 106624 236475 13350 2742348 30808 46166
internal_value=0.000557656 -0.0164073 0.0459898 -0.00833124 -0.0314334 -0.0110206 -0.00830644 0.00198467 0.00408386 0.0275907 -0.0159402 0.0492107 -0.0259756 -0.0364744
internal_weight=105909 77113.8 28795.3 50156.4 26957.5 39784.6 25639.4 10371.7 9733.22 4289.8 14145.2 24505.5 12943.7 14013.8
internal_count=3960807 621679 3339128 435478 186201 201164 138585 234314 227110 332551 62579 3006577 78371 107830
is_linear=0
shrinkage=0.05


Tree=44
num_leaves=15
num_cat=0
split_feature=0 0 0 0 0 0 1 1 0 0 0 0 0 0
split_gain=30631.8 3512.37 697.5 498.214 290.949 196.273 135.584 106.543 68.792 59.0691 44.121 41.892 38.8748 38.4771
threshold=0.98600685596466076 0.12712427228689197 0.99692860245704662 0.86507299542427074 0.051116930320858962 0.25131179392337805 0.18147800862789157 0.12809057533741 0.96718469262123119 0.99193000793457042 0.60251280665397655 0.99859085679054271 0.085614524781703963 0.029133377596735958
decision_type=2 2 2 2 2 2 2 2 2 2 2 2 2 2
left_child=1 4 9 5 13 -3 10 8 -5 -2 -7 -4 -6 -1
right_child=2 3 11 7 12 6 -8 -9 -10 -11 -12 -13 -14 -15
leaf_value=-0.038779291654824383 0.019302467255220918 -0.016437367698213998 0.042550390175888991 0.0012065416121287966 -0.027484175073339286 -0.0083127084570102094 -0.012432136832700797 -0.004346643571640189 0.010491896607616352 0.031571751443362453 -0.004346643571640189 0.049812757177978645 -0.021913656159383416 -0.033375237602143948
leaf_weight=5542.0622640922666 1574.9579080995172 10329.263551726937 2191.3903044648468 6888.8069207295775 7212.3559491783381 13354.073536276817 6807.1596178412437 640.60933368653059 2807.7123886160553 2601.1377321304753 9285.5733543410897 21155.832660567015 5535.9574760198593 8119.6321287900209
leaf_count=45881 96076 47243 264229 120486 47563 57076 28196 7204 106624 236475 68649 2742348 30808 61949
internal_value=0.000528279 -0.0157421 0.0457648 -0.0079656 -0.0304979 -0.0105071 -0.00842691 0.00181382 0.0038952 0.0269446 -0.00644572 0.0491311 -0.0250652 -0.0355675
internal_weight=104047 76523.2 27523.3 50113.2 26410 39776.1 29446.8 10337.1 9696.52 4176.1 22639.6 23347.2 12748.3 13661.7
internal_count=3960807 621679 3339128 435478 186201 201164 153921 234314 227110 332551 125725 3006577 78371 107830
is_linear=0
shrinkage=0.05


Tree=45
num_leaves=15
num_cat=0
split_feature=0 0 0 0 0 1 0 1 0 0 0 0 0 0
split_gain=28729.7 3296.11 712.115 455.29 284.743 230.176 172.924 59.7892 57.6868 50.6592 43.6036 38.4717 37.4894 26.5438
threshold=0.98600685596466076 0.12712427228689197 0.99692860245704662 0.45610371232032781 0.051116930320858962 0.25035522878170019 0.93857911229133617 0.076393958181142821 0.99193000793457042 0.19850864261388781 0.9984087646007539 0.033347826451063163 0.085614524781703963 0.97153648734092724
decision_type=2 2 2 2 2 2 2 2 2 2 2 2 2 2
left_child=1 4 8 7 11 6 -5 9 -2 -3 -4 -1 -6 -8
right_child=2 3 10 5 12 -7 13 -9 -10 -11 -12 -13 -14 -15
leaf_value=-0.037115476502578591 0.018691785513283637 -0.01460676836680231 0.041481186896752162 -0.0033879453760940524 -0.026578596028075642 -0.008243821613666413 0.003766806013866403 -0.017655850175201004 0.030958647729603186 -0.0095563215353924938 0.04969708394150682 -0.031717537842110774 -0.021069396303490737 0.010841381081532769
leaf_weight=7291.5604057908058 1545.846621430479 5439.5000143200159 1753.0837164372206 18785.027866184711 7088.3956044018269 4132.7861514408141 3164.8742925338447 5327.3098297864199 2522.0446340860799 10932.59074215591 20491.519415955059 6031.074178352952 5471.5693946480751 2281.795922325924
leaf_count=61664 96076 25753 218323 153694 47563 19848 76286 23160 236475 44990 2788254 46166 30808 91747
internal_value=0.000506631 -0.0150929 0.0455321 -0.00760333 -0.0295798 -0.00343283 -0.00111356 -0.0130548 0.0262971 -0.0115577 0.0490496 -0.0346719 -0.0241786 0.00673059
internal_weight=102259 75946.5 26312.5 50063.9 25882.6 28364.5 24231.7 21699.4 4067.89 16372.1 22244.6 13322.6 12560 5446.67
internal_count=3960807 621679 3339128 435478 186201 341575 321727 93903 332551 70743 3006577 107830 78371 168033
is_linear=0
shrinkage=0.05


Tree=46
num_leaves=15
num_cat=0
split_feature=0 0 0 0 0 0 1 1 0 0 0 0 0 0
split_gain=26972.4 3170.12 543.743 477.185 278.114 168.624 118.274 106.613 84.8861 45.4017 39.2931 38.1211 36.075 34.4053
threshold=0.98851981759071361 0.12712427228689197 0.99692860245704662 0.86507299542427074 0.051116930320858962 0.25131179392337805 0.19603576511144641 0.12809057533741 0.97153648734092724 0.99859085679054271 0.45610371232032781 0.029133377596735958 0.085614524781703963 0.99401089549064647
decision_type=2 2 2 2 2 2 2 2 2 2 2 2 2 2
left_child=1 4 13 5 11 -3 10 8 -5 -4 -7 -1 -6 -2
right_child=2 3 9 7 12 6 -8 -9 -10 -11 -12 -13 -14 -15
leaf_value=-0.037079962642108444 0.022227803115991606 -0.015095795690901812 0.041825936998388012 0.0015062181411991636 -0.025693445369769044 -0.0084625488013693791 -0.011369659179492798 -0.0036451810686694008 0.011723141982856507 0.049716005598457513 -0.0041966305121927394 -0.031560276499727737 -0.020251640409945322 0.032294804439488872
leaf_weight=5244.1961428523064 1644.9126850347966 10219.214225724339 2014.7932756245136 7395.9097581654787 6969.0531983822584 8712.7778276801109 6610.2369592040777 652.40112199820578 2803.6693769879639 19180.213517200202 14188.303427070379 7752.0141604021192 5409.4982082247734 1753.4349463060498
leaf_count=45881 127581 47243 264229 135892 47563 35402 27370 7590 122369 2742348 91149 61949 30808 173433
internal_value=0.000478362 -0.014257 0.045989 -0.00702226 -0.0286789 -0.00956035 -0.00764352 0.00226998 0.00431466 0.048966 -0.00581961 -0.0337876 -0.0233153 0.027422
internal_weight=100551 75957.3 24593.4 50582.5 25374.8 39730.5 29511.3 10852 10199.6 21195 22901.1 12996.2 12378.6 3398.35
internal_count=3960807 653216 3307591 467015 186201 201164 153921 265851 258261 3006577 126551 107830 78371 301014
is_linear=0
shrinkage=0.05


Tree=47
num_leaves=15
num_cat=0
split_feature=0 0 0 0 0 0 1 1 0 0 1 0 0 0
split_gain=25323.6 2964 555.506 426.129 271.076 154.736 102.991 100.885 77.9545 47.2162 45.8646 38.0447 35.2487 33.7393
threshold=0.98851981759071361 0.12712427228689197 0.99692860245704662 0.86507299542427074 0.051116930320858962 0.31192712485790258 0.25035522878170019 0.12809057533741 0.97153648734092724 0.99859085679054271 0.07773864641785623 0.033347826451063163 0.071181111037731185 0.99401089549064647
decision_type=2 2 2 2 2 2 2 2 2 2 2 2 2 2
left_child=1 4 13 5 11 10 -7 8 -5 -4 -3 -1 -6 -2
right_child=2 3 9 7 12 6 -8 -9 -10 -11 -12 -13 -14 -15
leaf_value=-0.035415759378384946 0.021590522807570456 -0.011817253988095707 0.04144999126625927 0.0014328365782563302 -0.025994483355403719 -0.0049804912873718764 -0.010090327264850346 -0.0035114612367412438 0.011265243556994918 0.049666704525990778 -0.017253936690345445 -0.029916366842018594 -0.020423343394317561 0.031692560089772136
leaf_weight=6912.1594605222344 1609.7011988330632 11003.360776484013 1933.4790420052595 7386.2050709985197 4494.2505099922419 20440.441700212657 5365.5718256533146 654.14433619566262 2772.5594620686024 18262.441301191226 2898.6348334848881 5770.1958489790559 7709.709478020668 1698.8158585662022
leaf_count=61664 127581 49229 264229 135892 31806 116527 22058 7590 122369 2742348 13350 46166 46565 173433
internal_value=0.000454016 -0.0136706 0.0457689 -0.00671322 -0.0277947 -0.0091095 -0.00681861 0.00208658 0.00411633 0.0488801 -0.013362 -0.0329137 -0.022475 0.0267776
internal_weight=98911.7 75407.2 23504.4 50520.9 24886.3 39708 25806 10812.9 10158.8 20195.9 13902 12682.4 12204 3308.52
internal_count=3960807 653216 3307591 467015 186201 201164 138585 265851 258261 3006577 62579 107830 78371 301014
is_linear=0
shrinkage=0.05


Tree=48
num_leaves=15
num_cat=0
split_feature=0 0 0 0 0 0 1 1 0 1 0 0 0 0
split_gain=23784.7 2800.54 490.545 414.297 264.688 168.559 104.828 81.8067 60.7281 52.9846 52.4984 44.207 34.5823 28.1073
threshold=0.98954081535339367 0.12712427228689197 0.99708509445190441 0.91064909100532543 0.043910730630159385 0.3811547607183457 0.25035522878170019 0.12809057533741 0.97501137852668773 0.07773864641785623 0.071181111037731185 0.99859085679054271 0.19850864261388781 0.99401089549064647
decision_type=2 2 2 2 2 2 2 2 2 2 2 2 2 2
left_child=1 4 13 5 -1 9 -7 8 -5 12 -6 -4 -3 -2
right_child=2 3 11 7 10 6 -8 -9 -10 -11 -12 -13 -14 -15
leaf_value=-0.032972743612053469 0.021883772776838555 -0.013595533986247492 0.041265575095877478 0.0028040072803650578 -0.025781682886112874 -0.0037593780679239623 -0.0088540852440500504 -0.0022366188515679404 0.012162555574793626 -0.016621564973684323 -0.019639627074342789 0.049616652509544432 -0.0088540852440500504 0.031520585338194629
leaf_weight=10395.360402531922 1327.6221830341965 5358.3519669175148 1743.5945215299726 5405.3843545690179 6402.7401290535927 19823.826192714274 4856.7711648419499 408.43576304987073 2551.7911808490753 3983.1675297915936 7618.8577650785446 17388.858576580882 8330.6381955891848 1759.3291324595921
leaf_count=92139 111812 25792 248664 120700 47497 134528 20325 6015 123137 17951 46565 2742348 34336 188998
internal_value=0.000425343 -0.0130142 0.0458714 -0.00631641 -0.0269267 -0.00832482 -0.00565568 0.00385158 0.00580521 -0.0120525 -0.0224443 0.0488556 -0.0105695 0.027376
internal_weight=97354.7 75135.3 22219.4 50718.4 24417 42352.8 24680.6 8365.61 7957.18 17672.2 14021.6 19132.5 13689 3086.95
internal_count=3960807 668985 3291822 482784 186201 232932 154853 249852 243837 78079 94062 2991012 60128 300810
is_linear=0
shrinkage=0.05


Tree=49
num_leaves=15
num_cat=0
split_feature=0 0 0 0 0 0 1 1 0 0 0 0 1 0
split_gain=22342 2611.42 501.065 370.535 257.27 133.667 97.5767 94.1825 77.6798 50.3256 45.9465 33.0302 28.6251 27.5325
threshold=0.98954081535339367 0.12712427228689197 0.99708509445190441 0.86507299542427074 0.043910730630159385 0.25131179392337805 0.19603576511144641 0.12809057533741 0.97501137852668773 0.071181111037731185 0.99859085679054271 0.60251280665397655 0.07773864641785623 0.99401089549064647
decision_type=2 2 2 2 2 2 2 2 2 2 2 2 2 2
left_child=1 4 13 5 -1 12 11 8 -5 -6 -4 -7 -3 -2
right_child=2 3 10 7 9 6 -8 -9 -10 -11 -12 -13 -14 -15
leaf_value=-0.032122124253793231 0.021250148969187962 -0.011777606807990944 0.040873630486511769 0.0016003653674962585 -0.024937981021933741 -0.0065446310398704138 -0.0099359110481273376 -0.003106265618825372 0.011693215119569427 -0.018879669857549439 0.049565733176913547 -0.003106265618825372 -0.016058767407169518 0.030910233844717236
leaf_weight=10143.583128385246 1299.5725540593266 8173.7082815766335 1674.0650970619172 7808.0220972336829 6291.2746524438262 13555.342340096831 6600.2491185069084 660.31411280296743 2522.2728214841336 7531.531794950366 16557.363392645493 9444.6861041113734 1892.8957616835833 1705.7383977775462
leaf_count=92139 111812 38108 248664 150730 47497 57728 27370 7753 123137 46565 2742348 68823 9135 188998
internal_value=0.000400731 -0.0124763 0.0456494 -0.00604277 -0.0260748 -0.00829369 -0.00660106 0.00208116 0.00406466 -0.021637 0.0487676 -0.00494404 -0.0132708 0.026733
internal_weight=95860.6 74623.9 21236.7 50657.5 23966.4 39666.9 29600.3 10990.6 10330.3 13822.8 18231.4 23000 10066.6 3005.31
internal_count=3960807 668985 3291822 482784 186201 201164 153921 281620 273867 94062 2991012 126551 47243 300810
is_linear=0
shrinkage=0.05


Tree=50
num_leaves=15
num_cat=0
split_feature=0 0 0 0 0 0 1 0 0 1 0 1 0 0
split_gain=20988.8 2491.21 429.44 393 197.316 175.011 117.148 85.861 40.5501 36.2778 33.5148 33.2463 24.301 22.8753
threshold=0.99120783805847179 0.10314369946718217 0.91064909100532543 0.998028725385666 0.25131179392337805 0.043910730630159385 0.18508945405483249 0.97802400588989269 0.60251280665397655 0.32406109571456915 0.99657732248306286 0.069470867514610304 0.029133377596735958 0.071181111037731185
decision_type=2 2 2 2 2 2 2 2 2 2 2 2 2 2
left_child=1 5 4 10 11 12 8 9 -6 -4 -2 -3 -1 -7
right_child=3 2 7 -5 6 13 -8 -9 -10 -11 -12 -13 -14 -15
leaf_value=-0.033871309537291693 0.026601896099482155 -0.011985976035633856 0.0028758500782528505 0.049197067045706901 -0.0061807504758630664 -0.024111817864745835 -0.0096681006952008142 0.011717811210913778 -0.0021716444422333918 -0.0020049406609002618 0.037001603705332814 -0.016281993274832009 -0.028912341930280375 -0.019500670639511157
leaf_weight=4728.7470961660147 2122.2130241896957 10440.058481112123 5897.8918784447014 16530.338996381499 13450.550111964345 6184.2658185586333 6966.680312640965 2576.7608698792756 11876.15243486315 242.56971499323845 1220.0877977306955 2266.7961209863424 5173.1357015520334 4759.6208414137363
leaf_count=45881 222080 51623 137884 2864454 57236 47497 29457 141317 98996 2580 173359 11320 46258 30865
internal_value=0.00037604 -0.0117931 -0.00609982 0.0460354 -0.00806745 -0.0264642 -0.0059906 0.00405757 -0.00430081 0.000843058 0.0303982 -0.0133456 -0.0312805 -0.0221064
internal_weight=94435.9 74563.2 53717.5 19872.6 45000.2 20845.8 32293.4 8717.22 25326.7 6140.46 3342.3 12706.9 9901.88 10943.9
internal_count=3960807 700914 530413 3259893 248632 170501 185689 281781 156232 140464 395439 62943 92139 78362
is_linear=0
shrinkage=0.05


Tree=51
num_leaves=15
num_cat=0
split_feature=0 0 0 0 0 0 1 1 0 0 0 1 0 0
split_gain=19731 2321.58 402.876 388.573 204.079 170.087 136.31 59.3286 51.1979 41.0943 33.4012 32.2829 32.0819 18.9413
threshold=0.99120783805847179 0.10314369946718217 0.998028725385666 0.94817888736724865 0.25131179392337805 0.037982156500220306 0.18508945405483249 0.12809057533741 0.60251280665397655 0.982647866010666 0.99692860245704662 0.069470867514610304 0.071181111037731185 0.99934533238410961
decision_type=2 2 2 2 2 2 2 2 2 2 2 2 2 2
left_child=1 5 10 4 11 -1 8 9 -6 -5 -2 -3 -7 -4
right_child=2 3 13 7 6 12 -8 -9 -10 -11 -12 -13 -14 -15
leaf_value=-0.031390644380797451 0.026597017221986215 -0.011445014753334077 0.045164560740036774 0.0051948814423723672 -0.0058666993719939985 -0.023977245396880075 -0.0090736252741298352 -0.00051358633690548887 -0.0015832073659357165 0.014325986192387511 0.037870591153132578 -0.015736886110887884 -0.018756511821407026 0.049887168964094668
leaf_weight=7888.3799157440662 2328.69167575147 10388.200880080462 2529.5543587775901 3899.5761399827898 13461.745269328356 7862.9428784549236 7183.9877497404814 168.82504711858928 14478.630912113935 1801.3785797599703 915.24886868288741 2250.6495071202517 4702.5195058733225 13215.997625660151
leaf_count=76463 253316 51623 451066 120832 57236 63173 31374 4074 144899 109055 142123 11320 30865 2413388
internal_value=0.000351349 -0.0113036 0.0458228 -0.00583771 -0.00732966 -0.0256361 -0.00536914 0.00630249 -0.003647 0.00808011 0.0297778 -0.0127781 -0.0220234 0.0491285
internal_weight=93076.3 74086.8 18989.5 53633 47763.2 20453.8 35124.4 5869.78 27940.4 5700.95 3243.94 12638.9 12565.5 15745.6
internal_count=3960807 700914 3259893 530413 296452 170501 233509 233961 202135 229887 395439 62943 94038 2864454
is_linear=0
shrinkage=0.05


Tree=52
num_leaves=15
num_cat=0
split_feature=0 0 0 0 0 0 1 0 1 1 0 0 0 0
split_gain=18550.3 2160.67 412.644 351.494 190.017 165.589 93.0214 61.7769 36.6489 34.8217 33.2156 26.4888 23.9006 23.3955
threshold=0.99120783805847179 0.10314369946718217 0.998028725385666 0.45610371232032781 0.96216398477554332 0.043910730630159385 0.32406109571456915 0.19850864261388781 0.12051381543278696 0.12809057533741 0.99657732248306286 0.9845232665538789 0.029133377596735958 0.83119860291481029
decision_type=2 2 2 2 2 2 2 2 2 2 2 2 2 2
left_child=1 5 10 7 6 12 13 -3 -9 11 -2 -6 -1 -5
right_child=2 3 -4 4 9 -7 -8 8 -10 -11 -12 -13 -14 -15
leaf_value=-0.032277384605226035 0.025296499238232257 -0.013382787127647917 0.049057909550927023 -0.003109012315021161 0.0064759578209933029 -0.020540794790585609 -0.0060180298451070254 -0.0065734218159153026 -0.010757894323792719 0.0019838428080908347 0.035988519008725621 0.01478728963220368 -0.027242431583967837 0.00029819817199329104
leaf_weight=4496.0360376089811 2014.2973255477846 8938.3039626330137 14998.662106133997 13520.632922977209 2914.6015947014093 10628.039757698774 3602.5457827150822 11143.468339189887 3877.8414313048124 94.087929467670619 1136.0511751682498 1428.5065240040421 4954.140320815146 8030.6674027480185
leaf_count=45881 222080 46772 2864454 78883 106721 78362 16131 46124 16707 3061 173359 93015 46258 122999
internal_value=0.000326014 -0.0108344 0.0456026 -0.00558966 -0.00194459 -0.0248225 -0.00362741 -0.0100915 -0.008133 0.0075951 0.0291522 0.00920967 -0.0296379 -0.00183938
internal_weight=91777.9 73628.9 18149 53550.7 29591 20078.2 25153.8 23959.6 15021.3 4437.2 3150.35 4343.11 9450.18 21551.3
internal_count=3960807 700914 3259893 530413 420810 170501 218013 109603 62831 202797 395439 199736 92139 201882
is_linear=0
shrinkage=0.05


Tree=53
num_leaves=15
num_cat=0
split_feature=0 0 0 0 0 0 1 0 1 0 1 0 0 0
split_gain=17443.7 2007.05 422.276 315.197 172.102 160.466 93.1425 56.6597 34.2688 33.1234 31.2804 31.1289 25.0668 20.761
threshold=0.99120783805847179 0.10314369946718217 0.998028725385666 0.45610371232032781 0.96718469262123119 0.037982156500220306 0.32406109571456915 0.19850864261388781 0.12051381543278696 0.99692860245704662 0.12809057533741 0.059929303824901588 0.91064909100532543 0.99934533238410961
decision_type=2 2 2 2 2 2 2 2 2 2 2 2 2 2
left_child=1 5 9 7 6 -1 12 -3 -9 -2 -6 -7 -5 -4
right_child=2 3 13 4 10 11 -8 8 -10 -11 -12 -13 -14 -15
leaf_value=-0.029766670156809595 0.025295262765582874 -0.0127969775453087 0.044638905292707351 -0.002482382803752352 0.0096243566723028875 -0.023257048437800281 -0.0057706309962827817 -0.0062474939035787984 -0.010277652331822575 0.036904951175336882 0.0022980867061264598 -0.018182575200773488 0.0016847152260209199 0.049821000935157143
leaf_weight=7521.9602954164147 2210.4297628058121 8881.5835721194744 2304.4379621045664 17584.055679492652 3759.2352347094566 5524.4231679663062 3617.8349715173244 11138.69923004508 3867.5591274946928 850.87066331971437 72.184827327728271 6672.3983398675919 4540.814520675689 11983.381364312023
leaf_count=76463 253316 46772 451066 124806 184917 47202 16333 46124 16707 142123 2684 46836 92070 2413388
internal_value=0.000297641 -0.0103888 0.0453744 -0.00535996 -0.00190955 -0.0240231 -0.00338105 -0.00963172 -0.00775833 0.0285221 0.00797722 -0.020481 -0.00162715 0.0489852
internal_weight=90529.9 73180.7 17349.1 53462 29574.1 19718.8 25742.7 23887.8 15006.3 3061.3 3831.42 12196.8 22124.9 14287.8
internal_count=3960807 700914 3259893 530413 420810 170501 233209 109603 62831 395439 187601 94038 216876 2864454
is_linear=0
shrinkage=0.05


Tree=54
num_leaves=15
num_cat=0
split_feature=0 0 0 0 0 0 1 1 0 0 1 0 0 0
split_gain=16404.9 1880.62 382.409 311.054 155.739 155.179 113.546 54.0386 41.9358 39.3766 30.8912 28.344 23.4537 21.658
threshold=0.99193000793457042 0.10314369946718217 0.998028725385666 0.94817888736724865 0.25131179392337805 0.043910730630159385 0.18508945405483249 0.12809057533741 0.9845232665538789 0.67446401715278637 0.069470867514610304 0.99692860245704662 0.029133377596735958 0.99934533238410961
decision_type=2 2 2 2 2 2 2 2 2 2 2 2 2 2
left_child=1 5 11 4 10 12 9 8 -5 -6 -3 -2 -1 -4
right_child=2 3 13 7 6 -7 -8 -9 -10 -11 -12 -13 -14 -15
leaf_value=-0.030710661032962851 0.025334579298690898 -0.0099042141874216682 0.044373723192956543 0.004873911233349959 -0.0047614324563420374 -0.019056814549147386 -0.0079601566275914332 -0.00033870380658656868 0.014433670951833663 -0.00097890229151511524 -0.014150471382612689 0.036396348841639524 -0.025608516192769361 0.049787080784125096
leaf_weight=4282.1080663874745 1968.8753654267639 10234.491795793176 2204.8225726755336 4186.6772426217794 15845.778464615345 10339.847651906312 7176.1315331682563 171.28746640030295 1580.1522686248645 12160.687802486122 2210.5776146203279 820.39976724656299 4751.9242422953248 11406.517115831375
leaf_count=45881 236475 51623 451066 136872 69824 78362 31374 4278 109652 132311 11320 142123 46258 2413388
internal_value=0.00026994 -0.00988978 0.045454 -0.00506137 -0.00640673 -0.0232396 -0.00470624 0.00572933 0.00749335 -0.00311902 -0.0112141 0.0285881 -0.0280269 0.0489102
internal_weight=89340.3 72939.7 16400.6 53565.8 47627.7 19373.9 35182.6 5938.12 5766.83 28006.5 12445.1 2789.28 9034.03 13611.3
internal_count=3960807 717755 3243052 547254 296452 170501 233509 250802 246524 202135 62943 378598 92139 2864454
is_linear=0
shrinkage=0.05


Tree=55
num_leaves=15
num_cat=0
split_feature=0 0 0 0 0 0 1 1 1 0 0 0 0 0
split_gain=15429.2 1744.16 391.332 278.809 150.215 143.628 91.0325 51.5021 43.1016 38.8888 34.2332 32.4842 30.3706 20.4362
threshold=0.99193000793457042 0.10314369946718217 0.99819654226303112 0.94817888736724865 0.037982156500220306 0.3811547607183457 0.30797621607780462 0.12809057533741 0.076393958181142821 0.9845232665538789 0.99692860245704662 0.19850864261388781 0.071181111037731185 0.73669275641441356
decision_type=2 2 2 2 2 2 2 2 2 2 2 2 2 2
left_child=1 4 10 5 -1 8 13 9 11 -5 -2 -3 -6 -7
right_child=2 3 -4 7 12 6 -8 -9 -10 -11 -12 -13 -14 -15
leaf_value=-0.02817527874507238 0.024691024096953347 -0.010597312121299163 0.048959764715381882 0.0046518468034228043 -0.020985533127311454 -0.003540279860601746 -0.0065772610375837677 -0.00035792791576799677 -0.013660293465597984 0.01391047488028219 0.036302540583818814 -0.0065772610375837677 -0.015766525391249255 -0.00055507493925810111
leaf_weight=7185.4976955354214 1920.4311027768999 7480.3574186563492 12810.809466806706 4167.7052602432668 7378.6178093999624 12886.787960454822 4482.3674630522728 171.33865271694958 4153.6430623531342 1558.1764179952443 948.15501500386745 8260.5264386534691 4479.9841653853655 10327.771271791309
leaf_count=76463 236475 39770 2833305 136872 63173 62600 19380 4278 19691 109652 173272 34318 30865 120693
internal_value=0.000245983 -0.00947645 0.0452219 -0.00485004 -0.0224706 -0.00612076 -0.0037928 0.00540491 -0.00936173 0.00717138 0.028529 -0.00816493 -0.0190139 -0.00221221
internal_weight=88212.2 72532.8 15679.4 53488.7 19044.1 47591.5 27696.9 5897.22 19894.5 5725.88 2868.59 15740.9 11858.6 23214.6
internal_count=3960807 717755 3243052 547254 170501 296452 202673 250802 93779 246524 409747 74088 94038 183293
is_linear=0
shrinkage=0.05


Tree=56
num_leaves=15
num_cat=0
split_feature=0 0 0 0 0 0 1 1 0 0 0 0 1 1
split_gain=14515 1641.4 327.973 290.696 144.574 135.085 105.259 47.9721 39.9485 35.3242 33.4419 28.8369 28.3646 14.1735
threshold=0.99309211969375621 0.10314369946718217 0.9984087646007539 0.95619344711303722 0.037982156500220306 0.25131179392337805 0.18508945405483249 0.12809057533741 0.98600685596466076 0.67446401715278637 0.99692860245704662 0.071181111037731185 0.069470867514610304 0.22467421740293506
decision_type=2 2 2 2 2 2 2 2 2 2 2 2 2 2
left_child=1 4 10 5 -1 12 9 8 -5 -7 -2 -6 -3 -4
right_child=2 3 13 7 11 6 -8 -9 -10 -11 -12 -13 -14 -15
leaf_value=-0.027386551238257114 0.025179092295754754 -0.0090151700154100199 0.049232949818811163 0.0053543864410928472 -0.020252296541586088 -0.0042742152187073444 -0.0072385729991733608 0.00037074610882735124 0.014883408477240853 -0.00075094953714037753 0.036421278461955343 -0.015135815742830834 -0.013121875247824089 0.03945285565894141
leaf_weight=7026.9064052030444 1594.1249374719337 10147.067962840199 11941.976629463024 3685.2951650582254 7266.3852752000093 15867.444469064474 7209.4881632737815 129.39620007481426 1567.7805393766612 12896.009220890701 1130.6912076808512 4434.5161505192518 2182.4356665313244 46.043728121556342
leaf_count=76463 204613 51623 2777560 135958 63173 69824 31839 4049 126440 148063 218323 30865 11320 10694
internal_value=0.000226834 -0.00897229 0.0455025 -0.00452611 -0.0217176 -0.00575432 -0.0042063 0.00649581 0.00819832 -0.00269457 0.0298442 -0.0183132 -0.0102708 0.0490616
internal_weight=87125.6 72412.7 14712.8 53684.9 18727.8 48302.4 35972.9 5382.47 5253.08 28763.5 2724.82 11700.9 12329.5 11988
internal_count=3960807 749617 3211190 579116 170501 312669 249726 266447 262398 217887 422936 94038 62943 2788254
is_linear=0
shrinkage=0.05


Tree=57
num_leaves=15
num_cat=0
split_feature=0 0 0 0 0 1 0 0 1 1 0 0 1 0
split_gain=13658.9 1531.44 305.094 263.005 191.46 140.721 101.316 34.0622 33.5188 32.0967 28.9224 28.7689 25.3785 24.1143
threshold=0.99356201291084301 0.12712427228689197 0.9984087646007539 0.97153648734092724 0.051116930320858962 0.10240114852786066 0.52759104967117321 0.029133377596735958 0.50387516617774974 0.12809057533741 0.99692860245704662 0.3811547607183457 0.040448792278766639 0.98600685596466076
decision_type=2 2 2 2 2 2 2 2 2 2 2 2 2 2
left_child=1 4 10 5 7 6 -3 -1 11 13 -2 -7 -6 -5
right_child=2 3 -4 9 12 8 -8 -9 -10 -11 -12 -13 -14 -15
leaf_value=-0.028437317379705493 0.025092669678093982 -0.0061297119454615575 0.048993385262005869 0.0066423782628530232 -0.014362411524995667 -0.010071979470912255 -0.00094197843437782104 -0.022516376071653302 -0.011903244085479448 0.001950470678509821 0.035903851897415795 -0.006883952864426255 -0.020061491230022682 0.014733723164993898
leaf_weight=3996.7061184495687 1429.3754765628837 18650.717372745275 11417.27257800661 2053.1063185445964 9543.0320098698139 3534.9379568696022 18998.980778712779 6192.6246700063348 1518.5314989462495 62.690211176872253 1090.6581163420342 4680.9457655772567 1257.787897489965 1669.6519433809444
leaf_count=45881 189584 82665 2788254 91218 69505 16481 214138 61949 7272 3066 218323 22290 8866 141315
internal_value=0.000202942 -0.00854942 0.0455179 -0.00388417 -0.0199223 -0.00489736 -0.00351185 -0.0248388 -0.0102561 0.0087983 0.0297717 -0.00824071 -0.0152842 0.0102713
internal_weight=86097 72159.7 13937.3 51169.6 20990.2 47384.1 37649.7 10189.3 9734.42 3785.45 2520.03 8215.88 10800.8 3722.76
internal_count=3960807 764646 3196161 578445 186201 342846 296803 107830 46043 235599 407907 38771 78371 232533
is_linear=0
shrinkage=0.05


Tree=58
num_leaves=15
num_cat=0
split_feature=0 0 0 0 0 0 1 0 1 0 0 0 0 0
split_gain=12852.3 1432.15 280.596 272.799 133.232 119.536 95.345 42.513 33.3027 26.6052 24.5323 24.4054 20.605 14.3946
threshold=0.99401089549064647 0.10314369946718217 0.9984087646007539 0.96216398477554332 0.037982156500220306 0.31192712485790258 0.25035522878170019 0.98600685596466076 0.07773864641785623 0.059929303824901588 0.73669275641441356 0.99692860245704662 0.15799529105424884 0.99950805306434642
decision_type=2 2 2 2 2 2 2 2 2 2 2 2 2 2
left_child=1 4 11 5 -1 8 10 -5 12 -6 -7 -2 -3 -4
right_child=2 3 13 7 9 6 -8 -9 -10 -11 -12 -13 -14 -15
leaf_value=-0.025855669805688677 0.025066083008405848 -0.0098665301890920355 0.045126247776723624 0.003651659809657089 -0.019667519461376556 -0.0032289062072140759 -0.0060863416374118372 0.013287508017674952 -0.012155707966377561 -0.014812137518960506 -0.0001880576284994746 0.035375659508878658 -0.0060863416374118372 0.049794591834507365
leaf_weight=6733.3362663835287 1262.6673811418004 4793.501370832324 2030.2709451201372 3147.3756475746632 5109.7696760520339 15572.515103310347 5814.7771465331316 1798.9282485432923 3005.7469663619995 6299.8551766872406 11553.634769957513 1052.5676649208181 8109.7380115091801 8845.3884835508652
leaf_count=76463 173433 27374 513248 123562 47202 73238 25572 159118 15002 46836 150527 218323 35903 2275006
internal_value=0.000188845 -0.0081302 0.0455584 -0.00403326 -0.0202782 -0.00516625 -0.00344739 0.00715614 -0.0087253 -0.0169866 -0.00193374 0.0297531 -0.00757735 0.0489231
internal_weight=85130.1 71939.2 13190.9 53796.2 18143 48849.9 32940.9 4946.3 15909 11409.6 27126.1 2315.24 12903.2 10875.7
internal_count=3960807 780797 3180010 610296 170501 327616 249337 282680 78279 94038 223765 391756 63277 2788254
is_linear=0
shrinkage=0.05


Tree=59
num_leaves=15
num_cat=0
split_feature=0 0 0 0 0 0 1 1 1 0 0 0 0 0
split_gain=12099.9 1322.81 287.323 248.922 127.809 117.245 87.8195 34.3965 30.916 25.5603 24.7911 24.1527 22.8442 21.8339
threshold=0.99401089549064647 0.10314369946718217 0.9984087646007539 0.97153648734092724 0.043910730630159385 0.3811547607183457 0.30797621607780462 0.076393958181142821 0.12809057533741 0.19850864261388781 0.98954081535339367 0.99692860245704662 0.83119860291481029 0.029133377596735958
decision_type=2 2 2 2 2 2 2 2 2 2 2 2 2 2
left_child=1 4 11 5 13 7 12 9 10 -3 -5 -2 -7 -1
right_child=2 3 -4 8 -6 6 -8 -9 -10 -11 -12 -13 -14 -15
leaf_value=-0.026943327123225377 0.024424081283966392 -0.0089302414192582013 0.048850373484851474 0.0072984644271164275 -0.015700664856393733 -0.0024638843438529916 -0.005337135110141532 -0.011718713411115404 0.0017860317157549774 -0.005337135110141532 0.016299050874657023 0.034836984230605467 0.00065779821296580929 -0.021755983357478359
leaf_weight=3824.3657286986709 1231.8581524132751 7342.9847332984209 10360.284306304064 2722.205720487982 9721.636391736567 16598.619265198708 4561.8113694004714 4082.3227357119322 63.642476535402238 8228.6107755899429 1064.1248182272539 1016.3264473970048 9059.1152231618762 4319.8945700898767
leaf_count=45881 173433 39770 2788254 137975 78362 91024 20351 19691 3250 34318 110525 218323 153392 46258
internal_value=0.000169127 -0.00778547 0.0453343 -0.00386601 -0.0195714 -0.00481163 -0.00285655 -0.00781772 0.00838369 -0.00674582 0.00982802 0.0291314 -0.00136169 -0.0241918
internal_weight=84197.8 71589.3 12608.5 53723.4 17865.9 49873.5 30219.5 19653.9 3849.97 15571.6 3786.33 2248.18 25657.7 8144.26
internal_count=3960807 780797 3180010 610296 170501 358546 264767 93779 251750 74088 248500 391756 244416 92139
is_linear=0
shrinkage=0.05


Tree=60
num_leaves=15
num_cat=0
split_feature=0 0 0 0 0 1 0 1 0 0 0 1 0 1
split_gain=11390.8 1222.29 293.947 237.14 133.421 90.4443 86.7505 43.7342 37.5793 30.0649 23.8592 18.1106 15.7743 14.5317
threshold=0.99401089549064647 0.085614524781703963 0.9984087646007539 0.95619344711303722 0.19850864261388781 0.14133818447589877 0.037982156500220306 0.12809057533741 0.98600685596466076 0.67446401715278637 0.99692860245704662 0.047186281532049186 0.99950805306434642 0.031361050903797157
decision_type=2 2 2 2 2 2 2 2 2 2 2 2 2 2
left_child=1 6 10 4 11 9 -1 8 -5 -6 -2 -3 -4 -8
right_child=2 3 12 7 5 -7 13 -9 -10 -11 -12 -13 -14 -15
leaf_value=-0.024353121929859878 0.023783289337875407 -0.0088787809259718922 0.044612444848170826 0.0046284491557279841 -0.0037417301342441839 -0.0068848123781302204 -0.016018120512945894 0.00037462099800774989 0.013580554148366973 -0.00058856262736768639 0.034288144150011454 -0.011982016958931901 0.049734903771884741 -0.020547759439581773
leaf_weight=6463.1294286325574 1202.5509790866636 9027.7409140914679 1849.4819410238415 3629.718270406127 18448.720944583416 8321.9860832840204 8052.2570680230856 132.18389772903174 1731.541198162362 12808.092525657266 981.84558590454981 1781.1589599251747 8020.3714931339491 848.07938357442617
leaf_count=76463 173433 51642 513248 135958 81313 37547 71595 4387 157282 147037 218323 10238 2275006 7335
internal_value=0.000151493 -0.00745389 0.0451018 -0.00401994 -0.00509542 -0.00375086 -0.0199441 0.00584466 0.00751974 -0.00244966 0.028505 -0.0100188 0.048775 -0.0167424
internal_weight=83298.9 71244.6 12054.2 55881.1 50387.7 39578.8 15363.5 5493.44 5361.26 31256.8 2184.4 10808.9 9869.85 8900.34
internal_count=3960807 780797 3180010 625404 327777 265897 155393 297627 293240 228350 391756 61880 2788254 78930
is_linear=0
shrinkage=0.05


Tree=61
num_leaves=15
num_cat=0
split_feature=0 0 0 0 0 1 0 0 1 0 0 0 1 0
split_gain=10725.9 1136.97 273.293 231.268 135.688 108.153 82.7647 45.7785 23.5204 20.4461 18.6395 17.5397 17.4868 16.4553
threshold=0.99440735578536998 0.085614524781703963 0.9984087646007539 0.97802400588989269 0.19850864261388781 0.16048688441514972 0.033347826451063163 0.73669275641441356 0.078914269804954543 0.99692860245704662 0.98954081535339367 0.051116930320858962 0.047186281532049186 0.99950805306434642
decision_type=2 2 2 2 2 2 2 2 2 2 2 2 2 2
left_child=1 6 9 4 12 7 -1 -6 10 -2 -5 -8 -3 -4
right_child=2 3 13 8 5 -7 11 -9 -10 -11 -12 -13 -14 -15
leaf_value=-0.02452083241965252 0.02363342003372795 -0.0084758358804938351 0.044352283407653487 0.0077494697712344063 -0.0034157558600017238 -0.0064517136997200176 -0.019004886489826137 0.00035224333079022303 0.0024320522454141721 0.033729502953042209 0.015832984671389366 -0.014813546064585926 -0.011532067035656676 0.049703876807856873
leaf_weight=5000.1701986268163 1063.3283142596483 8985.1923371702433 1769.344060966745 1908.19852888491 20779.832299634814 8098.5619590692222 4459.5774115771055 13169.484432183206 59.748087123036385 949.04028443060815 1138.693844307214 5669.1394841521978 1769.6181192547083 7633.856878295308
leaf_count=61664 157666 51642 513248 107446 95535 37419 46166 209370 3939 218323 125582 47563 10238 2275006
internal_value=0.000131833 -0.00709727 0.045118 -0.00380679 -0.00458681 -0.00330494 -0.0192573 -0.00195409 0.00945091 0.0283948 0.0107705 -0.016659 -0.00959848 0.0486969
internal_weight=82453.8 71038.2 11415.6 55909.3 52802.7 42047.9 15128.9 33949.3 3106.64 2012.37 3046.89 10128.7 10754.8 9403.2
internal_count=3960807 796564 3164243 641171 404204 342324 155393 304905 236967 375989 233028 93729 61880 2788254
is_linear=0
shrinkage=0.05


Tree=62
num_leaves=15
num_cat=0
split_feature=0 0 0 0 0 1 0 1 0 1 0 0 0 1
split_gain=10101.1 1056.42 253.753 216.576 110.504 107.227 89.5998 36.029 27.5173 22.8143 21.1257 20.5314 20.0547 17.7359
threshold=0.99476382136344921 0.10314369946718217 0.9984087646007539 0.97802400588989269 0.043910730630159385 0.087797813117504134 0.45610371232032781 0.50387516617774974 0.3811547607183457 0.078914269804954543 0.025575459934771064 0.92593592405319225 0.98954081535339367 0.15012049674987796
decision_type=2 2 2 2 2 2 2 2 2 2 2 2 2 2
left_child=1 4 13 5 10 6 -3 8 -7 12 -1 -8 -5 -2
right_child=2 3 -4 9 -6 7 11 -9 -10 -11 -12 -13 -14 -15
leaf_value=-0.025936341774640471 0.029556890378630647 -0.0055411809623566975 0.048615837726949808 0.007418567757209258 -0.0139419568897356 -0.008569805821453327 -0.0015944319846573178 -0.010442356433654043 -0.0058184765292681913 0.0026187505985372575 -0.020267154832468926 0.0021440139141997733 0.015626536726333892 0.019188959515068056
leaf_weight=2377.6139107346535 1834.2968490398489 18253.414579957724 8959.16506385291 1894.0173881016672 9416.5324165895581 3865.1209152489901 17442.098490327597 1536.1077283993363 4793.8278672788292 61.209075320046395 5320.5120327547193 4652.1879780869931 1225.8503562798724 16.044780438765883
leaf_count=30360 357148 85753 2788254 107446 78362 18743 133181 7461 23570 4176 61779 120388 141085 3101
internal_value=0.000113469 -0.00675643 0.0451344 -0.00331012 -0.0175746 -0.00410655 -0.0029489 -0.00868805 -0.00669726 0.00934405 -0.0220181 -0.000807262 0.0106436 0.0282774
internal_weight=81648 70838.5 10809.5 53723.8 17114.7 50542.8 40347.7 10195.1 8658.95 3181.08 7698.13 22094.3 3119.87 1850.34
internal_count=3960807 812304 3148503 641803 170501 389096 339322 49774 42313 252707 92139 253569 248531 360249
is_linear=0
shrinkage=0.05


Tree=63
num_leaves=15
num_cat=0
split_feature=0 0 0 0 0 1 0 0 1 1 0 0 0 0
split_gain=9507.52 977.862 259.72 203.627 117.13 89.1909 75.6116 30.0238 24.8708 22.1876 18.7338 18.0129 17.9054 15.8462
threshold=0.99476382136344921 0.085614524781703963 0.9984087646007539 0.97802400588989269 0.25131179392337805 0.23099709302186969 0.033347826451063163 0.89099088311195385 0.054799228906631477 0.078914269804954543 0.98954081535339367 0.99950805306434642 0.99692860245704662 0.059929303824901588
decision_type=2 2 2 2 2 2 2 2 2 2 2 2 2 2
left_child=1 6 12 4 8 7 -1 -6 -3 10 -5 -4 -2 -8
right_child=2 3 11 9 5 -7 13 -9 -10 -11 -12 -13 -14 -15
leaf_value=-0.023078454985705779 0.022667821614607345 -0.006986578825114928 0.043773636459859974 0.0070994930345858274 -0.0022688442834560745 -0.0054017579212157444 -0.017018303552223217 0.0014645734753083244 -0.01068680033465343 0.0023685380625621854 0.015080810348239704 0.049640339450287174 0.032649659342011958 -0.01290430563334378
leaf_weight=4807.6860337182879 905.78467411547899 11704.03495785594 1613.2574204746634 1880.536573712714 25140.33403429389 6519.400734692812 6076.6167130023241 6853.0084204077721 2491.6699935048819 61.054815741255879 1207.1842275937088 6923.3804750596173 891.39642406674102 3807.123179025948
leaf_count=61664 141926 64262 513248 107446 144424 29471 62001 152258 13789 4176 141085 2275006 218323 31728
internal_value=0.000103685 -0.0064572 0.0448946 -0.00343824 -0.00417611 -0.00274511 -0.0179354 -0.00146914 -0.00805841 0.00891319 0.0102199 0.0485316 0.0276188 -0.0154336
internal_weight=80882.5 70548.6 10333.8 55857.2 52708.4 38512.7 14691.4 31993.3 14195.7 3148.78 3087.72 8536.64 1797.18 9883.74
internal_count=3960807 812304 3148503 656911 404204 326153 155393 296682 78051 252707 248531 2788254 360249 93729
is_linear=0
shrinkage=0.05


Tree=64
num_leaves=15
num_cat=0
split_feature=0 0 0 0 0 1 0 0 1 0 0 0 1 0
split_gain=8955.07 899.984 265.128 183.818 108.279 88.9683 72.1085 34.4126 21.2257 18.7713 17.591 17.4771 15.5548 14.2459
threshold=0.99476382136344921 0.085614524781703963 0.9984087646007539 0.97802400588989269 0.19850864261388781 0.16048688441514972 0.037982156500220306 0.73669275641441356 0.078914269804954543 0.99950805306434642 0.99692860245704662 0.98954081535339367 0.047186281532049186 0.022666972130537037
decision_type=2 2 2 2 2 2 2 2 2 2 2 2 2 2
left_child=1 6 10 4 12 7 13 -6 11 -4 -2 -5 -3 -1
right_child=2 3 9 8 5 -7 -8 -9 -10 -11 -12 -13 -14 -15
leaf_value=-0.026436114535102081 0.022034672814780679 -0.0074336209672445537 0.043482977717994017 0.0067920119096091525 -0.0028980916950955404 -0.0056856391787105803 -0.014324779266278146 0.00036847919923254182 0.0022483558537382984 0.049606990687480278 0.032065140658310891 0.014546203173507436 -0.010294462346486481 -0.0202868784194109
leaf_weight=1170.4458767175674 885.73860115604475 8873.8884415775537 1544.5799188942183 1867.7220269842073 20791.53929014504 8090.0042323749512 8491.582032546401 13169.423053804785 60.915617782622576 6590.0401855229866 862.99054049281403 1189.4346293872222 1739.7851724922657 4822.6946663931012
leaf_count=15568 141926 51642 513248 107446 95535 37419 78930 209370 4176 2275006 218323 141085 10238 60895
internal_value=8.40811e-05 -0.00618387 0.0446472 -0.0033004 -0.00399879 -0.00285978 -0.0172885 -0.00163138 0.0084955 0.0484442 0.0269847 0.0098089 -0.0085115 -0.0214878
internal_weight=80150.8 70267.4 9883.35 55782.7 52664.6 42051 14484.7 33961 3118.07 8134.62 1748.73 3057.16 10613.7 5993.14
internal_count=3960807 812304 3148503 656911 404204 342324 155393 304905 252707 2788254 360249 248531 61880 76463
is_linear=0
shrinkage=0.05


Tree=65
num_leaves=15
num_cat=0
split_feature=0 0 0 0 0 1 0 0 1 1 1 0 0 0
split_gain=8435.74 834.496 246.271 164.264 125.245 95.5587 55.4761 26.46 26.0288 22.497 21.1172 19.8171 19.5545 17.2331
threshold=0.99509766697883617 0.12712427228689197 0.9984087646007539 0.97802400588989269 0.051116930320858962 0.12051381543278696 0.60251280665397655 0.029133377596735958 0.47478772699832922 0.040448792278766639 0.078914269804954543 0.99046719074249279 0.99950805306434642 0.3811547607183457
decision_type=2 2 2 2 2 2 2 2 2 2 2 2 2 2
left_child=1 4 -2 5 7 6 -3 -1 13 -6 11 -5 -4 -7
right_child=2 3 12 10 9 8 -8 -9 -10 -11 -12 -13 -14 -15
leaf_value=-0.022666735836962253 0.026824652755202405 -0.0039248306800423764 0.043181962051748263 0.0068495570814381375 -0.01010780010651921 -0.0071504173464581227 -0.00012215989465396535 -0.017043189674351981 -0.0087137982411067353 -0.015120417302763964 0.002561575423717473 0.015199571707223464 0.049572699734687475 -0.0050318720616902655
leaf_weight=3390.8759710043669 1603.0785608156584 21225.330886095762 1479.2363968780264 2034.1394328093156 8895.3871836140752 3151.5551243126392 17497.862496627495 5459.6992220506072 1921.7061641588807 1166.1302065849304 62.262311489321291 1092.0415915376507 6272.8682055652607 4200.2570981197059
leaf_count=45881 344389 95710 513248 123809 69505 14974 233547 61949 9095 8866 4410 140348 2275006 20070
internal_value=6.75097e-05 -0.00588436 0.0446642 -0.00256825 -0.0148593 -0.0032983 -0.00220652 -0.0191977 -0.00785723 -0.0110431 0.00842145 0.00976639 0.0483532 -0.00558704
internal_weight=79452.4 70097.2 9355.18 51185.2 18912.1 47996.7 38723.2 8850.58 9273.52 10061.5 3188.44 3126.18 7752.1 7351.81
internal_count=3960807 828164 3132643 641963 186201 373396 329257 107830 44139 78371 268567 264157 2788254 35044
is_linear=0
shrinkage=0.05


Tree=66
num_leaves=15
num_cat=0
split_feature=0 0 0 0 0 1 0 0 1 0 0 0 1 0
split_gain=7943.71 771.275 251.118 162.067 92.2362 77.2448 65.0678 28.1251 20.9448 20.3627 18.4773 15.5127 14.4137 13.7318
threshold=0.99509766697883617 0.085614524781703963 0.9984087646007539 0.97802400588989269 0.19850864261388781 0.16048688441514972 0.033347826451063163 0.86507299542427074 0.078914269804954543 0.99950805306434642 0.99046719074249279 0.99692860245704662 0.047186281532049186 0.059929303824901588
decision_type=2 2 2 2 2 2 2 2 2 2 2 2 2 2
left_child=1 6 11 4 12 7 -1 -6 10 -4 -5 -2 -3 -8
right_child=2 3 9 8 5 -7 13 -9 -10 -11 -12 -13 -14 -15
leaf_value=-0.020991261240302584 0.020984655005181096 -0.0067812585558075832 0.042870344864835368 0.0065513651531896606 -0.0022546415874094118 -0.0052125727235428345 -0.015234387427067453 0.0011206027731935349 0.0021872009520714692 0.049537397016053565 0.014662898459658989 0.030962453051240603 -0.0095260494663435488 -0.011344255878857682
leaf_weight=4549.8107546791434 747.04930507065728 8803.6098519265652 1417.0659771307837 2020.7401857897639 25862.327401854098 8084.9285707380623 5853.2937467768788 8106.5730484370142 62.108690566383302 5971.0837497815955 1075.8316857032478 814.00711447652429 1720.6457149982452 3704.0323083028197
leaf_count=61664 126066 51642 513248 123809 138313 37419 62001 166592 4410 2275006 140348 218323 10238 31728
internal_value=5.70419e-05 -0.0056258 0.0444087 -0.00298242 -0.00364327 -0.00259563 -0.0160697 -0.00144915 0.00801767 0.0482586 0.00936953 0.0261875 -0.00782952 -0.0137267
internal_weight=78793.1 69843.9 8949.21 55736.8 52578.1 42053.8 14107.1 33968.9 3158.68 7388.15 3096.57 1561.06 10524.3 9557.33
internal_count=3960807 828164 3132643 672771 404204 342324 155393 304905 268567 2788254 264157 344389 61880 93729
is_linear=0
shrinkage=0.05


Tree=67
num_leaves=15
num_cat=0
split_feature=0 0 0 0 1 0 0 0 0 1 0 0 0 0
split_gain=7483.91 712.625 233.319 159.748 91.7318 128.534 61.613 21.1958 20.5009 18.7127 15.5987 14.8699 13.4697 12.8597
threshold=0.99540078639984142 0.085614524781703963 0.9984087646007539 0.982647866010666 0.47478772699832922 0.45610371232032781 0.033347826451063163 0.99950805306434642 0.19850864261388781 0.024062802083790306 0.93857911229133617 0.99120783805847179 0.99692860245704662 0.059929303824901588
decision_type=2 2 2 2 2 2 2 2 2 2 2 2 2 2
left_child=1 6 12 4 5 8 -1 -4 -3 11 -7 -5 -2 -8
right_child=2 3 7 9 -6 10 13 -9 -10 -11 -12 -13 -14 -15
leaf_value=-0.020306207953548702 0.020586888850187807 -0.0060410971855303884 0.042547899665636296 0.0076628527612616617 -0.0091471390190629442 -0.0010280388055087073 -0.014652072498535529 0.049500984441174428 -0.004037780665459882 0.0029717055357012041 0.0021994819729221032 0.015586611678546481 0.030356657053868398 -0.010869132971641944
leaf_weight=4470.2010762840509 637.91024843789637 10482.460404351354 1357.9153294740245 1501.3511741468683 1929.626121269539 21437.474444437772 5783.4429245591164 5683.9446945709642 14812.231740489602 88.389318207744509 4535.6836890764534 977.63858521403745 789.37022502580658 3673.4477711841464
leaf_count=61664 110093 61880 513248 106790 9236 163083 62001 2275006 62831 8039 138067 138818 218323 31728
internal_value=4.15416e-05 -0.00535192 0.0444239 -0.00282519 -0.00341309 -0.00293506 -0.0154691 0.0481602 -0.00547196 0.0093565 -0.000464418 0.0107877 0.0259901 -0.0131826
internal_weight=78161.1 69691.9 8469.14 55764.9 53197.5 51267.9 13927.1 7041.86 25294.7 2567.38 25973.2 2478.99 1427.28 9456.89
internal_count=3960807 844137 3116670 688744 435097 425861 155393 2788254 124711 253647 301150 245608 328416 93729
is_linear=0
shrinkage=0.05


Tree=68
num_leaves=15
num_cat=0
split_feature=0 0 0 0 0 1 0 1 1 0 0 1 0 0
split_gain=7061.55 682.267 191.241 131.896 130.045 92.1395 35.8339 27.0606 25.8646 23.7402 23.1213 17.4953 17.0452 15.4362
threshold=0.99657732248306286 0.15799529105424884 0.9845232665538789 0.99903741478919994 0.051116930320858962 0.12051381543278696 0.83119860291481029 0.040448792278766639 0.057163948193192489 0.025575459934771064 0.99309211969375621 0.47478772699832922 0.99819654226303112 0.071181111037731185
decision_type=2 2 2 2 2 2 2 2 2 2 2 2 2 2
left_child=1 4 5 8 9 6 -3 13 12 -1 -4 -7 -2 -6
right_child=3 2 10 -5 7 11 -8 -9 -10 -11 -12 -13 -14 -15
leaf_value=-0.021853272463981568 0.0289397753454055 -0.0023399377111803436 0.0075148515331591378 0.048813083732203215 -0.010795215166986456 -0.0046218973494116062 0.00111251950569968 -0.013270487367703039 0.020333240567799917 -0.015741493720221662 0.017019496037751752 -0.0070946095322441463 0.039890293886630707 -0.0071266487537837032
leaf_weight=2120.487385571003 778.40091293305159 26512.135416738689 1613.5989557150751 6196.0957861226052 3148.4603358954191 7174.7514829020947 10489.481993431225 1623.4255718588829 21.209294434636831 6337.6544846519828 1060.3079467820935 1933.8972769789398 653.88105604960583 7894.9245598837733
leaf_count=30360 201293 134158 142858 2587406 29257 34565 226931 11653 6405 77470 173377 9306 242709 53059
internal_value=2.39459e-05 -0.0049667 -0.00171629 0.0456332 -0.0124729 -0.00247016 -0.00136121 -0.00926724 0.0320776 -0.0172737 0.0112838 -0.00697498 0.033939 -0.00831994
internal_weight=77558.7 69909.1 48784.2 7649.59 21125 46110.3 37001.6 12666.8 1453.49 8458.14 2673.91 9108.65 1432.28 11043.4
internal_count=3960807 922994 721195 3037813 201799 404960 361089 93969 450407 107830 316235 43871 444002 82316
is_linear=0
shrinkage=0.05


Tree=69
num_leaves=15
num_cat=0
split_feature=0 0 0 0 0 1 0 1 1 0 0 0 1 0
split_gain=6658.7 624.773 174.51 135.696 121.252 86.071 32.962 25.5555 24.6935 22.6607 21.727 17.0862 16.748 14.4332
threshold=0.99657732248306286 0.15799529105424884 0.9845232665538789 0.99903741478919994 0.051116930320858962 0.12051381543278696 0.73669275641441356 0.040448792278766639 0.057163948193192489 0.029133377596735958 0.99356201291084301 0.99819654226303112 0.47478772699832922 0.071181111037731185
decision_type=2 2 2 2 2 2 2 2 2 2 2 2 2 2
left_child=1 4 5 8 9 6 -3 13 11 -1 -4 -2 -7 -6
right_child=3 2 10 -5 7 12 -8 -9 -10 -11 -12 -13 -14 -15
leaf_value=-0.019990451163973799 0.028314747076592713 -0.0024593604980042566 0.0074846305252964929 0.048742266185759518 -0.010361189724213661 -0.0043935882256279776 0.0006165181147770424 -0.012766291528629188 0.020333395506121704 -0.014617204984985378 0.016959343826317898 0.039470224639303116 -0.0068123245995843212 -0.0068123245995843212
leaf_weight=3159.149093285203 756.3699968745932 22972.215714246035 1707.1753190970048 5902.2586911430117 3122.8850376680493 7170.3183675836772 14029.083736469969 1609.4984887391329 20.785339060239494 5178.7684556022286 937.26810044655576 628.445022119442 1935.8335646297783 7860.0038734972477
leaf_count=45881 201293 106452 157887 2587406 29257 34565 254637 11653 6405 61949 158348 242709 9306 53059
internal_value=1.13517e-05 -0.00475056 -0.00164842 0.0454174 -0.0119762 -0.00236483 -0.00129314 -0.00887951 0.0314557 -0.0166531 0.0108427 0.0333772 -0.00671949 -0.00795609
internal_weight=76990.1 69682.2 48751.9 7307.86 20930.3 46107.5 37001.3 12592.4 1405.6 8337.92 2644.44 1384.82 9106.15 10982.9
internal_count=3960807 922994 721195 3037813 201799 404960 361089 93969 450407 107830 316235 444002 43871 82316
is_linear=0
shrinkage=0.05


Tree=70
num_leaves=15
num_cat=0
split_feature=0 0 0 0 0 1 0 1 1 0 1 1 0 0
split_gain=6281.47 580.581 184.652 112.902 106.02 87.9737 41.9993 24.1245 23.704 21.7632 16.951 15.3103 13.982 13.4855
threshold=0.99692860245704662 0.15799529105424884 0.98851981759071361 0.051116930320858962 0.99903741478919994 0.12051381543278696 0.93857911229133617 0.040448792278766639 0.057163948193192489 0.025575459934771064 0.18935011327266696 0.47478772699832922 0.99401089549064647 0.071181111037731185
decision_type=2 2 2 2 2 2 2 2 2 2 2 2 2 2
left_child=1 3 5 9 8 6 -3 13 -2 -1 12 -7 -4 -5
right_child=4 2 10 7 -6 11 -8 -9 -10 -11 -12 -13 -14 -15
leaf_value=-0.020516248045640534 0.034348834932211587 -0.0017785896939133744 0.010443337163416408 -0.0099413916027561253 0.048668579971212649 -0.0041927602540106305 0.0029955140998079192 -0.012276664040140644 0.020652110036151691 -0.014566664084324891 0.0054051059340623859 -0.00650390191113799 0.01865260352845859 -0.00650390191113799
leaf_weight=2046.2405932545662 1180.4553799291607 32287.506201695651 1120.3762134676799 3098.4607816189528 5622.6915591242723 7173.9181806240231 5373.4813749818131 1596.1391933113337 17.690628131153062 6176.9365939646959 18.72573349205777 1940.5958208851516 965.79892952926457 7826.6572250574827
leaf_count=30360 413272 209221 126515 29257 2587406 35015 197710 11653 5899 77470 2369 9471 172130 53059
internal_value=-7.60281e-07 -0.00448678 -0.00151235 -0.0114955 0.045791 -0.00216426 -0.00109742 -0.00850618 0.032287 -0.0160471 0.0129745 -0.0065039 0.0142438 -0.00760612
internal_weight=76445.7 69624.8 48880.4 20744.4 6820.84 46775.5 37661 12521.3 1198.15 8223.18 2104.9 9114.51 2086.18 10925.1
internal_count=3960807 954230 752431 201799 3006577 451417 406931 93969 419171 107830 301014 44486 298645 82316
is_linear=0
shrinkage=0.05


Tree=71
num_leaves=15
num_cat=0
split_feature=0 0 0 0 0 1 0 0 1 1 1 0 0 0
split_gain=5926.54 531.214 174.153 109.133 84.7134 73.6055 39.245 23.4894 22.6488 18.5464 17.7272 16.0045 14.7359 12.6531
threshold=0.99692860245704662 0.12712427228689197 0.9845232665538789 0.99903741478919994 0.043910730630159385 0.12051381543278696 0.60251280665397655 0.99356201291084301 0.057163948193192489 0.032599817961454398 0.47478772699832922 0.022666972130537037 0.071181111037731185 0.95619344711303722
decision_type=2 2 2 2 2 2 2 2 2 2 2 2 2 2
left_child=1 4 5 8 11 6 -3 -4 -2 12 -7 -1 -6 -8
right_child=3 2 7 -5 9 10 13 -9 -10 -11 -12 -13 -14 -15
leaf_value=-0.021932285481575418 0.033794994767427415 -0.0029473090700408953 0.0068448219184444551 0.048591860710552541 -0.010435839447371165 -0.004252305709620912 -0.00040269015956818184 0.016334505191229771 0.020644486764627209 -0.012632155122226381 -0.0067361479040548983 -0.01515094189049964 -0.0067361479040548983 0.0030149233714240296
leaf_weight=1028.3561843633652 1140.823629950406 21146.624490752816 1682.5124515825883 5356.7042586184107 4345.0598082616925 7327.3993748128414 15172.371958900243 1064.7614561007358 17.331210935721174 1320.1685804575682 1939.3704413548112 5652.4578628242016 5441.1228852644563 3296.720969710499
leaf_count=15568 413272 95710 157887 2587406 43245 35547 158848 189584 5899 10932 9306 76571 39885 121147
internal_value=-1.44727e-05 -0.00429383 -0.00172654 0.0455828 -0.0117458 -0.00241497 -0.00147659 0.0105227 0.0316653 -0.00906954 -0.00642657 -0.0161948 -0.00825696 0.000207352
internal_weight=75931.8 69416.9 51629.8 6514.86 17787.2 48882.5 39615.7 2747.27 1158.15 11106.4 9266.77 6680.81 9786.18 18469.1
internal_count=3960807 954230 768029 3006577 186201 420558 375705 347471 419171 94062 44853 92139 83130 279995
is_linear=0
shrinkage=0.05


Tree=72
num_leaves=15
num_cat=0
split_feature=0 0 0 0 1 0 0 0 1 0 0 1 0 0
split_gain=5589.98 487.66 169.83 112.25 70.4469 91.3846 46.9862 25.9614 21.5816 13.4012 11.8307 11.5411 10.7118 9.55637
threshold=0.99692860245704662 0.085614524781703963 0.982647866010666 0.99903741478919994 0.47478772699832922 0.45610371232032781 0.033347826451063163 0.99309211969375621 0.057163948193192489 0.25131179392337805 0.99834179878234874 0.031361050903797157 0.059929303824901588 0.99960422515869152
decision_type=2 2 2 2 2 2 2 2 2 2 2 2 2 2
left_child=1 6 4 8 5 9 -1 -4 10 -3 -2 12 -8 -5
right_child=3 2 7 13 -6 -7 11 -9 -10 -11 -12 -13 -14 -15
leaf_value=-0.017180048106954251 0.028672304969286185 -0.0048558835751059352 0.0058175544210852248 0.043704638062701993 -0.0074185463259962489 -0.00021608746370998944 -0.011520696849444224 0.01534660052466795 0.020630904448045401 -0.0030274790842176923 0.03911233248975482 -0.013961987793615981 -0.0078075326032287229 0.0494857077313254
leaf_weight=4135.0039638653398 621.38186506833881 13799.617039844394 1887.2333006565459 859.65136432391591 1939.3291255217046 25998.63295414485 5115.1455518379807 1150.5298883840442 16.979180871741846 11277.879901409149 481.74066075240262 778.22761133313179 3131.3004521429539 4243.988037829753
leaf_count=61664 200127 78051 159127 420995 9236 301150 58027 204613 5899 46660 213145 7759 27943 2166411
internal_value=-2.29175e-05 -0.00410438 -0.00207082 0.0453662 -0.00272962 -0.00229322 -0.0127663 0.00942661 0.0310328 -0.00444665 0.0332315 -0.0107439 -0.0101108 0.048512
internal_weight=75436.6 69212.9 56053.2 6223.74 53015.5 51076.1 13159.7 3037.76 1120.1 25077.5 1103.12 9024.67 8246.45 5103.64
internal_count=3960807 954230 798837 3006577 435097 425861 155393 363740 419171 124711 413272 93729 85970 2587406
is_linear=0
shrinkage=0.05


Tree=73
num_leaves=15
num_cat=0
split_feature=0 1 0 0 0 0 1 0 1 1 0 0 0 0
split_gain=5273.42 471.278 464.653 158.747 115.358 90.546 53.3473 26.7238 21.0029 20.5148 18.0698 18.0691 14.9921 11.8378
threshold=0.99692860245704662 0.83716374635696422 0.15799529105424884 0.98600685596466076 0.99903741478919994 0.043910730630159385 0.12051381543278696 0.92593592405319225 0.042221654206514365 0.057163948193192489 0.99401089549064647 0.071181111037731185 0.022666972130537037 0.99834179878234874
decision_type=2 2 2 2 2 2 2 2 2 2 2 2 2 2
left_child=1 2 5 6 9 12 7 -4 11 13 -5 -7 -1 -2
right_child=4 -3 3 10 -6 8 -8 -9 -10 -11 -12 -13 -14 -15
leaf_value=-0.020693926395588438 0.028046859801875684 -0.15576724495304606 -0.0015688545098459729 0.0078736381727468017 0.048428688114871749 -0.0092959908009043312 -0.0052731348788163743 0.0021253397811138988 -0.011462911797298449 0.020605581858496508 0.016715299383226155 -0.0056778600797577523 -0.014023570749642347 0.038671119748508703
leaf_weight=994.32824265956879 603.9250555827748 51.066708732396364 31407.217223033309 1538.8671387727372 4862.8828061971581 4416.0995947793126 9051.2667112611234 5799.4895661165938 1568.2285143956542 16.634483957663178 925.338578812778 7754.9731754809618 5512.104240655899 463.34332647453994
leaf_count=15568 200127 768 193638 158957 2587406 44702 43626 182162 11779 5899 173280 53179 76571 213145
internal_value=-3.71433e-05 -0.00392976 -0.00381733 -0.00117179 0.0451409 -0.0101839 -0.00183052 -0.000993032 -0.00788287 0.0303905 0.0111938 -0.00712907 -0.015043 0.0326593
internal_weight=74965.8 69019 68967.9 48722.2 5946.79 20245.7 46258 37206.7 13739.3 1083.9 2464.21 12171.1 6506.43 1067.27
internal_count=3960807 954230 953462 751663 3006577 201799 419426 375800 109660 419171 332237 97881 92139 413272
is_linear=0
shrinkage=0.05


Tree=74
num_leaves=15
num_cat=0
split_feature=0 0 0 0 1 0 0 1 1 0 1 0 0 0
split_gain=4970.94 411.21 137.148 118.455 66.1743 74.4346 54.7255 19.4284 15.0506 14.1931 13.9372 11.8253 11.0851 10.9763
threshold=0.99692860245704662 0.10314369946718217 0.98851981759071361 0.99903741478919994 0.47478772699832922 0.45610371232032781 0.037982156500220306 0.057163948193192489 0.18935011327266696 0.96718469262123119 0.031776769086718566 0.99834179878234874 0.99476382136344921 0.022666972130537037
decision_type=2 2 2 2 2 2 2 2 2 2 2 2 2 2
left_child=1 6 4 7 5 -3 13 11 12 -7 -8 -2 -4 -1
right_child=3 2 8 -5 -6 9 10 -9 -10 -11 -12 -13 -14 -15
leaf_value=-0.020023320431720993 0.027417702911922488 -0.0038471214898348222 0.0096054481571528124 0.048341888645978562 -0.0063918756357286598 -0.00036799742132627374 -0.0081688716889253467 0.020579821805183248 0.0044565063595163948 0.0033502367880984987 -0.012070322422913844 0.038217928912343047 0.017359229477692553 -0.014134631784640939
leaf_weight=976.70462501049042 587.3207748204004 22921.803248360753 1261.3334419233724 4633.8166415214073 1952.0844977162778 24108.929762363434 8829.8427728414536 16.297154821688309 18.425271632615477 2872.2735667573288 1003.4419210776687 445.84137838915922 726.40830831974745 4169.5104287415743
leaf_count=15568 200127 109603 157773 2587406 9471 224444 84686 5899 2369 139197 9352 213145 140872 60895
internal_value=-3.66105e-05 -0.00374698 -0.00170905 0.0449066 -0.00220532 -0.00175204 -0.0110747 0.0297385 0.0111183 2.78258e-05 -0.00888839 0.0320783 0.012439 -0.0152523
internal_weight=74524 68840.8 53861.3 5683.28 51855.1 49903 14979.5 1049.46 2006.17 26981.2 9833.28 1033.16 1987.74 5146.22
internal_count=3960807 954230 783729 3006577 482715 473244 170501 419171 301014 363641 94038 413272 298645 76463
is_linear=0
shrinkage=0.05


Tree=75
num_leaves=15
num_cat=0
split_feature=0 1 0 0 0 0 1 0 1 0 1 0 0 0
split_gain=4688.05 387.632 394.038 139.211 111.81 78.1138 46.106 22.1446 19.5868 17.7621 17.4676 17.2566 10.9698 10.8797
threshold=0.99708509445190441 0.83716374635696422 0.15799529105424884 0.98600685596466076 0.99903741478919994 0.051116930320858962 0.12051381543278696 0.91064909100532543 0.040448792278766639 0.99401089549064647 0.057163948193192489 0.025575459934771064 0.99960422515869152 0.99834179878234874
decision_type=2 2 2 2 2 2 2 2 2 2 2 2 2 2
left_child=1 2 5 6 10 11 7 -4 -7 -5 13 -1 -6 -2
right_child=4 -3 3 9 12 8 -8 -9 -10 -11 -12 -13 -14 -15
leaf_value=-0.01745941615151703 0.027022906089446564 -0.13418029441317528 -0.0014474602481136718 0.0072063983465547061 0.042730202991098913 -0.0060506219720923744 -0.0048537924682656754 0.0017187089680981205 -0.010098937502437122 0.015946943689947222 0.020653627502848278 -0.011965743231139846 0.049376217347800955 0.037752806665075689
leaf_weight=1892.3194900751114 525.50769703276455 56.758651787880808 30450.344265878201 1515.4374116710387 747.3909894740209 10669.864495448768 9043.2312108296901 6746.0168257504702 1544.2340255826712 942.88547408906743 15.120810472872106 5844.0070590749383 3668.4946531876922 429.19156040297821
leaf_count=30360 184824 788 178905 158957 420995 82316 43626 196895 11653 188825 5637 77470 2166411 213145
internal_value=-4.65831e-05 -0.00356794 -0.00345995 -0.00103533 0.0448752 -0.00937834 -0.00165173 -0.000873237 -0.00688837 0.0105588 0.0295024 -0.0133095 0.0482514 0.0318466
internal_weight=74090.8 68705.1 68648.3 48697.9 5385.71 19950.4 46239.6 37196.4 12214.1 2458.32 969.82 7736.33 4415.89 954.699
internal_count=3960807 969795 969007 767208 2991012 201799 419426 375800 93969 347782 403606 107830 2587406 397969
is_linear=0
shrinkage=0.05


Tree=76
num_leaves=15
num_cat=0
split_feature=0 0 0 0 1 0 0 1 1 0 0 0 1 0
split_gain=4419.04 353.196 136.658 96.337 60.4319 72.46 36.1677 16.8435 15.9239 14.4134 13.9522 11.4173 10.1104 8.67242
threshold=0.99736866354942333 0.085614524781703963 0.98851981759071361 0.99903741478919994 0.50387516617774974 0.3811547607183457 0.033347826451063163 0.18935011327266696 0.057163948193192489 0.99476382136344921 0.94817888736724865 0.99960422515869152 0.031361050903797157 0.99834179878234874
decision_type=2 2 2 2 2 2 2 2 2 2 2 2 2 2
left_child=1 6 4 8 5 -3 -1 9 13 -4 -7 -5 -8 -2
right_child=3 2 7 11 -6 10 12 -9 -10 -11 -12 -13 -14 -15
leaf_value=-0.014900302581467396 0.027092583440103759 -0.004020596375379425 0.008867444077398744 0.042406355238616168 -0.0062845529515273895 -0.00067415335817305321 -0.008503968814038006 0.0043556649187988629 0.020843655408698283 0.017357491185406294 0.0022755845432549161 0.049336373638328268 -0.012010165118720337 0.037275856692778796
leaf_weight=3917.0619229972363 423.06697730720043 21059.80812343955 1239.1604647645727 716.23414110112935 1578.6516250502318 26500.110323354602 8004.523536041379 19.623632221948355 13.281329149147494 837.95494323340245 4723.3354747425765 3492.3280747053213 750.15016740560532 413.35252156923525
leaf_count=61664 153993 108887 157773 420995 7804 196003 85970 2708 5143 187423 185129 2166411 7759 213145
internal_value=-4.50581e-05 -0.00336918 -0.00166229 0.0450565 -0.0021498 -0.00175664 -0.0109068 0.0108611 0.0296997 0.0122925 -0.000227931 0.048157 -0.00912003 0.0321251
internal_weight=73688.6 68630.4 55958.6 5058.26 53861.9 52283.3 12671.7 2096.74 849.701 2077.12 31223.4 4208.56 8754.67 836.419
internal_count=3960807 1001120 845727 2959687 497823 490019 155393 347904 372281 345196 381132 2587406 93729 367138
is_linear=0
shrinkage=0.05


Tree=77
num_leaves=15
num_cat=0
split_feature=0 1 0 0 0 0 1 0 1 1 0 0 0 0
split_gain=4169.31 331.472 334.625 136.314 89.7749 67.6507 46.454 24.2131 18.0959 15.0144 14.1218 12.7674 12.4799 11.878
threshold=0.99749800562858593 0.86983275413513195 0.15799529105424884 0.98954081535339367 0.99903741478919994 0.043910730630159385 0.12051381543278696 0.93857911229133617 0.042221654206514365 0.057163948193192489 0.071181111037731185 0.99509766697883617 0.022666972130537037 0.99960422515869152
decision_type=2 2 2 2 2 2 2 2 2 2 2 2 2 2
left_child=1 2 5 6 9 12 7 -4 10 -2 -7 -5 -1 -6
right_child=4 -3 3 11 13 8 -8 -9 -10 -11 -12 -13 -14 -15
leaf_value=-0.018275807853006955 0.032050508517096364 -0.14814413642025939 -0.0011903102894431123 0.0087321761311902647 0.042071298128078603 -0.0078547799222565984 -0.004654120996690562 0.0024026681804669857 -0.0097919813965802269 0.020917113713804197 -0.0047659319191922902 0.017007259528596361 -0.012003192257550871 0.04929495068355727
leaf_weight=933.2549957036972 766.76282006502151 39.425998756429181 32307.494360506535 1133.2567996522412 686.59348858310841 4299.9914770051837 9066.2846435355023 5485.1102062705904 1530.3125441372395 12.194368981523438 7643.5710815861821 791.79139526584186 5275.0851516053081 3324.727370613371
leaf_count=15568 351628 623 209221 159042 420995 44702 44305 213307 11779 4875 53179 188601 76571 2166411
internal_value=-5.45493e-05 -0.00320796 -0.00312449 -0.000904204 0.0450422 -0.00862766 -0.00143991 -0.000668836 -0.00663785 0.0295092 -0.00591758 0.0121358 -0.0129461 0.0480585
internal_weight=73295.9 68505.6 68466.2 48783.9 4790.28 19682.2 46858.9 37792.6 13473.9 778.957 11943.6 1925.05 6208.34 4011.32
internal_count=3960807 1016898 1016275 814476 2943909 201799 466833 422528 109660 356503 97881 347643 92139 2587406
is_linear=0
shrinkage=0.05


Tree=78
num_leaves=15
num_cat=0
split_feature=0 0 0 0 1 0 0 0 1 1 0 1 0 0
split_gain=3931.92 297.837 118.537 92.1069 57.5871 68.2673 31.579 14.6513 14.1384 14.0936 12.3516 9.43618 8.71486 7.68157
threshold=0.99749800562858593 0.085614524781703963 0.99120783805847179 0.99903741478919994 0.47478772699832922 0.45610371232032781 0.033347826451063163 0.96718469262123119 0.057163948193192489 0.024837888777256015 0.99960422515869152 0.031361050903797157 0.25131179392337805 0.99834179878234874
decision_type=2 2 2 2 2 2 2 2 2 2 2 2 2 2
left_child=1 6 4 8 5 12 -1 -7 13 -4 -5 -8 -3 -2
right_child=3 2 9 10 -6 7 11 -9 -10 -11 -12 -13 -14 -15
leaf_value=-0.013832954319741804 0.02617472618404855 -0.0036307952655028394 0.013534104975605966 0.04172484875881733 -0.0057741838126396305 -0.00019963307825851732 -0.0077670214026540722 0.0033320278752669817 0.02087379482658273 0.0050306702401848626 0.049251856065453785 -0.011103543154206835 -0.0021925941934545575 0.036352459054519538
leaf_weight=3821.9032186493278 356.91543798521161 13604.413005322218 1541.8553308180999 658.39545423781965 1967.9036460565403 24136.402491603047 7897.8925293385983 3343.5049763871357 11.943217315478249 48.628826217027381 3165.2771495138295 737.62419328093529 11252.849806189537 385.76796944090165
leaf_count=61664 138483 78051 307101 420995 9654 224444 85970 186712 4875 8883 2166411 7759 46660 213145
internal_value=-5.30083e-05 -0.00305762 -0.00149948 0.0448052 -0.00189353 -0.00148741 -0.0100489 0.000230067 0.0288413 0.0119549 0.0479558 -0.00837413 -0.00338609 0.0314613
internal_weight=72931.3 68353 55895.6 4578.3 54305.1 52337.2 12457.4 27479.9 754.627 1590.48 3823.67 8635.52 24857.3 742.683
internal_count=3960807 1016898 861505 2943909 545521 535867 155393 411156 356503 315984 2587406 93729 124711 351628
is_linear=0
shrinkage=0.05


Tree=79
num_leaves=15
num_cat=0
split_feature=0 1 0 0 0 0 1 0 1 0 0 1 0 1
split_gain=3710.38 282.252 282.929 113.9 94.4143 58.0517 36.3441 18.324 16.7708 14.0808 13.6964 13.2743 12.838 8.24338
threshold=0.99749800562858593 0.83716374635696422 0.15799529105424884 0.98851981759071361 0.99903741478919994 0.051116930320858962 0.12051381543278696 0.92593592405319225 0.040448792278766639 0.025575459934771064 0.99509766697883617 0.057163948193192489 0.99960422515869152 0.50387516617774974
decision_type=2 2 2 2 2 2 2 2 2 2 2 2 2 2
left_child=1 2 5 6 11 9 7 -4 -7 -1 -5 -2 -6 -8
right_child=4 -3 3 10 12 8 13 -9 -10 -11 -12 -13 -14 -15
leaf_value=-0.015265060913883938 0.030864833727219172 -0.10624545423301797 -0.001110540594273962 0.0075584682943997186 0.041366828291233927 -0.0049848527301644165 -0.0026919964765447246 0.0018703476795025832 -0.0085954210309304967 -0.010178531837911634 0.015980949467561432 0.020813087890837398 0.04920698629917817 -0.0043644535712423181
leaf_weight=1793.9029233753681 719.78566957253497 66.046164932660758 31423.539340242743 1298.7019925834611 631.57015357201453 10500.918279275298 7511.9204917829484 6167.3019910389557 1510.6776544973254 5632.6161196120083 768.20945198344998 11.697716561378909 3013.5819440799532 1523.5705775171518
leaf_count=30360 351628 820 193638 174769 420995 82316 36682 213293 11653 77470 188576 4875 2166411 7321
internal_value=-6.8638e-05 -0.00293265 -0.0028325 -0.000796731 0.0445588 -0.00793218 -0.00130588 -0.000621484 -0.00578364 -0.0114072 0.0106889 0.0281652 0.0478486 -0.0041532
internal_weight=72574 68197.4 68131.4 48693.2 4376.64 19438.1 46626.3 37590.8 12011.6 7426.52 2066.91 731.483 3645.15 9035.49
internal_count=3960807 1016898 1016078 814279 2943909 201799 450934 406931 93969 107830 363345 356503 2587406 44003
is_linear=0
shrinkage=0.05


Tree=80
num_leaves=15
num_cat=0
split_feature=0 0 0 0 1 0 0 1 1 0 0 1 0 0
split_gain=3504.23 254.7 130.04 58.2997 50.6424 58.6783 27.607 18.6979 16.4114 12.2051 11.9385 8.91286 9.16926 7.30006
threshold=0.998028725385666 0.085614524781703963 0.99120783805847179 0.99934533238410961 0.47478772699832922 0.45610371232032781 0.029133377596735958 0.057163948193192489 0.024837888777256015 0.99657732248306286 0.96718469262123119 0.031361050903797157 0.059929303824901588 0.25131179392337805
decision_type=2 2 2 2 2 2 2 2 2 2 2 2 2 2
left_child=1 6 4 7 5 13 -1 -2 9 -4 -7 12 -8 -3
right_child=3 2 8 -5 -6 10 11 -9 -10 -11 -12 -13 -14 -15
leaf_value=-0.013712616240856469 0.03556857824567046 -0.0033158723689409109 0.011020780276974158 0.048467308493869321 -0.0052816701521054043 -0.00014509971223404858 -0.0086389478139855796 0.021395477259598332 0.0051758190098737181 0.020327930094019495 0.003050885414805729 -0.010854168629053274 -0.0052816701521054043 -0.0020070444090787903
leaf_weight=2710.8959926888347 750.78435147961136 13550.838439032435 1204.4244229253381 3219.5476807118393 1973.8900425145403 24145.868848480284 5823.6362709701061 10.876440127613021 53.273085693828762 497.84873592783697 3324.3006181968376 730.4447036460042 3000.3899347111583 11247.877732023597
leaf_count=45881 445451 78051 215589 2413388 9654 224444 73746 5615 10752 169098 186712 7823 27943 46660
internal_value=-7.40809e-05 -0.00273343 -0.00130407 0.0455244 -0.00173754 -0.00135007 -0.00925927 0.0330846 0.0120892 0.0137428 0.000241662 -0.00799572 -0.00748189 -0.00311328
internal_weight=72244.9 68263.7 55998.3 3981.21 54242.8 52268.9 12265.4 761.661 1755.55 1702.27 27470.2 9554.47 8824.03 24798.7
internal_count=3960807 1096353 940960 2864454 545521 535867 155393 451066 395439 384687 411156 109512 101689 124711
is_linear=0
shrinkage=0.05


Tree=81
num_leaves=15
num_cat=0
split_feature=0 1 0 0 0 0 1 0 1 1 0 0 0 1
split_gain=3309.9 243.411 242.588 123.431 60.0784 49.7047 34.9017 20.9466 17.9677 14.7997 15.6969 11.3592 8.49809 6.46396
threshold=0.998028725385666 0.83716374635696422 0.15799529105424884 0.99120783805847179 0.99934533238410961 0.037982156500220306 0.12051381543278696 0.95619344711303722 0.057163948193192489 0.042928231880068786 0.071181111037731185 0.99540078639984142 0.022666972130537037 0.47478772699832922
decision_type=2 2 2 2 2 2 2 2 2 2 2 2 2 2
left_child=1 2 5 6 8 12 7 -4 -2 10 -7 -5 -1 -8
right_child=4 -3 3 11 -6 9 13 -9 -10 -11 -12 -13 -14 -15
leaf_value=-0.016142247039534863 0.03504168484121014 -0.095521884801696183 -0.00089426241812371821 0.0083899080850611679 0.048384920718849728 -0.0070051023298805474 -0.0024636916349450016 0.0027893155183830514 0.021342591232374863 -0.0087744736381886509 -0.0039698768349418065 0.016494342706483971 -0.0107102971855764 -0.0039698768349418065
leaf_weight=884.65462809801102 724.63704077049624 70.438322494039312 33704.766127277166 859.8997502066195 3067.613840733422 5420.008991792798 7129.9908392960206 4358.4111296385527 10.647116759791968 1480.0128720998764 7562.0761501193047 869.58499726164155 3869.2362680658698 1907.4513156386092
leaf_count=15568 445451 890 239942 143088 2413388 60511 35411 214108 5615 11593 53232 252006 60895 9109
internal_value=-8.84793e-05 -0.00262294 -0.00252677 -0.000653976 0.0453081 -0.00728578 -0.00113568 -0.000472476 0.0324717 -0.00582782 -0.00523573 0.0124648 -0.0117211 -0.00392894
internal_weight=71919.4 68116.5 68046.1 48830.1 3802.9 19216 47100.6 38063.2 735.284 14462.1 12982.1 1729.48 4753.89 9037.44
internal_count=3960807 1096353 1095463 893664 2864454 201799 498570 454050 451066 125336 113743 395094 76463 44520
is_linear=0
shrinkage=0.05


Tree=82
num_leaves=15
num_cat=0
split_feature=0 0 0 0 1 0 0 1 1 1 0 0 0 0
split_gain=3124.43 212.19 102.573 61.8639 44.6597 37.9646 22.8782 17.2211 13.5114 12.6642 10.3017 9.95189 8.98415 7.94891
threshold=0.998028725385666 0.12712427228689197 0.99193000793457042 0.99934533238410961 0.12051381543278696 0.037982156500220306 0.95619344711303722 0.057163948193192489 0.024837888777256015 0.031776769086718566 0.99692860245704662 0.31192712485790258 0.071181111037731185 0.022666972130537037
decision_type=2 2 2 2 2 2 2 2 2 2 2 2 2 2
left_child=1 5 4 7 6 13 11 -2 10 12 -4 -3 -7 -1
right_child=3 2 8 -5 -6 9 -8 -9 -10 -11 -12 -13 -14 -15
leaf_value=-0.015560295429247681 0.034504153631726119 -0.0023056227727849652 0.010998328921566521 0.048298895520824808 -0.0041952582800914564 -0.0067814727919468191 0.0027584263072294203 0.021288153377886303 0.0051525970814739882 -0.0085930218914665336 0.020761339134614053 -0.0004912514587818974 -0.0041952582800914564 -0.010271785303438127
leaf_weight=872.17757308483124 699.76481000869535 10737.884474739432 1176.573197721038 2923.0727504449897 9267.4159987214953 5175.4340630695224 4480.9904447235167 10.423158683581276 47.71495151752606 1302.5079003423452 350.74696008488536 25519.248456813395 5223.8904667124152 3833.6257796883583
leaf_count=15568 445451 52010 229728 2413388 46259 57989 230737 5615 10209 11899 138661 202548 39850 60895
internal_value=-9.24963e-05 -0.00250665 -0.000931237 0.045083 -0.00132695 -0.00745928 -0.000612041 0.0318464 0.0116321 -0.00593408 0.0132404 -0.00102859 -0.0052764 -0.011252
internal_weight=71621.5 67988.2 51580.6 3633.26 50005.5 16407.6 40738.1 710.188 1575.04 11701.8 1527.32 36257.1 10399.3 4705.8
internal_count=3960807 1096353 910152 2864454 531554 186201 485295 451066 378598 109738 368389 254558 97839 76463
is_linear=0
shrinkage=0.05


Tree=83
num_leaves=15
num_cat=0
split_feature=0 1 0 0 0 0 1 1 1 0 0 0 0 0
split_gain=2948.21 206.848 202.059 102.797 63.6524 42.4052 27.6064 16.4633 14.0895 14.0482 13.9652 9.216 8.73388 6.88172
threshold=0.998028725385666 0.83716374635696422 0.15799529105424884 0.98954081535339367 0.99934533238410961 0.043910730630159385 0.12051381543278696 0.057163948193192489 0.042221654206514365 0.99540078639984142 0.83119860291481029 0.022666972130537037 0.071181111037731185 0.999809890985489
decision_type=2 2 2 2 2 2 2 2 2 2 2 2 2 2
left_child=1 2 5 6 7 11 10 -2 12 -5 -4 -1 -7 -6
right_child=4 -3 3 9 13 8 -8 -9 -10 -11 -12 -13 -14 -15
leaf_value=-0.014991873291289804 0.033956337553367556 -0.085818487148100364 -0.0011007945782099419 0.006931094693134774 0.044044986085591382 -0.0060426701723759208 -0.0035528828348090589 0.02122896750295155 -0.0076544107333551522 0.015424408342991814 0.0010030344773290642 -0.0093887320849130717 -0.0036334978993875599 0.049692275210313636
leaf_weight=860.2931142449379 676.10582840442657 74.215272135101259 26518.28112526238 1152.5294593102299 731.60870351048652 4154.2513171136379 9027.6727996841073 10.204446712974457 1482.8082292228937 842.95160574349575 11227.770936572924 4993.8927699774504 7517.7739677205682 2053.9568510421086
leaf_count=15568 445451 890 134158 174974 620946 44702 44156 5615 11779 252006 288370 76571 53179 1792442
internal_value=-9.11804e-05 -0.00239066 -0.00229931 -0.00059491 0.0448486 -0.00667209 -0.00106905 0.0312093 -0.00509669 0.0105189 -0.000474999 -0.0102121 -0.00443093 0.0482091
internal_weight=71324.3 67852.4 67778.2 48769.2 3471.88 19009 46773.7 686.31 13154.8 1995.48 37746.1 5854.19 11672 2785.57
internal_count=3960807 1096353 1095463 893664 2864454 201799 466684 451066 109660 426980 422528 92139 97881 2413388
is_linear=0
shrinkage=0.05


Tree=84
num_leaves=15
num_cat=0
split_feature=0 1 0 0 0 0 1 1 1 1 0 0 0 0
split_gain=2782.54 187.735 190.929 100.87 53.6391 46.7693 43.5483 23.983 20.4017 15.8253 14.1459 12.9271 11.8434 8.41664
threshold=0.99819654226303112 0.77865779399871837 0.19850864261388781 0.99120783805847179 0.99950805306434642 0.059929303824901588 0.86983275413513195 0.24698764830827716 0.051865525543689735 0.047186281532049186 0.96718469262123119 0.029133377596735958 0.99657732248306286 0.31192712485790258
decision_type=2 2 2 2 2 2 2 2 2 2 2 2 2 2
left_child=1 2 5 7 8 11 -3 10 -2 -7 13 -1 -5 -4
right_child=4 6 3 12 -6 9 -8 -9 -10 -11 -12 -13 -14 -15
leaf_value=-0.01179356541690201 0.036102554418024874 -0.038633341989907422 -0.0017076992222203912 0.008761968090966514 0.048628490334570396 -0.0033236435810400111 -0.095673182889071257 -0.0031317547806317806 0.021405173068320061 -0.0064808353988407147 0.0028589843279091631 -0.0075700251071091594 0.017691548013517681 -0.00017968084536197811
leaf_weight=2595.8306357599795 755.32659270532895 94.466400281526148 6771.8940391689539 1192.1849843845703 2488.8952741563553 11452.872324854136 51.816946049919352 6096.9512502877042 11.178361418074926 1884.2440629601479 3271.6204621437937 5997.6292264983058 539.2990635316819 27844.034391578287
leaf_count=45881 551294 783 30123 221813 2275006 80561 700 28052 7005 13047 185955 77784 204283 238520
internal_value=-8.80742e-05 -0.0022564 -0.00213404 -0.000294231 0.0450667 -0.00596928 -0.0588382 -0.000760222 0.0335015 -0.00411584 -0.000283644 -0.00884583 0.0115432 -0.00058066
internal_weight=71048.2 67792.8 67646.6 45716 3255.4 21930.6 146.283 43984.5 766.505 13337.1 37887.5 8593.46 1731.48 34615.9
internal_count=3960807 1127502 1126019 908746 2833305 217273 1483 482650 558299 93608 454598 123665 426096 268643
is_linear=0
shrinkage=0.05


Tree=85
num_leaves=15
num_cat=0
split_feature=0 1 0 0 1 0 0 1 1 0 0 0 0 1
split_gain=2627.2 175.422 185.927 106.48 69.2835 42.8835 41.6345 18.9172 14.9287 14.8134 11.3024 10.1172 9.84861 7.22392
threshold=0.9984087646007539 0.6576794981956483 0.19850864261388781 0.99309211969375621 0.83716374635696422 0.051116930320858962 0.99955180287361156 0.022410340607166294 0.046120619401335723 0.982647866010666 0.99692860245704662 0.45610371232032781 0.022666972130537037 0.14133818447589877
decision_type=2 2 2 2 2 2 2 2 2 2 2 2 2 2
left_child=1 2 5 9 -3 12 7 -2 -7 11 -5 13 -1 -4
right_child=6 4 3 10 -6 8 -8 -9 -10 -11 -12 -13 -14 -15
leaf_value=-0.013995852181701386 0.037351210135669347 -0.023838260302281783 -0.0010953507066580772 0.01009134930479738 -0.074754274642490112 -0.0034826952922173515 0.048716256438453398 0.02167627483794381 -0.0065457753681239577 0.0039474476427626172 0.019433291892480234 -0.00015639937481546999 -0.0082279244356598009 -0.0029001364480999059
leaf_weight=840.16085106134415 692.23295589233749 388.47301873308606 11184.756024926901 971.29519144818187 80.690910018514842 12822.003321841359 2320.5077349363128 14.644660657737402 1960.4150666594505 1770.0619044136256 485.65703818749171 27540.545212723315 6212.4580547697842 3497.6795350909233
leaf_count=15568 549086 2569 46939 204255 952 95507 2228650 10518 13936 158772 217947 307954 92262 15892
internal_value=-9.12392e-05 -0.00212745 -0.001915 -9.32397e-05 -0.0325952 -0.00570703 0.04548 0.0348561 -0.00417651 -0.00053366 0.0132054 -0.000721516 -0.00891504 -0.00178153
internal_weight=70781.6 67754.2 67285 45450 469.164 21835 3027.39 706.878 14782.4 43993 1456.95 42223 7052.62 14682.4
internal_count=3960807 1172553 1169032 951759 3521 217273 2788254 559604 109443 529557 422202 370785 107830 62831
is_linear=0
shrinkage=0.05


Tree=86
num_leaves=15
num_cat=0
split_feature=0 1 0 0 0 1 0 0 1 0 0 1 0 0
split_gain=2480.97 257.645 156.48 105.558 42.9867 28.2901 34.0492 22.2759 18.3279 10.4959 9.75081 8.45924 6.07962 4.77556
threshold=0.9984087646007539 0.90425518155097973 0.10314369946718217 0.99309211969375621 0.99955180287361156 0.47478772699832922 0.45610371232032781 0.033347826451063163 0.022410340607166294 0.99692860245704662 0.982647866010666 0.031361050903797157 0.071181111037731185 0.022666972130537037
decision_type=2 2 2 2 2 2 2 2 2 2 2 2 2 2
left_child=1 2 7 5 8 6 -4 13 -2 -5 -8 12 -9 -1
right_child=4 -3 3 9 -6 -7 10 11 -10 -11 -12 -13 -14 -15
leaf_value=-0.013466388065561656 0.036866299829372048 -0.15047696940659858 -0.0022539437224059307 0.009600586222795731 0.048647225002078166 -0.0037343279362886429 0.00011476314824659699 -0.0059589284660088336 0.021616203663446916 0.018669290383235681 0.0039602522888142694 -0.0078458955314286202 -0.0037343279362886429 -0.0091281296669559909
leaf_weight=829.8038729429245 666.91634622507263 29.216837335145101 22638.164466813207 963.30810263333842 2210.3897061627358 1968.2959804506972 26021.095953635871 6053.5501843392849 14.331521077663636 477.06923881801777 1759.9510034313425 962.33438498526812 3245.1650363057852 2693.2673647068441
leaf_count=15568 549086 518 109603 204492 2228650 9546 301150 72297 10518 218190 158553 9852 26688 46096
internal_value=-9.15248e-05 -0.00203041 -0.00196626 -0.000749026 0.0452628 -0.00111617 -0.000814551 -0.00671963 0.0342817 0.0126042 0.000358378 -0.00554185 -0.00499417 -0.0101499
internal_weight=70532.9 67641.2 67612 53827.9 2891.64 52387.5 50419.2 13784.1 681.248 1440.38 27781 10261 9298.72 3523.07
internal_count=3960807 1172553 1172035 1001534 2788254 578852 569306 170501 559604 422682 459703 108837 98985 61664
is_linear=0
shrinkage=0.05


Tree=87
num_leaves=15
num_cat=0
split_feature=0 1 0 0 0 0 1 0 1 1 0 0 0 0
split_gain=2342.71 210.994 142.725 92.8608 44.3513 30.6727 25.2973 20.0446 17.7292 11.3657 9.87981 9.5744 8.84011 5.66229
threshold=0.9984087646007539 0.90425518155097973 0.15799529105424884 0.99309211969375621 0.99955180287361156 0.037982156500220306 0.47478772699832922 0.45610371232032781 0.022410340607166294 0.042928231880068786 0.99692860245704662 0.071181111037731185 0.982647866010666 0.022666972130537037
decision_type=2 2 2 2 2 2 2 2 2 2 2 2 2 2
left_child=1 2 5 6 8 13 7 -4 -2 11 -5 -7 -9 -1
right_child=4 -3 3 10 -6 9 -8 12 -10 -11 -12 -13 -14 -15
leaf_value=-0.01295097577171345 0.036369761877636367 -0.13039612197028691 -0.0017632880336154084 0.0092099907071684275 0.048575091124144931 -0.0053684189223109254 -0.0030290786405919746 0.00010903369632895291 0.021548115434920998 -0.0068244591907853621 0.018077352230895492 -0.0030290786405919746 0.0037771780327495712 -0.0083568402728992977
leaf_weight=819.94304478168488 642.83433501573745 31.951889674644917 17675.524827674031 954.19175306009129 2105.6326466233004 5253.6843109205365 1969.0320034427568 26019.314402099699 14.025898995110763 1438.5475436076522 468.28377911332063 7459.5778579935431 1753.1692371992394 3684.642833519727
leaf_count=15568 549086 518 78305 204492 2228650 60511 9546 301150 10518 11593 218190 53232 158553 60895
internal_value=-9.4122e-05 -0.00194037 -0.00187956 -0.000458514 0.0450366 -0.00559964 -0.000836135 -0.000497497 0.0336936 -0.00445583 0.0121292 -0.00391238 0.000340589 -0.00919308
internal_weight=70290.4 67527.9 67495.9 48839.5 2762.49 18656.4 47417 45448 656.86 14151.8 1422.48 12713.3 27772.5 4504.59
internal_count=3960807 1172553 1172035 970236 2788254 201799 547554 538008 559604 125336 422682 113743 459703 76463
is_linear=0
shrinkage=0.05


Tree=88
num_leaves=15
num_cat=0
split_feature=0 1 0 0 0 0 1 1 0 1 0 0 0 0
split_gain=2211.96 175.805 129.75 82.9592 45.7258 33.3277 25.0259 17.1218 13.3721 13.0462 9.80266 9.28599 6.31274 3.84026
threshold=0.9984087646007539 0.90425518155097973 0.19850864261388781 0.99309211969375621 0.99955180287361156 0.059929303824901588 0.24698764830827716 0.022410340607166294 0.97153648734092724 0.052566943690180785 0.029133377596735958 0.99692860245704662 0.31192712485790258 0.99982133507728588
decision_type=2 2 2 2 2 2 2 2 2 2 2 2 2 2
left_child=1 2 5 6 7 10 8 -2 12 -7 -1 -5 -4 -6
right_child=4 -3 3 11 13 9 -8 -9 -10 -11 -12 -13 -14 -15
leaf_value=-0.010087388428983719 0.035861805276362506 -0.11489096950108449 -0.0014034224550831444 0.0088317881318654007 0.044279808386154126 -0.0027042244917767581 -0.0026448359474974485 0.021472017684904834 0.0029820997161922567 -0.0054497688641413971 -0.006348274108373287 0.017493624709402019 -9.7338140119416906e-05 0.049633860446822185
leaf_weight=2500.7396103069186 619.92697173834313 34.382039273623377 6757.6444977223873 945.52663426008075 424.92848335258896 11457.283919677138 6221.0129368472844 13.727708499412982 3106.609825195279 1757.9648246467113 5861.1368580125272 459.93041468237061 28316.525651285425 1581.0471546559711
leaf_count=45881 549086 518 30123 204492 468040 81394 29096 10518 218823 12214 77784 218190 254038 1760610
internal_value=-9.90625e-05 -0.00185703 -0.00179935 -0.000293531 0.0448011 -0.00499614 -0.000672099 0.0330922 -0.000162009 -0.00343303 -0.00746651 0.0116663 -0.000440491 0.0484997
internal_weight=70058.4 67418.8 67384.4 45807.2 2639.63 21577.1 44401.8 633.655 38180.8 13215.2 8361.88 1405.46 35074.2 2005.98
internal_count=3960807 1172553 1172035 954762 2788254 217273 532080 559604 502984 93608 123665 422682 284161 2228650
is_linear=0
shrinkage=0.05


Tree=89
num_leaves=15
num_cat=0
split_feature=0 1 0 0 0 1 0 0 1 0 1 0 0 0
split_gain=2088.13 148.38 118.211 80.5893 47.1074 24.2217 25.677 17.3219 16.505 8.71514 7.75418 7.39907 6.08794 4.00568
threshold=0.9984087646007539 0.90425518155097973 0.10314369946718217 0.99309211969375621 0.99955180287361156 0.47478772699832922 0.45610371232032781 0.029133377596735958 0.022410340607166294 0.99692860245704662 0.031361050903797157 0.98600685596466076 0.059929303824901588 0.99982133507728588
decision_type=2 2 2 2 2 2 2 2 2 2 2 2 2 2
left_child=1 2 7 5 8 6 -4 -1 -2 -5 12 -8 -9 -6
right_child=4 -3 3 9 13 -7 11 10 -10 -11 -12 -13 -14 -15
leaf_value=-0.0096711883951841604 0.035342672476583702 -0.10248565574569245 -0.0019484072170163217 0.008465865958569423 0.044017277167409406 -0.0032808800373265723 0.00014664965299192754 -0.0056985021058034609 0.021388847600369212 0.016918679512707008 -0.007359562541518011 0.0041227271213489843 -0.0032808800373265723 0.04961079755469433
leaf_weight=2478.5216214321554 598.13716909813229 36.555794576415792 22586.856298580766 937.29056122829206 406.55522207979811 1970.1302446709014 26532.956982027739 5509.1761515550315 13.436860608519053 451.98809519165661 951.86864071339369 1224.0361782573164 4635.8251671269536 1504.6203499762923
leaf_count=45881 549086 518 109603 204492 468040 9546 332208 73746 10518 218190 9916 127495 40958 1760610
internal_value=-0.000104479 -0.0017782 -0.00172348 -0.000669735 0.0445559 -0.000985377 -0.000696629 -0.00589202 0.0324777 0.0112159 -0.00504794 0.000321988 -0.00457463 0.0484209
internal_weight=69838 67315.2 67278.6 53703.3 2522.75 52314 50343.8 13575.4 611.574 1389.28 11096.9 27757 10145 1911.18
internal_count=3960807 1172553 1172035 1001534 2788254 578852 569306 170501 559604 422682 124620 459703 114704 2228650
is_linear=0
shrinkage=0.05


Tree=90
num_leaves=15
num_cat=0
split_feature=0 1 0 0 0 0 1 1 1 0 0 0 1 0
split_gain=1970.6 131.255 118.395 68.9285 48.4932 27.9001 27.7355 15.8777 11.7366 10.8435 6.97915 6.34461 6.23314 6.09413
threshold=0.9984087646007539 0.6576794981956483 0.19850864261388781 0.99401089549064647 0.99955180287361156 0.043910730630159385 0.83716374635696422 0.022410340607166294 0.052566943690180785 0.982647866010666 0.071181111037731185 0.99692860245704662 0.24698764830827716 0.022666972130537037
decision_type=2 2 2 2 2 2 2 2 2 2 2 2 2 2
left_child=1 2 5 9 7 13 -3 -2 10 12 -7 -5 -4 -1
right_child=4 6 3 11 -6 8 -8 -9 -10 -11 -12 -13 -14 -15
leaf_value=-0.011674065188774363 0.034812652205692324 -0.021786768494110504 -0.00031050080073713216 0.0089859378618983837 0.048338555728528368 -0.0042582760926723143 -0.052154283513963562 0.021299900555208841 -0.0055671322257725619 0.0032924436588854336 -0.0023196090059421606 0.016527474187843574 -0.0020800323462007255 -0.0069481625010324724
leaf_weight=796.41353178024292 577.41069723450346 392.52329354081303 36430.481719078496 750.59582578483969 1820.9918930230197 4173.6740550324321 93.004960249643773 13.153249974595381 1771.0956419706345 1917.2973359688185 9930.3668988719583 443.76821931323502 5763.9547932576388 4754.7413128688931
leaf_count=15568 549086 2569 344967 173133 2228650 46374 952 10518 12479 189894 66281 217947 25818 76571
internal_value=-0.000107758 -0.00170099 -0.00151253 -6.42107e-05 0.0443008 -0.00457501 -0.0276038 0.0318504 -0.00350809 -0.00038512 -0.00294942 0.011788 -0.000552227 -0.00762618
internal_weight=69629.5 67217.9 66732.4 45306.1 2411.56 21426.3 485.528 590.564 15875.1 44111.7 14104 1194.36 42194.4 5551.15
internal_count=3960807 1172553 1169032 951759 2788254 217273 3521 559604 125134 560679 112655 391080 370785 92139
is_linear=0
shrinkage=0.05


Tree=91
num_leaves=15
num_cat=0
split_feature=0 1 0 0 0 1 0 0 1 1 0 0 0 0
split_gain=1859.9 119.442 99.8412 74.7239 40.5738 20.5005 18.927 18.1013 15.2864 8.61751 7.51036 7.50631 4.5406 3.77629
threshold=0.99859085679054271 0.90425518155097973 0.12712427228689197 0.99401089549064647 0.99960422515869152 0.47478772699832922 0.45610371232032781 0.037982156500220306 0.022410340607166294 0.031776769086718566 0.98600685596466076 0.99692860245704662 0.022666972130537037 0.071181111037731185
decision_type=2 2 2 2 2 2 2 2 2 2 2 2 2 2
left_child=1 2 7 5 8 6 -4 12 -2 13 -8 -5 -1 -9
right_child=4 -3 3 11 -6 -7 10 9 -10 -11 -12 -13 -14 -15
leaf_value=-0.011209573052805167 0.035810329134267536 -0.088452788720742442 -0.0016310962663084599 0.008488880817671433 0.048495039666991466 -0.0027642049032282111 0.0001589817662446733 -0.0044124874287807181 0.021498205383359056 -0.0058800827022460062 0.0039272786900636601 0.016447197050732259 -0.0070182064152037151 -0.0027642049032282111
leaf_weight=788.1593479514122 554.80354835279286 39.564638738287613 20305.246271446347 745.27847053064033 1684.056912661239 1974.7809652816504 26533.901192625053 4962.4184738844633 12.237655337725299 1248.0548198521137 1391.5862303259782 491.82666071748827 3586.5395374000072 5121.8072296082973
leaf_count=15568 565326 551 93903 173329 2166411 9628 332208 57989 10611 11899 158576 264063 60895 39850
internal_value=-0.000105666 -0.00160348 -0.0015523 -0.000486965 0.0445999 -0.000786099 -0.000497988 -0.00504145 0.0330317 -0.00398683 0.000346764 0.0116528 -0.00777334 -0.00339726
internal_weight=69440.3 67189.2 67149.6 51442.6 2251.1 50205.5 48230.7 15707 567.041 11332.3 27925.5 1237.11 4374.7 10084.2
internal_count=3960807 1218459 1217908 1031707 2742348 594315 584687 186201 575937 109738 490784 437392 76463 97839
is_linear=0
shrinkage=0.05


Tree=92
num_leaves=15
num_cat=0
split_feature=0 1 0 0 0 0 1 1 1 0 0 0 1 0
split_gain=1755.57 114.524 100.006 65.834 41.7912 23.1489 21.672 14.741 10.6795 10.5795 5.94548 5.76435 5.37892 5.25234
threshold=0.99859085679054271 0.6576794981956483 0.19850864261388781 0.99476382136344921 0.99960422515869152 0.043910730630159385 0.86983275413513195 0.022410340607166294 0.052566943690180785 0.982647866010666 0.071181111037731185 0.998028725385666 0.24698764830827716 0.31192712485790258
decision_type=2 2 2 2 2 2 2 2 2 2 2 2 2 2
left_child=1 2 5 9 7 -1 -3 -2 10 12 -7 -5 13 -4
right_child=4 6 3 11 -6 8 -8 -9 -10 -11 -12 -13 -14 -15
leaf_value=-0.0069841145632751735 0.035290458755947794 -0.021314677952482573 -0.0010937195646051655 0.010565455653967413 0.048416599004375185 -0.0038839098813655756 -0.051459004399465172 0.021406132951350507 -0.005098572027784725 0.0031766000862648129 -0.002106512804535136 0.020341476456671045 -0.001915731744612236 3.397187858207009e-05
leaf_weight=5480.3188262693584 535.32470864406787 422.67554694844875 6747.161451369524 888.68241565814242 1604.4553951836424 4144.5298696309328 69.417220511590131 11.977986127021721 1760.7258776798844 2056.2107096742839 9902.2070706412196 181.60115085716825 5762.2756852600724 29681.903809133917
leaf_count=92139 565326 2831 30123 283553 2166411 46374 779 10611 12479 221348 66281 121890 25818 314844
internal_value=-0.000108947 -0.0015346 -0.00135705 -2.91693e-05 0.0443469 -0.00418386 -0.025567 0.0324162 -0.00321303 -0.000325561 -0.00266925 0.0122242 -0.00049624 -0.000271707
internal_weight=69249.5 67097.7 66605.6 45317.8 2151.76 21287.8 492.093 547.303 15807.5 44247.6 14046.7 1070.28 42191.3 36429.1
internal_count=3960807 1218459 1214849 997576 2742348 217273 3610 575937 125134 592133 112655 405443 370785 344967
is_linear=0
shrinkage=0.05


Tree=93
num_leaves=15
num_cat=0
split_feature=0 1 0 0 0 0 1 1 1 0 0 0 1 0
split_gain=1656.47 102.301 90.9742 60.2015 43.0115 21.2941 18.6575 14.1856 10.0503 9.59549 7.68745 5.43892 5.13792 5.04964
threshold=0.99859085679054271 0.6576794981956483 0.19850864261388781 0.99476382136344921 0.99960422515869152 0.037982156500220306 0.86983275413513195 0.022410340607166294 0.052566943690180785 0.982647866010666 0.071181111037731185 0.998028725385666 0.77865779399871837 0.3811547607183457
decision_type=2 2 2 2 2 2 2 2 2 2 2 2 2 2
left_child=1 2 5 9 7 -1 12 -2 10 13 -7 -5 -3 -4
right_child=4 6 3 11 -6 8 -8 -9 -10 -11 -12 -13 -14 -15
leaf_value=-0.0071321419809140824 0.034759721483543587 -0.017081015325565406 -0.0014087848587130691 0.010145844141438473 0.048334576714684357 -0.0039428388691896167 -0.047832286616132647 0.021308850179399885 -0.0051651190649713921 0.0030274018709380893 -0.0020150383085953036 0.019730749067048491 -0.030043715888331851 -0.00015497166817540219
leaf_weight=4318.3567116111517 516.79657827300252 325.22020384878851 10790.040995955467 879.40680825780146 1528.7307741751429 5260.4004445374012 70.906381341512315 11.724891014629973 1755.0454789325595 2049.8354758936912 9889.5814920961857 177.95544392953161 99.931658630492166 31397.750108458102
leaf_count=76463 565326 2012 47007 283553 2166411 62050 779 10611 12479 221348 66281 121890 819 323778
internal_value=-0.000109282 -0.00146595 -0.00129724 -3.15137e-05 0.0440836 -0.00399856 -0.0240879 0.031788 -0.0031981 -0.000313329 -0.00272056 0.011759 -0.0201279 -0.00047565
internal_weight=69071.7 67014.4 66518.4 45295 2057.25 21223.4 496.058 528.521 16905 44237.6 15150 1057.36 425.152 42187.8
internal_count=3960807 1218459 1214849 997576 2742348 217273 3610 575937 140810 592133 128331 405443 2831 370785
is_linear=0
shrinkage=0.05


Tree=94
num_leaves=15
num_cat=0
split_feature=0 1 0 0 0 0 1 1 1 0 0 0 1 0
split_gain=1562.35 91.448 82.8784 54.9882 44.2317 19.435 16.1417 13.621 9.49329 8.68106 7.10204 5.13524 4.86601 4.6039
threshold=0.99859085679054271 0.6576794981956483 0.19850864261388781 0.99476382136344921 0.99960422515869152 0.059929303824901588 0.86983275413513195 0.022410340607166294 0.052566943690180785 0.982647866010666 0.025575459934771064 0.99692860245704662 0.24698764830827716 0.31192712485790258
decision_type=2 2 2 2 2 2 2 2 2 2 2 2 2 2
left_child=1 2 5 9 7 10 -3 -2 -7 12 -1 -5 13 -4
right_child=4 6 3 11 -6 8 -8 -9 -10 -11 -12 -13 -14 -15
leaf_value=-0.0087885073838973038 0.034218445026169296 -0.019009784542932451 -0.0010202491216993166 0.0081388127253550335 0.048248803523988248 -0.0019756696381980797 -0.044558430133135644 0.021206208156404772 -0.0041875564105183566 0.0028847813927098819 -0.005025041686859695 0.015184598525994878 -0.0018021712433521294 4.6532551349040216e-05
leaf_weight=1550.9626015126705 499.17297926940955 427.57649121736176 6742.1823896765709 575.28133746632375 1456.6945774818305 11346.669695101678 72.273534895153716 11.478245809557846 1726.6555186584592 2043.77767529618 6537.5127354376018 469.79772072448395 5760.9333042595536 29683.49011406675
leaf_count=30360 565326 2831 30123 141679 2166411 81394 779 10611 12214 221348 93305 263764 25818 314844
internal_value=-0.000106746 -0.0013975 -0.0012372 -2.98564e-05 0.0438099 -0.00382029 -0.0227039 0.0311474 -0.00262843 -0.000297704 -0.00574669 0.0113061 -0.000451883 -0.000238327
internal_weight=68904.5 66937.1 66437.3 45275.5 1967.35 21161.8 499.85 510.651 13073.3 44230.4 8088.48 1045.08 42186.6 36425.7
internal_count=3960807 1218459 1214849 997576 2742348 217273 3610 575937 93608 592133 123665 405443 370785 344967
is_linear=0
shrinkage=0.05


Tree=95
num_leaves=15
num_cat=0
split_feature=0 1 0 0 0 0 1 1 1 0 0 0 0 1
split_gain=1473.36 81.8111 75.3992 50.2362 45.4489 17.8307 14.8404 13.0511 9.02903 7.89447 6.501 5.00084 4.05094 4.30694
threshold=0.99859085679054271 0.6576794981956483 0.19850864261388781 0.99476382136344921 0.99960422515869152 0.037982156500220306 0.77865779399871837 0.022410340607166294 0.052566943690180785 0.97501137852668773 0.071181111037731185 0.998028725385666 0.3811547607183457 0.14133818447589877
decision_type=2 2 2 2 2 2 2 2 2 2 2 2 2 2
left_child=1 2 5 9 7 -1 -3 -2 10 12 -7 -5 13 -4
right_child=4 6 3 11 -6 8 -8 -9 -10 -11 -12 -13 -14 -15
leaf_value=-0.0065376918640008526 0.033667005773267443 -0.015141942839929074 -0.00073596258928221108 0.0093121966029994143 0.048159109606010594 -0.0035939990583904752 -0.033164190217277657 0.021095161553303071 -0.0047284170648228974 0.0021828784555874615 -0.0018413244385930662 0.018653199852626871 -0.0001720414070595298 -0.0018413244385930662
leaf_weight=4267.2698893919587 482.40993840171723 327.94594377756584 8470.0004959404469 861.53285033837892 1388.1674106835853 5225.7959092259407 175.27802957291715 11.237928585673215 1744.6240704953671 3015.9217878193595 9865.6711705252528 171.86705550178885 30421.341357922181 2313.8010246753693
leaf_count=76463 565326 2012 36014 283553 2166411 62050 1598 10611 12479 267554 66281 121890 277572 10993
internal_value=-0.000107013 -0.00133505 -0.00118275 -3.18067e-05 0.0435254 -0.00365084 -0.0214193 0.030495 -0.00291914 -0.00028647 -0.00245958 0.0108657 -0.000467209 -0.00129988
internal_weight=68742.9 66861 66357.8 45254.5 1881.82 21103.4 503.224 493.648 16836.1 44221.1 15091.5 1033.4 41205.1 10783.8
internal_count=3960807 1218459 1214849 997576 2742348 217273 3610 575937 140810 592133 128331 405443 324579 47007
is_linear=0
shrinkage=0.05


Tree=96
num_leaves=15
num_cat=0
split_feature=0 1 0 0 0 1 0 0 1 0 1 0 1 1
split_gain=1390.27 82.2263 69.8588 56.7751 31.9446 15.9314 17.2972 9.93294 9.9242 10.2213 8.83027 5.22523 4.55616 3.21843
threshold=0.99888440966606151 0.90425518155097973 0.99401089549064647 0.085614524781703963 0.99965056777000438 0.50387516617774974 0.3811547607183457 0.998028725385666 0.052566943690180785 0.029133377596735958 0.051865525543689735 0.96718469262123119 1.0000000180025095e-35 0.95661467313766491
decision_type=2 2 2 2 2 2 2 2 2 2 2 2 2 2
left_child=1 2 3 8 10 6 -5 -4 9 -1 -2 -8 -9 -6
right_child=4 -3 7 5 13 -7 11 12 -10 -11 -12 -13 -14 -15
leaf_value=-0.0073528867413438954 0.034786502172477834 -0.06901771993935997 0.0082152367086193515 -0.0016260195194749416 0.04870629504268837 -0.0027078494998877879 -4.9973006729342694e-05 0.021562107185644105 -0.014597232679552451 -0.0036404000195596055 0.021562107185644105 0.00194023038195747 0.01372890902098564 0.040437773877502185
leaf_weight=2361.0662823952734 422.86035190458642 44.726757670985535 1004.4377958558034 20588.040965080261 1283.7288144927006 1605.8093103645369 28407.063308093697 249.0782797713764 245.74490591883659 8633.4375490322709 6.1624484023777759 3731.1818147799931 7.2431717483559614 0.31092278839787368
leaf_count=45881 539278 603 315364 108887 2103002 7931 241883 210230 2611 106901 6445 266422 4865 504
internal_value=-0.000107033 -0.00124632 -0.00120096 -0.00142511 0.0443705 -0.000755925 -0.00054419 0.0104572 -0.00465977 -0.00443766 0.0325583 0.000181085 0.0192426 0.0483172
internal_weight=68590.9 66877.8 66833.1 65572.3 1713.06 54332.1 52726.3 1260.76 11240.2 10994.5 429.023 32138.2 256.321 1284.04
internal_count=3960807 1311578 1310975 780516 2649229 625123 617192 530459 155393 152782 545723 508305 215095 2103506
is_linear=0
shrinkage=0.05


Tree=97
num_leaves=15
num_cat=0
split_feature=0 1 0 0 0 1 0 1 0 0 1 0 1 0
split_gain=1312.39 125.647 73.0412 52.1169 23.8064 15.545 16.6395 9.13073 9.36292 8.78259 7.58167 6.35931 4.50537 3.33795
threshold=0.99903741478919994 0.93004304170608532 0.99540078639984142 0.085614524781703963 0.99965056777000438 0.50387516617774974 0.52759104967117321 0.052566943690180785 0.029133377596735958 0.99819654226303112 0.051865525543689735 0.98600685596466076 0.057163948193192489 0.99982133507728588
decision_type=2 2 2 2 2 2 2 2 2 2 2 2 2 2
left_child=1 2 3 7 10 6 -5 8 -1 -4 -2 -8 -11 -6
right_child=4 -3 9 5 13 -7 11 -9 -10 12 -12 -13 -14 -15
leaf_value=-0.0070323849617775977 0.0357493103973862 -0.11173815153943911 0.0094435135935748132 -0.0013260525507932238 0.042358903910607815 -0.0025723108856790609 0.00023711719100118786 -0.014032524588584797 -0.0034689123702048362 0.021867915671553818 0.021867915671553818 0.003449501455955001 0.014783142912574911 0.049392399592941422
leaf_weight=2345.6424693129957 353.44214066758286 25.685784375760704 765.15583683864679 27949.264526478946 202.0703395557357 1627.0535856843926 23388.36943106167 242.92607663571835 8607.8951805233955 252.53127898578532 5.010195381822995 1649.2558862008154 4.7175789300817987 1021.0007645154255
leaf_count=45881 478201 468 283229 139624 342896 8170 318953 2611 106901 242709 5699 221779 3076 1760610
internal_value=-0.000108637 -0.00117353 -0.00113104 -0.00133706 0.0449094 -0.000699972 -0.000487428 -0.00444465 -0.00423201 0.0121305 0.0335778 0.00044872 0.0201228 0.0482304
internal_weight=68440 66858.5 66832.8 65810.4 1581.52 54613.9 52986.9 11196.5 10953.5 1022.4 358.452 25037.6 257.249 1223.07
internal_count=3960807 1373401 1372933 843919 2587406 688526 680356 155393 152782 529014 483900 540732 245785 2103506
is_linear=0
shrinkage=0.05


Tree=98
num_leaves=15
num_cat=0
split_feature=0 1 0 0 0 1 0 0 1 0 0 1 0 1
split_gain=1239.8 105.765 66.5078 47.3885 24.5195 15.3381 17.4105 8.18687 7.31372 6.54589 6.34442 4.57745 3.47357 2.82264
threshold=0.99903741478919994 0.93004304170608532 0.99540078639984142 0.071181111037731185 0.99965056777000438 0.50387516617774974 0.3811547607183457 0.99819654226303112 0.051865525543689735 0.98600685596466076 0.025575459934771064 0.057163948193192489 0.99982133507728588 0.031361050903797157
decision_type=2 2 2 2 2 2 2 2 2 2 2 2 2 2
left_child=1 2 3 10 8 6 -5 -4 -2 -8 -1 -9 -6 -12
right_child=4 -3 7 5 12 -7 9 11 -10 -11 13 -13 -14 -15
leaf_value=-0.0075194327219665295 0.035228745877733593 -0.099338557825212281 0.0090581674289685731 -0.001581377480659985 0.042026175335283772 -0.0026374610723262234 4.9898102080497418e-05 0.021774149517949311 0.021774149517949311 0.003288445669536857 -0.0036893504510294179 0.014261714874727056 0.049358802481755906 -0.0057522332723568539
leaf_weight=1510.3361341059208 341.04789911850821 27.39935600978788 758.00788521324284 22238.831546954811 193.69907490350306 1627.5238595358096 30760.152135005221 247.08050626411568 4.9020138146006493 1643.6752939922735 7506.5871166065335 4.6485697977477676 971.85055934771663 462.54810031503439
leaf_count=30360 478201 468 283229 124644 342896 8170 349690 242709 5699 221779 103537 3076 1760610 5739
internal_value=-0.000109008 -0.00112245 -0.00108214 -0.00127771 0.0446708 -0.000726763 -0.000525294 0.0116527 0.0329817 0.000214173 -0.00454816 0.0194653 0.0481402 -0.00398503
internal_weight=68298.3 66786.8 66759.4 65749.7 1511.5 56270.2 54642.7 1009.74 345.95 32403.8 9479.47 251.729 1165.55 7969.14
internal_count=3960807 1373401 1372933 843919 2587406 704283 696113 529014 483900 571469 139636 245785 2103506 109276
is_linear=0
shrinkage=0.05


Tree=99
num_leaves=15
num_cat=0
split_feature=0 1 0 0 0 1 0 1 0 0 1 0 1 0
split_gain=1171.02 89.9058 60.4811 43.0564 25.2338 13.4924 12.0971 8.94028 9.84835 7.58689 7.04195 5.65364 4.58907 3.61309
threshold=0.99903741478919994 0.93004304170608532 0.99540078639984142 0.10314369946718217 0.99965056777000438 0.47478772699832922 0.45610371232032781 0.052566943690180785 0.033347826451063163 0.99819654226303112 0.051865525543689735 0.98600685596466076 0.057163948193192489 0.99982133507728588
decision_type=2 2 2 2 2 2 2 2 2 2 2 2 2 2
left_child=1 2 3 7 10 6 -5 8 -1 -4 -2 -8 -11 -6
right_child=4 -3 9 5 13 -7 11 -9 -10 12 -12 -13 -14 -15
leaf_value=-0.0059280576078251058 0.034697326164202048 -0.08915459896373093 0.008685134975648991 -0.001226008277600792 0.041681934027467837 -0.0021877079686071811 0.00015378119537648753 -0.010770705770145704 -0.0027273412680669882 0.0216736743516617 0.0216736743516617 0.003180750025816745 0.013740848755820535 0.049323670143213372
leaf_weight=3229.1824263781309 329.25878959771944 28.959371394244954 751.21398826746736 22457.666614383459 185.73597689747112 2008.3989368933253 26520.178703676909 443.22809714078903 9396.9382058307528 241.76976045087213 4.7966131948051034 1637.865370515734 4.5829485716531044 925.0950052352855
leaf_count=61664 478201 468 283229 109603 342896 9877 332208 4313 104524 242709 5699 221730 3076 1760610
internal_value=-0.000110667 -0.00107507 -0.00103683 -0.00122237 0.0444224 -0.000584461 -0.000360468 -0.00379096 -0.00354594 0.0111822 0.0323732 0.000329851 0.0187966 0.0480459
internal_weight=68164.9 66720 66691 65693.5 1444.89 52624.1 50615.7 13069.3 12626.1 997.567 334.055 28158 246.353 1110.83
internal_count=3960807 1373401 1372933 843919 2587406 673418 663541 170501 166188 529014 483900 553938 245785 2103506
is_linear=0
shrinkage=0.05


Tree=100
num_leaves=15
num_cat=0
split_feature=0 1 0 0 0 1 0 1 0 1 0 0 0 1
split_gain=1105.73 77.0227 54.9045 39.4359 25.9478 13.8337 14.2423 7.2245 11.8416 6.766 5.7416 5.34461 3.75646 3.06829
threshold=0.99903741478919994 0.93004304170608532 0.99540078639984142 0.071181111037731185 0.99965056777000438 0.50387516617774974 0.3811547607183457 0.053403487429022796 0.99783697724342357 0.051865525543689735 0.022666972130537037 0.98600685596466076 0.99982133507728588 0.031361050903797157
decision_type=2 2 2 2 2 2 2 2 2 2 2 2 2 2
left_child=1 2 3 10 9 6 -5 8 -4 -2 -1 -8 -6 -12
right_child=4 -3 7 5 12 -7 11 -9 -10 -11 13 -13 -14 -15
leaf_value=-0.0083876352427094941 0.034155380937533807 -0.080616337758135634 0.0084733137944288019 -0.0014431509274034182 0.04132601716978903 -0.0024154642732147047 4.9821482653800251e-05 0.0047753791672700578 0.019639427958282732 0.021567591246462854 -0.0035491271080843241 0.0029850055540730806 0.049286915313832683 -0.006095230834376188
leaf_weight=741.22854959964752 318.04541541886283 30.385868019191548 623.476642572321 22205.871935836971 178.16116028511897 1628.3951447177678 30756.922124454752 18.907068756758235 343.49022964091273 4.6939457926200694 8212.6463831439614 1633.2620539907366 880.61747528176056 458.6984518840909
leaf_count=15568 478201 468 216741 124644 342896 8170 349690 7816 304457 5699 118329 221779 1760610 5739
internal_value=-0.000111205 -0.0010289 -0.000992597 -0.00116851 0.0441641 -0.000667054 -0.000470838 0.0107193 0.0121712 0.0317527 -0.00416387 0.000197827 0.0479473 -0.00380283
internal_weight=68034.8 66653.3 66622.9 65637 1381.52 56224.5 54596.1 985.874 966.967 322.739 9412.57 32390.2 1058.78 8671.34
internal_count=3960807 1373401 1372933 843919 2587406 704283 696113 529014 521198 483900 139636 571469 2103506 124068
is_linear=0
shrinkage=0.05


Tree=101
num_leaves=15
num_cat=0
split_feature=0 1 0 1 0 0 0 1 1 0 0 1 1 0
split_gain=1043.87 66.4 49.4608 36.8685 41.2059 26.6665 9.26026 7.56181 6.92611 11.1639 6.391 6.37462 5.38935 3.85217
threshold=0.99903741478919994 0.93004304170608532 0.99540078639984142 0.56552746891975414 0.15799529105424884 0.99971792101860057 0.033347826451063163 0.051865525543689735 0.053403487429022796 0.99783697724342357 0.52759104967117321 0.042928231880068786 0.6576794981956483 0.059929303824901588
decision_type=2 2 2 2 2 2 2 2 2 2 2 2 2 2
left_child=1 2 3 4 6 7 -1 -2 9 -4 -6 13 -5 -8
right_child=5 -3 8 12 10 -7 11 -9 -10 -11 -12 -13 -14 -15
leaf_value=-0.0054519886448633125 0.034665365198588496 -0.07333886759849087 0.0081277282677137946 -0.0071051416587341572 -0.00083459088624973632 0.048295876433386335 -0.0030141483924127424 0.021454611364895602 0.0045578042698802201 0.019036323246819378 0.00034012157516491345 -0.0039672782481799907 -0.014482752437217809 -0.0016027291630907195
leaf_weight=3198.8696501590312 361.18698219396174 31.695126589853317 618.24919187929481 509.57866023667157 21123.180143490434 954.81102709675906 4554.9844590425491 5.2385885022813445 18.81761691335123 336.82642386062071 25623.331775355618 1377.0833394601941 481.38172705285251 8717.2579179704189
leaf_count=61664 586074 468 216741 2495 93317 1994346 60652 6986 7816 304457 543565 11593 2743 67890
internal_value=-0.000113037 -0.000986209 -0.000951755 -0.00111785 -0.000971013 0.0438954 -0.00301477 0.032429 0.0102335 0.0116977 -0.000190692 -0.00248257 -0.010689 -0.00206102
internal_weight=67912.5 66591.3 66559.6 65585.7 64594.7 1321.24 17848.2 366.426 973.893 955.076 46746.5 14649.3 990.96 13272.2
internal_count=3960807 1373401 1372933 843919 838681 2587406 201799 593060 529014 521198 636882 140135 5238 128542
is_linear=0
shrinkage=0.05


Tree=102
num_leaves=15
num_cat=0
split_feature=0 1 0 0 0 1 0 0 1 1 0 1 0 0
split_gain=984.969 57.805 46.7821 35.3721 27.5097 10.3883 8.78701 7.39115 6.53769 5.6088 5.44245 4.61714 3.79684 3.13403
threshold=0.99903741478919994 0.6576794981956483 0.99476382136344921 0.12712427228689197 0.999809890985489 0.051865525543689735 0.99819654226303112 0.029133377596735958 0.77865779399871837 0.031361050903797157 0.52759104967117321 0.12051381543278696 0.99934533238410961 0.98600685596466076
decision_type=2 2 2 2 2 2 2 2 2 2 2 2 2 2
left_child=1 2 3 7 5 12 -4 -1 -3 -9 11 -5 -2 -12
right_child=4 8 6 10 -6 -7 -8 9 -10 -11 13 -13 -14 -15
leaf_value=-0.0057173727842984743 0.028641254830679377 -0.013349272629845111 0.0071265648658437502 -0.00048544263312420518 0.049101196352543217 0.021337391052882383 0.018099025999865802 -0.0022156264445780905 -0.025038185777953099 -0.0041744691199200757 2.5557097181810447e-05 -0.0017172170266762023 0.038712186488481848 0.0023808921621258079
leaf_weight=2284.2301241271198 116.77017822861671 331.01026701543014 859.87482209713198 18429.731067538261 813.86377848131815 6.2214096056413828 231.60892378899734 11654.908919546753 187.31792354467325 1240.6941561773419 24497.374866786413 5318.6886130720377 327.00243997847429 1498.7389137977734
leaf_count=45881 171964 2096 314660 84317 1792442 9278 245488 127854 1751 12466 324054 24598 613722 190236
internal_value=-0.000110617 -0.000941232 -0.000810642 -0.000983222 0.043616 0.0336955 0.00945488 -0.00309591 -0.0175735 -0.00263157 -0.000338523 -0.000885704 0.0359451 0.000161348
internal_weight=67798 66534.2 66015.9 64924.4 1263.86 449.994 1091.48 15179.8 518.328 12895.6 49744.5 23748.4 443.773 25996.1
internal_count=3960807 1373401 1369554 809406 2587406 794964 560148 186201 3847 140320 623205 108915 785686 514290
is_linear=0
shrinkage=0.05


Tree=103
num_leaves=15
num_cat=0
split_feature=0 1 0 1 0 0 1 0 1 1 0 0 0 1
split_gain=928.957 54.738 40.5279 30.4644 34.5891 28.333 10.0635 9.26147 6.76273 6.40026 10.0775 4.86784 3.79551 3.64564
threshold=0.99903741478919994 0.93004304170608532 0.99540078639984142 0.56552746891975414 0.19850864261388781 0.999809890985489 0.051865525543689735 0.051116930320858962 0.052566943690180785 0.053403487429022796 0.99783697724342357 0.96718469262123119 0.99934533238410961 0.6576794981956483
decision_type=2 2 2 2 2 2 2 2 2 2 2 2 2 2
left_child=1 2 3 4 7 6 12 -1 -9 10 -4 -6 -2 -5
right_child=5 -3 9 13 11 -7 -8 8 -10 -11 -12 -13 -14 -15
leaf_value=-0.004141814918170574 0.028320164634777347 -0.064973809735297705 0.007515791557174481 -0.0067463594929715867 -0.00025212866946915596 0.049053771836327642 0.021212635906407408 -0.0013249583823262746 -0.0029991475851822943 0.004176051708833734 0.017973492175589491 0.0015815159108777848 0.038265028285472499 -0.012801161885773769
leaf_weight=6423.5848356820643 113.47753129620105 33.315059951506555 608.94792113546282 509.95528920134529 39788.00081455335 774.90104497995344 6.090252333902753 12591.379080675542 1716.2549949288368 18.622363849543035 325.68872195243603 3981.6878001084551 314.59830052944017 485.09388754423708
leaf_count=107830 171964 468 216741 2495 291625 1792442 9278 96964 12479 7816 304457 329783 613722 2743
internal_value=-0.000109376 -0.000899275 -0.000867151 -0.00101612 -0.000882185 0.0433245 0.033099 -0.00256459 -0.00185648 0.00936822 0.0108555 -8.53237e-05 0.0354277 -0.00969812
internal_weight=67691.6 66482.5 66449.2 65496 64500.9 1209.07 434.166 20731.2 14307.6 953.259 934.637 43769.7 428.076 995.049
internal_count=3960807 1373401 1372933 843919 838681 2587406 794964 217273 109443 529014 521198 621408 785686 5238
is_linear=0
shrinkage=0.05


Tree=104
num_leaves=15
num_cat=0
split_feature=0 1 0 0 0 1 0 1 0 1 0 0 0 1
split_gain=875.828 47.7132 36.4913 29.1611 27.1706 9.76838 9.79943 9.73279 7.74199 5.01529 4.71083 3.78451 3.21317 2.78856
threshold=0.99903741478919994 0.93004304170608532 0.99309211969375621 0.999809890985489 0.071181111037731185 0.47478772699832922 0.31192712485790258 0.051865525543689735 0.998028725385666 1.0000000180025095e-35 0.022666972130537037 0.99934533238410961 0.91064909100532543 0.031361050903797157
decision_type=2 2 2 2 2 2 2 2 2 2 2 2 2 2
left_child=1 2 4 7 10 6 -6 11 -4 -10 -1 -2 -8 -12
right_child=3 -3 8 -5 5 -7 12 -9 9 -11 13 -13 -14 -15
leaf_value=-0.0073709495930380543 0.027989431173200321 -0.059732742727671234 0.0053566278302416281 0.049004115223726656 -0.0012263691212983886 -0.0020427072522601992 -0.00017921662197240972 0.021080956706300117 0.018497150136764489 0.010076212998143928 -0.0029267643474056963 0.037805770119333122 0.00095671601401434473 -0.005273027994226809
leaf_weight=725.57137924432755 110.31298412196338 34.396900093182921 1120.8702248922782 737.83703686320223 18404.394166104496 2013.0258355364203 27221.919585987926 5.9625992417277294 261.45296543714358 8.0020553099457157 8121.1039652377367 302.79943932846072 8071.2280876566656 452.52568031847477
leaf_count=15568 171964 468 346559 1792442 109144 9646 163008 9278 270805 6116 118329 613722 328019 5739
internal_value=-0.000108551 -0.000859633 -0.000829135 0.0430215 -0.00100055 -0.000582927 -0.000410031 0.0324884 0.00718601 0.0147958 -0.00350249 0.0348979 8.0561e-05 -0.00317511
internal_weight=67591.4 66434.5 66400.1 1156.91 65009.8 55710.6 53697.5 419.075 1390.33 269.455 9299.2 413.112 35293.1 8573.63
internal_count=3960807 1373401 1372933 2587406 749453 609817 600171 794964 623480 276921 139636 785686 491027 124068
is_linear=0
shrinkage=0.05


Tree=105
num_leaves=15
num_cat=0
split_feature=0 1 0 0 0 1 1 0 1 0 0 1 0 1
split_gain=825.552 44.9388 35.865 29.9925 28.1872 9.39754 8.36075 9.8613 6.39952 6.14042 5.12421 4.66624 3.78084 3.24776
threshold=0.99903741478919994 0.6576794981956483 0.99657732248306286 0.999809890985489 0.15799529105424884 0.051865525543689735 0.052566943690180785 0.051116930320858962 0.057163948193192489 0.98954081535339367 0.99834179878234874 0.75825929641723644 0.99946036934852611 0.16048688441514972
decision_type=2 2 2 2 2 2 2 2 2 2 2 2 2 2
left_child=1 2 4 5 6 12 7 -1 10 13 -4 -3 -2 -6
right_child=3 11 8 -5 9 -7 -8 -9 -10 -11 -12 -13 -14 -15
leaf_value=-0.003786383472420338 0.028390233203969065 -0.011204968676158989 0.010144906782869388 0.048952119434121782 -9.8649660566101191e-05 0.020940704972021738 -0.0066772422106349677 -0.0013587643198827975 0.005135201089980417 0.0031409084956536661 0.020179890021568239 -0.020700906293448691 0.038328389186886448 -0.0012204668865907181
leaf_weight=6381.0222942754626 159.4264611483668 292.66842947865371 449.16739073151257 702.57929429833894 38418.22145333048 5.8383856145374002 1135.894290857017 10186.279636196792 10.620658647152593 1344.4163996789139 177.47931194567354 231.85859583423007 239.42194829459186 7753.9542243145406
leaf_count=107830 263925 1826 230857 1792442 427715 9278 9201 84768 5655 253522 213145 2021 521761 36861
internal_value=-0.00011107 -0.000825284 -0.000709182 0.0427067 -0.000824521 0.031864 -0.00252748 -0.00224296 0.0110949 -0.000190054 0.012987 -0.0154025 0.0343559 -0.000287043
internal_weight=67488.8 66381.6 65857.1 1107.27 65219.8 404.687 17703.2 16567.3 637.267 47516.6 626.647 524.527 398.848 46172.2
internal_count=3960807 1373401 1369554 2587406 919897 794964 201799 192598 449657 718098 444002 3847 785686 464576
is_linear=0
shrinkage=0.05


Tree=106
num_leaves=15
num_cat=0
split_feature=0 1 0 0 0 1 1 0 1 0 0 1 0 1
split_gain=777.707 40.361 32.2497 30.8081 25.5832 9.05872 7.58577 10.2068 6.14755 5.32076 4.8358 4.12858 3.78373 3.13977
threshold=0.99903741478919994 0.6576794981956483 0.99657732248306286 0.999809890985489 0.19850864261388781 0.051865525543689735 0.078914269804954543 0.059929303824901588 0.057163948193192489 0.98954081535339367 0.99834179878234874 0.75825929641723644 0.99946036934852611 0.25035522878170019
decision_type=2 2 2 2 2 2 2 2 2 2 2 2 2 2
left_child=1 2 4 5 6 12 7 -1 10 13 -4 -3 -2 -6
right_child=3 11 8 -5 9 -7 -8 -9 -10 -11 -12 -13 -14 -15
leaf_value=-0.0034152885004700784 0.027766970397620022 -0.010622139864400788 0.0097380889692488763 0.048897667284324063 -3.8535506388036771e-05 0.020797984749494389 -0.0061385857052454066 -0.0011742481872466697 0.0049041631636284914 0.0029933821238947301 0.019571327145734407 -0.01953386995584901 0.037870995726046769 -0.0011742481872466697
leaf_weight=7742.7925223149359 154.96920177934226 293.27454570587724 444.65296006470453 669.03984964254778 37531.023245854303 5.7175571778789154 1176.1219661235809 11703.618780791759 10.566488185315391 1340.2502039344981 173.93959488120163 233.38475526322145 230.42697081202641 5686.1770327296108
leaf_count=123665 263925 1826 230857 1792442 423282 9278 7751 85857 5655 253522 213145 2021 521761 25820
internal_value=-0.000105755 -0.000784757 -0.000674426 0.0423807 -0.000783172 0.0312328 -0.00223923 -0.0020034 0.0105915 -0.000109263 0.0125031 -0.0145713 0.0338081 -0.000205482
internal_weight=67396 66335.8 65809.1 1060.15 65180 391.114 20622.5 19446.4 629.159 44557.5 618.593 526.659 385.396 43217.2
internal_count=3960807 1373401 1369554 2587406 919897 794964 217273 209522 449657 702624 444002 3847 785686 449102
is_linear=0
shrinkage=0.05


Tree=107
num_leaves=15
num_cat=0
split_feature=0 1 0 0 1 0 1 0 1 1 0 0 0 1
split_gain=732.853 44.3498 35.7886 23.3567 22.5865 25.2468 9.40212 11.6074 8.74568 7.31378 6.79825 4.87098 2.3448 1.84515
threshold=0.99922350049018871 0.93004304170608532 0.99676436185836803 0.999809890985489 0.56552746891975414 0.25131179392337805 0.052566943690180785 0.059929303824901588 0.057163948193192489 0.022410340607166294 0.99859085679054271 0.99046719074249279 0.99961689114570629 0.6576794981956483
decision_type=2 2 2 2 2 2 2 2 2 2 2 2 2 2
left_child=1 2 4 9 5 6 7 -1 10 12 -4 -7 -2 -6
right_child=3 -3 8 -5 13 11 -8 -9 -10 -11 -12 -13 -14 -15
leaf_value=-0.0030605221148092606 0.030943767887814791 -0.056122970501482995 0.010444284938917992 0.048840642781985286 -0.0061571086725304928 -3.4272483721927754e-05 -0.0044786729028880234 -0.00095967566052175427 0.0051983552426581696 0.021282999918191232 0.021282999918191232 0.0031492200629054759 0.039627427877957637 -0.010449393414286995
leaf_weight=7699.0477971322834 175.5526623124606 36.112604820751585 443.92490908218315 637.13501391987666 510.74088115338236 39441.382244218141 2483.2337962463498 13820.395170986652 11.948384589981286 6.8321596133173434 169.32484179578023 1239.3246619214769 139.52425602436415 491.14906175946817
leaf_count=123400 336232 510 275235 1792442 2549 447107 16541 93503 6981 12539 246913 252789 351203 2863
internal_value=-0.000101015 -0.000728296 -0.000698129 0.0432943 -0.000811454 -0.000696062 -0.00198206 -0.00164237 0.0112082 0.0323168 0.0137116 6.27116e-05 0.0347891 -0.00826128
internal_weight=67305.6 66346.6 66310.5 959.044 65685.3 64683.4 24002.7 21519.4 625.198 321.909 613.25 40680.7 315.077 1001.89
internal_count=3960807 1468391 1467881 2492416 938752 933340 233444 216903 529129 699974 522148 699896 687435 5412
is_linear=0
shrinkage=0.05


Tree=108
num_leaves=15
num_cat=0
split_feature=0 1 0 1 0 0 1 1 0 0 1 0 0 1
split_gain=691.049 45.2486 40.4918 20.3353 22.9773 17.3739 9.47509 8.62607 10.6539 7.24605 6.62074 4.87179 1.65873 1.64465
threshold=0.99934533238410961 0.93004304170608532 0.99692860245704662 0.56552746891975414 0.25131179392337805 0.99982133507728588 0.057163948193192489 0.052566943690180785 0.059929303824901588 0.99859085679054271 0.022410340607166294 0.99046719074249279 0.52759104967117321 0.6576794981956483
decision_type=2 2 2 2 2 2 2 2 2 2 2 2 2 2
left_child=1 2 3 4 7 10 9 8 -1 -4 -2 12 -6 -5
right_child=5 -3 6 13 11 -7 -8 -9 -10 -11 -12 -13 -14 -15
leaf_value=-0.0029010197448188246 0.036185206496930772 -0.055888959627515812 0.010707537457678808 -0.005842753835802743 -0.00045242048870645544 0.048925529136497628 0.0056942586313828581 -0.0042431280102501155 -0.00090941135914600314 0.021718571524721651 0.021718571524721651 0.0030949998762395898 0.0002178518040143233 -0.0098919503462277774
leaf_weight=7678.8331737332046 271.02537005467457 37.089402340177912 389.86673229798907 511.07682346389629 14735.277596533298 595.56786129833199 11.649923410208428 2476.641912907362 13812.670917406678 210.46992690052139 5.7837529085518318 1285.7276303388644 24706.633138965815 492.35189351113513
leaf_count=123400 641153 539 260266 2556 61672 1760610 7581 16541 93503 325070 11625 267978 385435 2878
internal_value=-9.65563e-05 -0.00067787 -0.000646989 -0.000766237 -0.000656685 0.044115 0.0121548 -0.001885 -0.00155891 0.0147499 0.033765 6.61755e-05 -3.25582e-05 -0.00782957
internal_weight=67220.7 66348.3 66311.2 65699.2 64695.8 872.377 611.987 23968.1 21491.5 600.337 276.809 40727.6 39441.9 1003.43
internal_count=3960807 1547419 1546880 953963 948529 2413388 592917 233444 216903 585336 652778 715085 447107 5434
is_linear=0
shrinkage=0.05


Tree=109
num_leaves=15
num_cat=0
split_feature=0 1 0 1 0 0 1 0 1 0 0 1 0 1
split_gain=652.257 39.7303 36.4045 18.3324 20.8097 17.8998 8.42799 8.04461 6.41236 4.94611 4.94211 3.82762 2.63303 4.1205
threshold=0.99934533238410961 0.93004304170608532 0.99676436185836803 0.56552746891975414 0.12712427228689197 0.99982133507728588 0.057163948193192489 0.99859085679054271 0.022410340607166294 0.029133377596735958 0.96718469262123119 0.031361050903797157 0.3811547607183457 0.11817167326807977
decision_type=2 2 2 2 2 2 2 2 2 2 2 2 2 2
left_child=1 2 3 4 9 8 7 -4 -2 -1 12 -11 13 -6
right_child=5 -3 6 -5 10 -7 -8 -9 -10 11 -12 -13 -14 -15
leaf_value=-0.0040320013037941351 0.035675040405329476 -0.051726247210282066 0.0096327150396304934 -0.0074352983466736203 -0.00040110851653207846 0.048870031315289546 0.0051969894958644102 0.021599423711845273 0.021599423711845273 -0.0014995897652482994 0.0014834618908093242 -0.0029540847238590218 -4.1141989043765059e-06 -0.0011995341667883539
leaf_weight=2228.8682530745864 261.40158064488787 38.044709287350997 435.03811391431373 1004.6203869683668 13281.140359297395 567.1490275694232 12.503171801159622 205.95391660026507 5.6596205065143286 11518.052171390504 4302.6590841785073 1217.9665133953094 29031.034532163292 3025.4682988971472
leaf_count=45881 641153 539 275235 5412 62885 1760610 7823 325070 11625 127854 424442 12466 244618 15194
internal_value=-9.24772e-05 -0.000645292 -0.000615964 -0.000732927 -0.000628704 0.0438441 0.0111269 0.0134868 0.0331708 -0.00226307 -0.000135998 -0.00187617 -0.000289688 -0.000798103
internal_weight=67135.6 66301.3 66263.3 65609.8 64605.2 834.21 653.495 640.992 267.061 14964.9 49640.3 12736 45337.6 16306.6
internal_count=3960807 1547419 1546880 938752 933340 2413388 608128 600305 652778 186201 747139 140320 322697 78079
is_linear=0
shrinkage=0.05


Tree=110
num_leaves=15
num_cat=0
split_feature=0 1 0 0 0 1 1 0 1 0 1 0 0 1
split_gain=615.632 34.9639 32.7251 18.4272 17.0174 8.79165 7.49502 6.51246 6.21597 7.98407 6.20159 4.81318 1.86386 1.66472
threshold=0.99934533238410961 0.93004304170608532 0.99692860245704662 0.99982133507728588 0.085614524781703963 0.057163948193192489 0.052566943690180785 0.99859085679054271 0.12051381543278696 0.95619344711303722 0.022410340607166294 0.022666972130537037 0.043910730630159385 0.93004304170608532
decision_type=2 2 2 2 2 2 2 2 2 2 2 2 2 2
left_child=1 2 4 10 6 7 11 -4 9 -6 -2 -1 -13 -5
right_child=3 -3 5 13 8 -7 -8 -9 -10 -11 -12 12 -14 -15
leaf_value=-0.0062942680899592046 0.035153720843971857 -0.047989615039250193 0.0098994652559256761 0.049274515812175172 -0.00034210236687418739 0.00519042085705969 -0.011429414704949365 0.021007681759661397 -0.0014260624520563759 0.0017114056474121201 0.021470981614350258 -0.0027984571961048449 -0.0014260624520563759 0.040687885967426896
leaf_weight=709.65096813440323 252.24779693494202 38.932734763482586 382.04141320002964 539.9312730160309 40201.554169882089 11.524208473449105 230.56856317818165 201.55866576748667 9246.7643880273681 5365.0712838920299 5.5388087239989536 4392.7960907705128 5480.7344567924738 0.18410052184481074
leaf_count=15568 641153 539 260266 1760019 285316 7581 2611 325070 48594 464660 11625 76571 60643 591
internal_value=-9.48056e-05 -0.000620517 -0.000592668 0.0435625 -0.000698513 0.0110794 -0.00251123 0.0137359 -0.000340894 -0.00010032 0.0325639 -0.00231694 -0.00203107 0.0488119
internal_weight=67059.1 66261.2 66222.3 797.902 65627.1 595.124 10813.8 583.6 54813.4 45566.6 257.787 10583.2 9873.53 540.115
internal_count=3960807 1547419 1546880 2413388 953963 592917 155393 585336 798570 749976 652778 152782 137214 1760610
is_linear=0
shrinkage=0.05


Tree=111
num_leaves=15
num_cat=0
split_feature=0 1 0 0 1 0 1 0 1 0 1 0 1 1
split_gain=580.499 30.8441 29.281 18.9507 16.291 17.8711 7.84238 8.652 7.79199 7.16235 5.98638 3.52978 1.72265 1.47253
threshold=0.99934533238410961 0.93004304170608532 0.99676436185836803 0.99982133507728588 0.56552746891975414 0.25131179392337805 0.076393958181142821 0.071181111037731185 0.057163948193192489 0.99859085679054271 0.022410340607166294 0.98851981759071361 0.93004304170608532 0.6576794981956483
decision_type=2 2 2 2 2 2 2 2 2 2 2 2 2 2
left_child=1 2 4 10 5 6 7 -1 9 -4 -2 -7 -5 -6
right_child=3 -3 8 12 13 11 -8 -9 -10 -11 -12 -13 -14 -15
leaf_value=-0.0025725224794876348 0.034621555500760293 -0.044617124417959647 0.0088742431157025174 0.049236380196825025 -0.0051028071525637229 -2.5436695433599143e-05 -0.0037765290976604655 -0.0007943218814655033 0.0047180051161505414 0.020391630238546968 0.021338029961211525 0.0024076521975224035 0.040347442059202009 -0.0089293763279267181
leaf_weight=9144.2555304206908 243.54114275003667 39.759557695593685 427.04764385730959 513.986446238996 511.76037069410086 39107.466000549495 1943.4711031988263 12795.139738857746 12.379490246472413 197.37371515366249 5.4212689146806943 1549.7062744987197 0.17676459779613551 494.19210362667218
leaf_count=139636 641153 539 275235 1760019 2549 414814 11975 81833 7823 325070 11625 285082 591 2863
internal_value=-9.19181e-05 -0.000591579 -0.00056513 0.0432676 -0.000668792 -0.000570381 -0.00165595 -0.00137053 0.0101048 0.0125148 0.0319445 6.7304e-05 0.0487504 -0.00698268
internal_weight=66985.7 66222.6 66182.8 763.126 65546 64540 23882.9 21939.4 636.801 624.421 248.962 40657.2 514.163 1005.95
internal_count=3960807 1547419 1546880 2413388 938752 933340 233444 221469 608128 600305 652778 699896 1760610 5412
is_linear=0
shrinkage=0.05


Tree=112
num_leaves=15
num_cat=0
split_feature=0 1 0 0 1 0 1 0 1 1 0 0 0 1
split_gain=547.129 27.2648 26.2005 19.4727 14.6714 16.2366 8.13483 5.78006 5.7675 4.62235 5.68862 3.86296 2.17934 2.20093
threshold=0.99934533238410961 0.93004304170608532 0.99692860245704662 0.99982133507728588 0.56552746891975414 0.15799529105424884 0.057163948193192489 0.99859085679054271 0.022410340607166294 0.052566943690180785 0.051116930320858962 0.98600685596466076 0.52759104967117321 0.16048688441514972
decision_type=2 2 2 2 2 2 2 2 2 2 2 2 2 2
left_child=1 2 4 8 5 9 7 -4 -2 10 -1 12 13 -7
right_child=3 -3 6 -5 -6 11 -8 -9 -10 -11 -12 -13 -14 -15
leaf_value=-0.002585458934640942 0.034078883083174256 -0.041558802425469374 0.0091389595122471894 0.0486859578071481 -0.0066187211582384711 -0.00019556560778558209 0.004707307674634717 0.019781163211880802 0.021199441450343959 -0.0035780085955054914 -0.0009455822166229296 0.0021018640328692288 0.00017713423236511303 -0.0009455822166229296
leaf_weight=6264.6194155775011 235.25986461451976 40.530516144470312 374.95780738687608 489.47603476367658 1007.2180389729328 16578.427809864283 11.411012399999889 193.394518564397 5.3069258184113997 1114.3913638368249 10122.963210634887 1990.5445952257141 23980.012367023155 4505.0429162532091
leaf_count=107830 641153 539 260266 1760610 5434 73015 7581 325070 11625 9201 84768 331729 321684 20302
internal_value=-8.7414e-05 -0.000562265 -0.000537143 0.0429611 -0.000630722 -0.000537296 0.0100453 0.0127602 0.031313 -0.00183748 -0.00159291 -5.36874e-05 -0.000148902 -0.000519731
internal_weight=66913.6 66183.5 66143 730.043 65563.2 64556 579.763 568.352 240.567 17502 16387.6 47054 45063.5 21083.5
internal_count=3960807 1547419 1546880 2413388 953963 948529 592917 585336 652778 201799 192598 746730 415001 93317
is_linear=0
shrinkage=0.05


Tree=113
num_leaves=15
num_cat=0
split_feature=0 1 0 0 0 1 1 0 1 0 1 0 1 0
split_gain=515.849 69.7164 23.3634 19.9967 12.9646 7.18263 6.74764 6.34131 5.54646 4.77039 4.76097 5.91411 1.84163 1.48335
threshold=0.99934533238410961 0.95661467313766491 0.99676436185836803 0.99982133507728588 0.10314369946718217 0.057163948193192489 0.052566943690180785 0.99859085679054271 0.022410340607166294 0.025575459934771064 0.12051381543278696 0.95619344711303722 0.93004304170608532 0.99961689114570629
decision_type=2 2 2 2 2 2 2 2 2 2 2 2 2 2
left_child=1 2 4 8 6 7 9 -4 13 -1 11 -6 -5 -2
right_child=3 -3 5 12 10 -7 -8 -9 -10 -11 -12 -13 -14 -15
leaf_value=-0.0045460767978025701 0.029189744940338148 -0.090059606561013417 0.0081599679427797889 0.049155003820786386 -0.00025372074858088866 0.0042628646704202548 -0.0082438551306185555 0.019176983261497083 0.0210526163319638 -0.0014662280042753908 -0.0011479952518989676 0.0015285545420625213 0.039644509292587476 0.037287065549217006
leaf_weight=1422.4649551808834 105.61284927019733 21.741796957445331 419.78618082514731 466.06681377044879 38267.809499908239 13.408697615319396 423.42836140096188 189.61102620884776 5.1957114670949514 10827.600658793002 9260.8647393281572 5299.1095685325563 0.16171515159658056 121.77038519294001
leaf_count=30360 258629 343 275235 1760019 270208 7911 4313 325070 11625 135828 48551 449600 591 382524
internal_value=-8.85015e-05 -0.000539968 -0.000510534 0.0426452 -0.000602179 0.00912791 -0.00203835 0.0115879 0.0306699 -0.00182386 -0.000257638 -3.69399e-05 0.0486191 0.0335261
internal_weight=66844.6 66145.8 66124.1 698.807 65501.3 622.806 12673.5 609.397 232.579 12250.1 52827.8 43566.9 466.229 227.383
internal_count=3960807 1547419 1547076 2413388 938860 608216 170501 600305 652778 166188 768359 719808 1760610 641153
is_linear=0
shrinkage=0.05


Tree=114
num_leaves=15
num_cat=0
split_feature=0 1 0 0 0 1 1 0 1 0 0 0 1 1
split_gain=485.867 59.5286 20.821 20.5113 11.9488 7.52786 5.32263 5.09854 4.55266 5.88505 3.3575 2.54208 2.31455 1.90244
threshold=0.99934533238410961 0.95661467313766491 0.99692860245704662 0.99982133507728588 0.071181111037731185 0.057163948193192489 0.022410340607166294 0.99859085679054271 0.47478772699832922 0.67446401715278637 0.022666972130537037 0.98954081535339367 0.031361050903797157 0.93004304170608532
decision_type=2 2 2 2 2 2 2 2 2 2 2 2 2 2
left_child=1 2 4 6 10 7 -2 -4 9 -6 -1 -11 -12 -5
right_child=3 -3 5 13 8 -7 -8 -9 -10 11 12 -13 -14 -15
leaf_value=-0.0055803236260601099 0.032963774051420078 -0.081116376822722158 0.0084254908298066322 0.049111148281995649 -0.0005658003660147917 0.004241704939984361 0.02089965800011399 0.018579756350114759 -0.0012754821048466902 0.00035987855321305262 -0.0017383781538611422 0.0025604655457421668 -0.0037775053408970779 0.039282086983809535
leaf_weight=699.45063537359238 219.8932931048912 22.899904135032557 368.54663218744099 443.7225237347011 35118.313436970115 12.380437873303888 5.0875718687602776 186.01368542900309 2045.1176092934329 17849.584533832036 7951.7419195771217 1416.5038763899356 440.87094836682081 0.15543276534299266
leaf_count=15568 641153 343 260266 1760019 182677 7668 11625 325070 10259 337146 118329 284354 5739 591
internal_value=-8.63258e-05 -0.000515302 -0.000487374 0.0423146 -0.000569927 0.00905334 0.0300159 0.0118315 -0.000298896 -0.000180555 -0.00225207 0.000521673 -0.00197469 0.0485482
internal_weight=66780.3 66111.4 66088.5 668.859 65521.6 566.941 224.981 554.56 56429.5 54384.4 9092.06 19266.1 8392.61 443.878
internal_count=3960807 1547419 1547076 2413388 954072 593004 652778 585336 814436 804177 139636 621500 124068 1760610
is_linear=0
shrinkage=0.05


Tree=115
num_leaves=15
num_cat=0
split_feature=0 1 0 0 1 0 1 1 0 0 1 0 1 0
split_gain=457.503 51.1743 21.0203 18.4941 11.1219 12.8488 6.71639 6.61295 6.2689 5.58614 5.09726 2.53854 1.96412 1.53264
threshold=0.99934533238410961 0.95661467313766491 0.99982133507728588 0.99676436185836803 0.56552746891975414 0.25131179392337805 0.076393958181142821 0.057163948193192489 0.071181111037731185 0.99859085679054271 0.022410340607166294 0.99120783805847179 0.93004304170608532 0.99961689114570629
decision_type=2 2 2 2 2 2 2 2 2 2 2 2 2 2
left_child=1 3 10 4 5 6 8 9 -1 -5 13 -7 -4 -2
right_child=2 -3 12 7 -6 11 -8 -9 -10 -11 -12 -13 -14 -15
leaf_value=-0.0021004656078293061 0.027853814451387987 -0.073546965201933601 0.049065188815559421 0.0074885627203958444 -0.0057120651744391885 7.8771729303119339e-06 -0.0030895102038846788 0.0038273168044713896 -0.00065832037585861593 0.017990125792717401 0.020738212922569478 0.0024603935268308497 0.038912577273145912 0.036360199354229128
leaf_weight=9075.4739666581154 99.253385397867532 23.964643656159751 422.46747695392696 413.18187441851478 1026.7776019326411 39549.028790009208 1935.0729234740138 13.298504980513824 12773.512861482799 182.59340332291322 4.9824422796955323 1084.034828272881 0.14944843365810712 113.51438988273731
leaf_count=139636 258629 343 1760019 275235 5520 462362 11975 7911 81833 325070 11625 237534 591 382524
internal_value=-8.74367e-05 -0.000495039 0.0419715 -0.000468536 -0.000549248 -0.000466955 -0.00138995 0.00820388 -0.00111142 0.0107071 0.0293512 7.3307e-05 0.048474 0.0323921
internal_weight=66717.3 66076.9 640.367 66053 65443.9 64417.1 23784.1 609.074 21849 595.775 217.75 40633.1 422.617 212.768
internal_count=3960807 1547419 2413388 1547076 938860 933340 233444 608216 221469 600305 652778 699896 1760610 641153
is_linear=0
shrinkage=0.05


Tree=116
num_leaves=15
num_cat=0
split_feature=0 1 0 0 1 0 1 1 0 0 1 1 0 1
split_gain=430.746 44.2298 19.0274 18.6289 10.4826 12.3637 6.32694 6.25023 5.85645 5.04262 4.21966 1.94693 1.3961 1.23323
threshold=0.99940577149391185 0.95661467313766491 0.99834179878234874 0.99982133507728588 0.56552746891975414 0.25131179392337805 0.076393958181142821 0.022410340607166294 0.059929303824901588 0.99401089549064647 0.051865525543689735 0.93004304170608532 0.99961689114570629 0.12989316135644915
decision_type=2 2 2 2 2 2 2 2 2 2 2 2 2 2
left_child=1 2 4 10 5 6 8 -4 -1 -7 12 -5 -2 -11
right_child=3 -3 7 11 -6 9 -8 -9 -10 13 -12 -13 -14 -15
leaf_value=-0.0020027226973891809 0.027252805881510342 -0.067022903561577751 0.016900386797292763 0.049017022833458657 -0.0054981688387671281 2.6119047424511921e-05 -0.0029558441118507097 0.0063473840692860328 -0.00060428427764346482 0.0044116089347492502 0.020906402125859716 0.038937087819035057 0.035958759937145202 0.0018501103166715259
leaf_weight=7573.6076882071793 79.066174140141811 24.951544364274014 247.50697283496265 402.24857891989814 1029.7694891075371 40023.981279752683 1931.6481452733278 7.6252119446871793 14254.451948694885 961.87110476812813 2.9826831147365729 0.14374747550755174 110.27648621157277 8.4001671210862678
leaf_count=123665 214565 352 427696 1760019 5935 542046 11975 8307 97804 373064 6985 591 385021 2782
internal_value=-8.40543e-05 -0.000465407 -0.000440259 0.0422782 -0.000493114 -0.000413519 -0.00132103 0.0131879 -0.0010496 0.000112461 0.0294781 0.0483961 0.0323233 0.0036741
internal_weight=66658.5 66063.8 66038.9 594.718 65783.7 64754 23759.7 255.132 21828.1 40994.3 192.325 402.392 189.343 970.271
internal_count=3960807 1593626 1593274 2367181 1157271 1151336 233444 436003 221469 917892 606571 1760610 599586 375846
is_linear=0
shrinkage=0.05


Tree=117
num_leaves=15
num_cat=0
split_feature=0 1 0 0 1 0 1 1 0 0 1 1 0 1
split_gain=406.189 43.3962 23.7125 13.3303 9.62622 11.2827 6.53548 5.93862 5.41024 4.80224 3.22925 1.81506 1.73565 1.28796
threshold=0.99950805306434642 0.95661467313766491 0.9984087646007539 0.99982133507728588 0.56552746891975414 0.25131179392337805 0.022410340607166294 0.076393958181142821 0.071181111037731185 0.99401089549064647 0.27891728281974798 0.93004304170608532 0.99903741478919994 0.15012049674987796
decision_type=2 2 2 2 2 2 2 2 2 2 2 2 2 2
left_child=1 2 4 10 5 7 12 8 -1 -7 -2 -5 -4 -11
right_child=3 -3 6 11 -6 9 -8 -9 -10 13 -12 -13 -14 -15
leaf_value=-0.001911929868561255 0.033325355727573634 -0.065173370627695945 0.013669973984063369 0.04896653898471956 -0.0052631077204861052 2.4813258685994491e-05 0.0069471586237709985 -0.0028278722269918779 -0.00057528839527472406 0.0043359719121071347 0.021463605861869219 0.039535340939427281 0.021463605861869219 0.0017944105449540276
leaf_weight=9045.52011019364 149.79535348160425 25.87488410709193 127.87725178000983 383.01537319850468 1030.6542689604685 40023.563965091947 7.9644256143365046 1928.3716283962131 12764.420893996954 974.5186327554984 0.78692246327409421 0.13826050456554995 134.73315003141761 7.4600896384799844
leaf_count=139636 512384 380 196713 1760019 5958 542046 9572 11975 81833 388362 2012 591 306813 2513
internal_value=-8.26079e-05 -0.000433553 -0.00040819 0.0433608 -0.000468955 -0.000392637 0.0143633 -0.00126014 -0.000995988 0.000109568 0.0307562 0.0483144 0.0178505 0.00356401
internal_weight=66604.7 66071 66045.1 533.736 65774.5 64743.9 270.575 23738.3 21809.9 41005.5 150.582 383.154 262.61 981.979
internal_count=3960807 1685801 1685421 2275006 1172323 1166365 513098 233444 221469 932921 514396 1760610 503526 390875
is_linear=0
shrinkage=0.05


Tree=118
num_leaves=15
num_cat=0
split_feature=0 1 0 0 0 1 1 0 0 1 1 0 1 1
split_gain=382.926 37.7721 21.3191 13.6779 8.79954 6.31217 4.76409 4.63005 3.88707 3.08734 2.93513 2.94945 1.87474 1.80225
threshold=0.99950805306434642 0.95661467313766491 0.9984087646007539 0.99982133507728588 0.12712427228689197 0.022410340607166294 0.078914269804954543 0.99193000793457042 0.025575459934771064 0.27891728281974798 0.25035522878170019 0.89099088311195385 0.93004304170608532 0.024837888777256015
decision_type=2 2 2 2 2 2 2 2 2 2 2 2 2 2
left_child=1 2 4 9 6 -4 8 10 -1 -2 11 -6 -5 -9
right_child=3 -3 5 12 7 -7 -8 13 -10 -11 -12 -13 -14 -15
leaf_value=-0.0038903825897420837 0.032759650734193367 -0.059796690556174363 0.017277357098071492 0.048913633085797006 -0.00026086815346557964 0.0066467128428594245 -0.0077346797185554542 0.0036814097810893586 -0.0011221457291604165 0.021322318028102093 -0.00082754674663026984 0.00076242681549986389 0.039166799385905032 0.0012769789293738433
leaf_weight=1404.3587510287762 144.88844334241003 26.767106541316025 258.01792162231868 364.71978546217724 34594.363670185208 7.9093936004792331 302.11393144726753 1293.3906117845327 13070.457074895501 0.77022545516956498 6197.2462644223124 8841.3934379690327 0.13290338171645899 45.370305056567304
leaf_count=30360 512384 380 503526 1760019 193337 9572 2511 442918 153330 2012 28690 309459 591 11718
internal_value=-7.95913e-05 -0.00041305 -0.000388971 0.0430577 -0.000446116 0.0137395 -0.00152042 -0.000134669 -0.00139072 0.0301048 -0.000212933 -5.25754e-05 0.0482288 0.00276689
internal_weight=66551.9 66041.4 66014.6 510.511 65748.7 265.927 14776.9 50971.8 14474.8 145.659 49633 43435.8 364.853 1338.76
internal_count=3960807 1685801 1685421 2275006 1172323 513098 186201 986122 183690 514396 531486 502796 1760610 454636
is_linear=0
shrinkage=0.05


Tree=119
num_leaves=15
num_cat=0
split_feature=0 1 0 0 1 0 1 0 0 1 1 1 1 0
split_gain=360.95 37.4955 24.1844 11.5095 9.28362 9.8544 6.36532 6.16034 5.4212 3.27665 2.29684 1.87011 1.83368 1.64105
threshold=0.99955180287361156 0.95661467313766491 0.99903741478919994 0.99982133507728588 0.56552746891975414 0.31192712485790258 0.076393958181142821 0.99657732248306286 0.071181111037731185 0.057163948193192489 0.27891728281974798 0.022410340607166294 0.93004304170608532 0.99783697724342357
decision_type=2 2 2 2 2 2 2 2 2 2 2 2 2 2
left_child=1 2 4 10 5 6 8 -7 -1 13 -2 -4 -5 -9
right_child=3 -3 11 12 -6 7 -8 9 -10 -11 -12 -13 -14 -15
leaf_value=-0.0017593318637558254 0.032768066933191557 -0.058656750086258147 0.021376743764162889 0.048858182484430843 -0.0051171588333825228 0.0001096427865337675 -0.0027273324881950597 0.005117196093276738 -0.00043623086268228001 0.002762681105603391 0.021531189822875912 0.0096791300903685349 0.039301463166151289 0.0096791300903685349
leaf_weight=9018.7075847387314 124.67093262651179 27.600386476085987 144.88121482537827 347.31617434094369 1032.1094899129821 36977.476461481769 2816.028644785285 282.32287235360127 15449.183837659657 9.5817832271568459 0.65113050621584889 3.876634335552807 0.12780081201344629 263.32146996696247
leaf_count=139636 466221 394 352373 1760019 6335 668578 16192 139386 92952 5416 1819 6279 591 304616
internal_value=-7.95809e-05 -0.000391296 -0.00036693 0.0434537 -0.000412422 -0.000337506 -0.0010606 0.000188136 -0.000791331 0.00541572 0.0304639 0.0197707 0.0481391 0.00747171
internal_weight=66497.9 66025.1 65997.5 472.766 65848.7 64816.6 27283.9 37532.7 24467.9 555.226 125.322 148.758 347.444 545.644
internal_count=3960807 1732157 1731763 2228650 1373111 1366776 248780 1117996 232588 449418 468040 358652 1760610 444002
is_linear=0
shrinkage=0.05


Tree=120
num_leaves=15
num_cat=0
split_feature=0 1 0 0 1 0 0 1 0 1 0 1 1 1
split_gain=340.335 32.8037 22.1474 11.8002 8.37171 8.87915 5.7351 3.69985 3.79868 2.26308 3.6666 2.18983 1.89271 1.81088
threshold=0.99955180287361156 0.95661467313766491 0.99903741478919994 0.99982133507728588 0.56552746891975414 0.19850864261388781 0.99401089549064647 0.054799228906631477 0.043910730630159385 0.053403487429022796 0.99783697724342357 0.27891728281974798 0.93004304170608532 0.022410340607166294
decision_type=2 2 2 2 2 2 2 2 2 2 2 2 2 2
left_child=1 2 4 11 5 7 -7 8 -1 10 -8 -2 -5 -4
right_child=3 -3 13 12 -6 6 9 -9 -10 -11 -12 -13 -14 -15
leaf_value=-0.0017783060715886442 0.032193483204173153 -0.054081417291199731 0.0207579075417864 0.048800064714748397 -0.0048577825127958376 -1.5680579101093111e-05 0.003284621265435007 -0.002589143680660726 -0.00055655968906856337 0.0018138506130503285 0.0093674712002342186 0.02139144497704706 0.038929355274113273 0.0093674712002342186
leaf_weight=5000.9484214819968 120.65400825970573 28.416525668697432 141.81949958298355 330.76105006654689 1032.8378758840263 43413.18815284688 817.98255363537464 1616.6698841303587 13661.152671702206 19.362843539740425 260.61987080040853 0.63727062073303287 0.12287752056727086 3.8393400754430322
leaf_count=92139 466221 394 352373 1760019 6335 558217 278879 11990 113144 7950 304457 1819 591 6279
internal_value=-7.55493e-05 -0.000371739 -0.000348603 0.0431546 -0.0003917 -0.000320505 7.45782e-05 -0.0011877 -0.000967468 0.00364338 0.00475539 0.0298137 0.048045 0.0191266
internal_weight=66449 65996.8 65968.4 452.175 65822.8 64789.9 44511.2 20278.8 18662.1 1097.97 1078.6 121.291 330.884 145.659
internal_count=3960807 1732157 1731763 2228650 1373111 1366776 1149503 217273 205283 591286 583336 468040 1760610 358652
is_linear=0
shrinkage=0.05


Tree=121
num_leaves=15
num_cat=0
split_feature=0 1 0 0 1 0 1 0 0 1 1 1 1 0
split_gain=320.831 28.7825 20.2696 12.087 7.53669 8.20125 5.68719 4.79685 4.67543 3.01546 2.08253 1.95243 1.75267 1.43492
threshold=0.99955180287361156 0.95661467313766491 0.99903741478919994 0.99982133507728588 0.56552746891975414 0.31192712485790258 0.076393958181142821 0.99657732248306286 0.059929303824901588 0.057163948193192489 0.27891728281974798 0.93004304170608532 0.022410340607166294 0.99793496727943432
decision_type=2 2 2 2 2 2 2 2 2 2 2 2 2 2
left_child=1 2 4 10 5 6 8 -7 -1 13 -2 -5 -4 -9
right_child=3 -3 12 11 -6 7 -8 9 -10 -11 -12 -13 -14 -15
leaf_value=-0.0015849322774978258 0.031610366609415817 -0.050010057272493746 0.02014421194153385 0.048739167277962549 -0.0046117632461700258 0.00010253686979574686 -0.0024599305420133812 0.0046757698049747663 -0.00039849442623310317 0.0024590605376549239 0.021243479834643954 0.038550163552046574 0.0090562920751867029 0.0090562920751867029
leaf_weight=7516.8686576187611 116.83352538247709 29.173004385957029 138.90830299822846 315.01302317470254 1033.5206828122027 36974.073408165481 2810.1154382154346 304.16892349417321 16920.4282611534 9.5382066367892531 0.62379263230832194 0.11818776828294986 3.8035880312090731 234.16721593338298
leaf_count=123665 466221 394 352373 1760019 6335 668578 16192 154920 108923 5416 1819 591 6279 289082
internal_value=-7.54188e-05 -0.000356835 -0.000334869 0.0428438 -0.000375693 -0.000308098 -0.000968343 0.000171354 -0.000709934 0.00481558 0.029154 0.0479463 0.0184883 0.00689248
internal_weight=66407.4 65974.8 65945.6 432.589 65802.9 64769.4 27247.4 37521.9 24437.3 547.874 117.457 315.131 142.712 538.336
internal_count=3960807 1732157 1731763 2228650 1373111 1366776 248780 1117996 232588 449418 468040 1760610 358652 444002
is_linear=0
shrinkage=0.05


Tree=122
num_leaves=15
num_cat=0
split_feature=0 1 0 0 1 0 0 1 0 1 0 1 1 1
split_gain=302.295 25.3231 18.528 12.3688 6.86446 7.29029 4.60307 3.70398 3.37529 2.40603 2.74116 2.01276 1.97443 1.69509
threshold=0.99955180287361156 0.95661467313766491 0.99903741478919994 0.99982133507728588 0.62180936336517345 0.15799529105424884 0.99476382136344921 0.052566943690180785 0.037982156500220306 0.053403487429022796 0.99783697724342357 0.93004304170608532 0.27891728281974798 0.022410340607166294
decision_type=2 2 2 2 2 2 2 2 2 2 2 2 2 2
left_child=1 2 4 12 5 7 -7 8 -1 10 -8 -5 -2 -4
right_child=3 -3 13 11 -6 6 9 -9 -10 -11 -12 -13 -14 -15
leaf_value=-0.0019018736862904499 0.031019279381381687 -0.046363597893770855 0.019536372611297981 0.048675336498458441 -0.005360689090309209 -5.7646364365615157e-05 0.0032465242811563887 -0.002833444517393677 -0.000586455210424519 0.0016989008570793647 0.0087489851293229212 0.038164087875219278 0.021090150247560339 0.0087489851293229212
leaf_weight=3932.1783827506006 113.19991120490886 29.875140668125823 136.14027293334948 300.03282959561329 678.7289336490212 46835.829484592192 678.25366634177044 1096.3749153763056 12286.362500198185 17.122355040221009 255.97639024804812 0.11372003321593993 0.61068982482538459 3.7693396793911225
leaf_count=76463 466221 394 352373 1760019 4445 606832 247980 9201 116135 7598 304457 591 1819 6279
internal_value=-7.3198e-05 -0.000340551 -0.000319694 0.0425209 -0.000358352 -0.0003062 1.22927e-05 -0.0011852 -0.000970303 0.00345545 0.00479415 0.0478429 0.0284853 0.0178563
internal_weight=66364.6 65950.6 65920.7 413.957 65780.8 65102.1 47787.2 17314.9 16218.5 951.352 934.23 300.147 113.811 139.91
internal_count=3960807 1732157 1731763 2228650 1373111 1368666 1166867 201799 192598 560035 552437 1760610 468040 358652
is_linear=0
shrinkage=0.05


Tree=123
num_leaves=15
num_cat=0
split_feature=0 1 0 0 1 0 1 0 0 1 0 1 1 1
split_gain=284.846 22.324 18.3789 11.22 6.2508 6.92736 4.54006 3.94385 3.57172 2.38793 3.12188 2.01412 1.98396 1.58908
threshold=0.99957856535911571 0.95661467313766491 0.99903741478919994 0.99982133507728588 0.56552746891975414 0.25131179392337805 0.076393958181142821 0.99120783805847179 0.059929303824901588 0.024837888777256015 0.99783697724342357 0.93004304170608532 0.27891728281974798 0.022410340607166294
decision_type=2 2 2 2 2 2 2 2 2 2 2 2 2 2
left_child=1 2 4 12 5 6 8 -7 -1 10 -9 -5 -2 -4
right_child=3 -3 13 11 -6 7 -8 9 -10 -11 -12 -13 -14 -15
leaf_value=-0.0014828443707817175 0.031250184688081273 -0.043068971225241531 0.018993097286645395 0.048608456618085175 -0.0041988744586323309 1.3124912345266635e-05 -0.0022403680774250464 0.0026541973204686087 -0.0004268147811108563 0.0012953024780530857 0.0085437063942831529 0.03807037539488798 0.021167189023742809 0.0085437063942831529
leaf_weight=7498.168283496052 101.2712370964 30.531006049131975 141.81727745229728 285.78299859592516 1034.7936111968011 39539.238485972397 1914.2961543798447 1262.5690576951019 14218.774497561157 44.023901873908471 251.85821012762608 0.10946336694178072 0.55471264201332715 3.9404158967954563
leaf_count=123665 435676 402 382467 1760019 6335 462362 11975 353697 97804 14848 302425 591 1716 6825
internal_value=-7.27356e-05 -0.000323989 -0.000304188 0.0426584 -0.000343496 -0.000281862 -0.000963996 0.000110367 -0.000725321 0.00257748 0.00366885 0.0477345 0.0284062 0.0174309
internal_weight=66327.7 65940 65909.5 387.718 65763.7 64728.9 23631.2 41097.7 21716.9 1558.45 1514.43 285.892 101.826 145.758
internal_count=3960807 1762805 1762403 2198002 1373111 1366776 233444 1133332 221469 670970 656122 1760610 437392 389292
is_linear=0
shrinkage=0.05


Tree=124
num_leaves=15
num_cat=0
split_feature=0 1 0 0 1 0 0 1 0 1 0 1 1 1
split_gain=268.448 19.7192 18.2228 10.0222 5.67784 6.13016 3.56726 3.30675 2.95488 2.41353 2.88838 2.01383 2.00885 1.4909
threshold=0.99960422515869152 0.95661467313766491 0.99903741478919994 0.99982133507728588 0.62180936336517345 0.15799529105424884 0.99120783805847179 0.052566943690180785 0.037982156500220306 0.024837888777256015 0.99793496727943432 0.27891728281974798 0.93004304170608532 0.022410340607166294
decision_type=2 2 2 2 2 2 2 2 2 2 2 2 2 2
left_child=1 2 4 11 5 7 -7 8 -1 10 -8 -2 -5 -4
right_child=3 -3 13 12 -6 6 9 -9 -10 -11 -12 -13 -14 -15
leaf_value=-0.0017291904710797651 0.031617382411195653 -0.040084941269837707 0.018483807811552434 0.048538381672579622 -0.0048742503566840999 -6.835500238404151e-05 0.0025795230497119019 -0.0025776693619322267 -0.00053852307526738668 0.0011495180825616771 0.0083500836429482948 0.021264605671746494 0.038005786239129785 0.0083500836429482948
leaf_weight=3920.3540249541402 89.704448436154053 31.142190830723848 147.45762929294142 272.22792909253621 679.85184529412072 46221.806892476976 1282.7156944328453 1093.0115436911583 12274.204919755459 44.736714508093428 226.25506295636296 0.48761273824493301 0.10537584174016856 4.1042020540917283
leaf_count=76463 404220 412 413507 1760019 4445 495670 369099 9201 116135 15075 287023 1581 591 7366
internal_value=-7.15103e-05 -0.000307463 -0.000288663 0.0428367 -0.000328587 -0.000281088 1.08579e-05 -0.0010879 -0.000880712 0.00236739 0.00350023 0.0283906 0.047621 0.0170288
internal_weight=66288.2 65925.6 65894.5 362.525 65742.9 65063.1 47775.5 17287.6 16194.6 1553.71 1508.97 90.1921 272.333 151.562
internal_count=3960807 1794396 1793984 2166411 1373111 1368666 1166867 201799 192598 671197 656122 405801 1760610 420873
is_linear=0
shrinkage=0.05


Tree=125
num_leaves=15
num_cat=0
split_feature=0 1 0 0 1 0 1 0 0 1 1 1 0 1
split_gain=252.886 17.4545 16.6409 10.256 5.18081 5.88439 4.76727 3.52383 2.92359 2.07067 1.90227 1.77676 2.47164 1.43914
threshold=0.99960422515869152 0.95661467313766491 0.99903741478919994 0.99982133507728588 0.56552746891975414 0.31192712485790258 0.076393958181142821 0.071181111037731185 0.99401089549064647 0.93004304170608532 0.27891728281974798 0.053403487429022796 0.99783697724342357 0.022410340607166294
decision_type=2 2 2 2 2 2 2 2 2 2 2 2 2 2
left_child=1 2 4 10 5 6 7 -1 -7 -5 -2 12 -10 -4
right_child=3 -3 13 9 -6 8 -8 -9 11 -11 -12 -13 -14 -15
leaf_value=-0.0013075526417574035 0.031026445782044762 -0.0373837791147726 0.01789560565929697 0.048464954092653029 -0.0038233598185028715 7.0897685445769299e-05 -0.0020412955533835584 -0.00033626442203984623 0.0026156194998213696 0.037599626524792873 0.021108121922459724 0.0013928513958846862 0.008053641288953136 0.008053641288953136
leaf_weight=8956.9679838642478 86.913799727655714 31.707592710037716 144.75902511991444 259.33378690821701 1035.9302447377704 36426.852616378106 2801.4711494073272 15428.633132055402 807.59966842143331 0.10144744378339865 0.47735954658128221 19.226357832725625 249.66951164480997 4.0701140793098594
leaf_count=139636 404220 412 413507 1760019 6335 526710 16192 92952 278879 591 1581 7950 304457 7366
internal_value=-7.13547e-05 -0.000295442 -0.000277591 0.0425117 -0.000315406 -0.000259231 -0.000819317 -0.00057381 0.000146788 0.0475019 0.0276973 0.00271481 0.00383839 0.0164227
internal_weight=66253.7 65906.9 65875.2 346.826 65726.4 64690.4 27187.1 24385.6 37503.3 259.435 87.3912 1076.5 1057.27 148.829
internal_count=3960807 1794396 1793984 2166411 1373111 1366776 248780 232588 1117996 1760610 405801 591286 583336 420873
is_linear=0
shrinkage=0.05


Tree=126
num_leaves=15
num_cat=0
split_feature=0 1 0 0 0 1 0 1 0 1 1 0 0 1
split_gain=238.093 15.4767 15.1767 10.4848 4.75142 2.94112 4.58586 2.13301 2.10109 1.79004 1.75355 1.78573 1.41342 1.40484
threshold=0.99960422515869152 0.95661467313766491 0.99903741478919994 0.99982133507728588 0.033347826451063163 0.47478772699832922 0.91064909100532543 0.93004304170608532 0.99819654226303112 0.27891728281974798 0.02601540926843882 0.022666972130537037 0.31192712485790258 0.057163948193192489
decision_type=2 2 2 2 2 2 2 2 2 2 2 2 2 2
left_child=1 2 4 9 10 6 12 -5 -8 -2 11 -1 -6 -10
right_child=3 -3 -4 7 5 -7 8 -9 13 -11 -12 -13 -14 -15
leaf_value=-0.0043506025144091831 0.030428127560107068 -0.034918565301782591 0.015825431051116744 0.048388038118125677 -0.00059602143369560359 -0.0012245034124688341 0.00078902313564977475 0.037186304721861303 0.0077625152902623257 0.020946254987771109 -0.012986469939948562 -0.0014363984448978284 -7.06287534889186e-05 0.0036151186961743266
leaf_weight=682.51316034793854 84.259684124175692 32.234700057422742 146.2308329057123 247.06832623455557 24163.975622400641 2055.1885071791476 9089.7434282323811 0.097705121443140253 164.2620699905674 0.46739489832543668 37.498798444867134 2287.5653703585267 27222.098056405783 3.1851924634538582
leaf_count=15568 404220 412 420873 1760019 187116 11326 704787 591 242709 1581 706 45390 163008 2501
internal_value=-6.87483e-05 -0.000281546 -0.000264592 0.0421741 -0.0003004 -0.000207277 -0.000133145 0.0473772 0.000891262 0.0269954 -0.00224173 -0.00210607 -0.000317691 0.00644121
internal_weight=66216.4 65884.5 65852.3 331.893 65706 62698.5 60643.3 247.166 9257.19 84.7271 3007.58 2970.08 51386.1 167.447
internal_count=3960807 1794396 1793984 2166411 1373111 1311447 1300121 1760610 949997 405801 61664 60958 350124 245210
is_linear=0
shrinkage=0.05


Tree=127
num_leaves=15
num_cat=0
split_feature=0 1 0 1 0 1 0 1 0 1 0 0 1 0
split_gain=224.378 13.7301 16.0809 8.90702 6.2267 4.58848 4.78676 2.72909 2.64377 2.29457 2.36305 2.17397 1.66957 1.17619
threshold=0.99965056777000438 0.95661467313766491 0.99903741478919994 0.95661467313766491 0.99982133507728588 0.62180936336517345 0.10314369946718217 0.031361050903797157 0.99046719074249279 0.024837888777256015 0.99819654226303112 0.037982156500220306 0.022410340607166294 0.99934533238410961
decision_type=2 2 2 2 2 2 2 2 2 2 2 2 2 2
left_child=1 2 5 4 -2 6 7 11 -8 10 -10 -1 13 -4
right_child=3 -3 12 -5 -6 -7 8 -9 9 -11 -12 -13 -14 -15
leaf_value=-0.0015847413767985823 0.032836191369989554 -0.032638913716280131 0.01253605963876865 0.021255050962516526 0.04830768495431581 -0.0043703697375998387 -9.9975674556143803e-05 -0.002307531647033258 0.0024035523225817913 0.00090937799970621609 0.0077125822309278549 -0.00058035025201257258 0.0077125822309278549 0.021255050962516526
leaf_weight=3874.6197401732206 68.676520436274586 32.735280657943804 67.869729819562053 0.093813746672821163 235.43167080015701 680.99607073061634 50852.59785536956 863.81384570151567 1464.7829766694922 48.886756619089283 161.63684644358 7737.1353860795498 4.3086476828320874 85.235642442916287
leaf_count=75975 342789 439 170860 504 1760213 4445 511706 9916 429942 15522 240995 84610 8560 304331
internal_value=-6.74661e-05 -0.00026531 -0.000249214 0.0427754 0.0444173 -0.000287467 -0.000244694 -0.00112511 -3.55917e-05 0.00191873 0.00304864 -0.000861951 0.0157126 0.0173595
internal_weight=66178.8 65874.6 65841.9 304.202 304.108 65684.5 65003.5 12475.6 52527.9 1675.31 1626.42 11611.8 157.414 153.105
internal_count=3960807 1857301 1856862 2103506 2103002 1373111 1368666 170501 1198165 686459 670937 160585 483751 475191
is_linear=0
shrinkage=0.05


Tree=128
num_leaves=15
num_cat=0
split_feature=0 1 0 1 0 1 0 1 0 0 1 1 0 0
split_gain=211.197 12.2061 14.6376 8.85402 6.35295 4.17222 4.56405 4.44027 3.05958 1.99275 2.30487 1.61005 1.11945 0.918855
threshold=0.99965056777000438 0.95661467313766491 0.99903741478919994 0.95661467313766491 0.99982133507728588 0.56552746891975414 0.3811547607183457 0.11817167326807977 0.085614524781703963 0.99657732248306286 0.057163948193192489 0.022410340607166294 0.99934533238410961 0.99834179878234874
decision_type=2 2 2 2 2 2 2 2 2 2 2 2 2 2
left_child=1 2 5 4 -2 6 7 8 -1 -8 13 12 -4 -11
right_child=3 -3 11 -5 -6 -7 9 -9 -10 10 -12 -13 -14 -15
leaf_value=-0.0011364624372345949 0.032627855173983679 -0.030566621432476938 0.012104823843905259 0.021094705464291732 0.048223297915380846 -0.0034216410295865108 0.00012854489137837868 -0.0018232991894409384 -0.00024352350562454242 0.0040136672030605209 0.0016747555515659138 0.0074225738283076673 0.020653036898975068 0.0074225738283076673
leaf_weight=10559.658998403698 66.45892814360559 33.194604277203325 67.024886147148209 0.091841546964132159 224.33168678625952 1037.1014344964642 33214.120841777418 3009.8983983397484 17320.563699491322 389.52523773291614 9.4386328102555108 4.2755805555789257 83.444077228865353 130.285371597216
leaf_count=155393 342789 439 170860 504 1760213 6335 653078 15281 93606 230857 5416 8560 304331 213145
internal_value=-6.67729e-05 -0.000254533 -0.000239247 0.0424439 0.044161 -0.000275441 -0.000224957 -0.000664095 -0.000449626 0.000177048 0.00322097 0.0151206 0.0167871 0.00535162
internal_weight=66149.4 65858.5 65825.3 290.882 290.791 65670.6 64633.5 30890.1 27880.2 33743.4 529.249 154.745 150.469 519.811
internal_count=3960807 1857301 1856862 2103506 2103002 1373111 1366776 264280 248999 1102496 449418 483751 475191 444002
is_linear=0
shrinkage=0.05


Tree=129
num_leaves=15
num_cat=0
split_feature=0 1 0 1 0 0 1 0 0 1 1 0 0 0
split_gain=198.645 10.8657 13.3027 8.79846 6.47366 3.9301 3.03069 3.9866 1.70216 1.85021 1.55143 1.06384 0.868357 0.865245
threshold=0.99965056777000438 0.95661467313766491 0.99903741478919994 0.95661467313766491 0.99982133507728588 0.025575459934771064 0.50387516617774974 0.67446401715278637 0.99657732248306286 0.057163948193192489 0.022410340607166294 0.99934533238410961 0.99834179878234874 0.12712427228689197
decision_type=2 2 2 2 2 2 2 2 2 2 2 2 2 2
left_child=1 2 5 4 -2 -1 7 13 -9 12 11 -4 -10 -7
right_child=3 -3 10 -5 -6 6 -8 8 9 -11 -12 -13 -14 -15
leaf_value=-0.0029036034057214905 0.032411157526348114 -0.028657759510010341 0.011680493805440948 0.020928395859694415 0.048134931205941978 -0.00074975919490963619 -0.0015542184431139889 0.00036785435218262207 0.0038286623984042736 0.0018088489694444189 0.0071380059196284084 0.020040396496771057 0.0071380059196284084 -0.00026373761417808523
leaf_weight=1377.9207230806351 64.326313085366564 33.623924292303855 66.219080410868628 0.089925204214522547 213.77292462613696 13258.404851287603 1675.9213055380387 19208.8296573814 387.97086604661308 9.0820695155998674 4.2439962818752965 81.739315775572322 129.32311351282988 29604.597501009703
leaf_count=30360 342789 439 170860 504 1760213 155841 9506 590884 230857 5220 8560 304331 213145 137298
internal_value=-6.36156e-05 -0.000241766 -0.000227247 0.0420986 0.0438939 -0.000261476 -0.000204833 -0.000143323 0.000444723 0.00324984 0.0145375 0.016223 0.00513371 -0.000414074
internal_weight=66116.1 65837.9 65804.3 278.189 278.099 65652.1 64274.1 62598.2 19735.2 526.376 152.202 147.958 517.294 42863
internal_count=3960807 1857301 1856862 2103506 2103002 1373111 1342751 1333245 1040106 449222 483751 475191 444002 293139
is_linear=0
shrinkage=0.05


Tree=130
num_leaves=15
num_cat=0
split_feature=0 1 0 0 1 0 0 1 1 1 0 1 0 1
split_gain=186.736 9.68103 12.0778 8.97522 3.67664 3.67047 2.44998 2.28659 1.77579 1.4942 1.45572 1.63978 1.51109 1.2611
threshold=0.99965056777000438 0.95661467313766491 0.99903741478919994 0.99982133507728588 0.6576794981956483 0.029133377596735958 0.52759104967117321 0.95661467313766491 0.12051381543278696 0.022410340607166294 0.99476382136344921 0.053403487429022796 0.99772921204566967 0.75825929641723644
decision_type=2 2 2 2 2 2 2 2 2 2 2 2 2 2
left_child=1 2 4 13 5 -1 8 -5 -7 -4 -8 12 -12 -2
right_child=3 -3 9 7 -6 6 10 -9 -10 -11 11 -13 -14 -15
leaf_value=-0.002255063253355154 0.02911242129634738 -0.026895096238790141 0.015668078378971589 0.048042395062738392 -0.0044261782472510983 -0.0002710519427353238 0.00014463224648166774 0.035973673819043157 -0.0012013094053660136 0.0068569627635062845 0.0023314160704536705 0.0011535491945397314 0.0066719225059068453 0.020753554610907599
leaf_weight=2136.0443596169353 62.210848666683887 34.025503748329356 145.56909974964219 203.72903836016485 522.88675926136784 30847.726506110281 25921.991445654538 0.059522076277061298 5277.6465147137642 4.2138427089084862 641.09355639433488 17.225120831921231 267.41848081082571 0.093285925191593289
leaf_count=45881 342536 439 475191 1760213 3557 224587 514290 397 24648 8560 232004 7711 320433 360
internal_value=-6.26568e-05 -0.000231659 -0.000217868 0.0417388 -0.000250234 -0.000216697 -0.000147556 0.0468162 -0.000416413 0.0139642 0.000214209 0.00216247 0.00350928 0.0251311
internal_weight=66081.9 65815.8 65781.8 266.093 65632 65109.1 62973.1 203.789 36125.4 149.783 26847.7 925.737 908.512 62.3041
internal_count=3960807 1857301 1856862 2103506 1373111 1369554 1323673 1760610 249235 483751 1074438 560148 552437 342896
is_linear=0
shrinkage=0.05


Tree=131
num_leaves=15
num_cat=0
split_feature=0 0 1 0 0 1 0 1 1 0 1 1 0 0
split_gain=175.596 9.14737 8.63398 10.9567 3.42872 3.13366 3.47183 2.35024 1.4385 1.33281 1.24729 1.16275 1.02232 0.974231
threshold=0.99965056777000438 0.99982133507728588 0.95661467313766491 0.99903741478919994 0.022666972130537037 0.51732057332992565 0.67446401715278637 0.95661467313766491 0.022410340607166294 0.99819654226303112 0.057163948193192489 0.75825929641723644 0.99934533238410961 0.10314369946718217
decision_type=2 2 2 2 2 2 2 2 2 2 2 2 2 2
left_child=2 11 3 4 -1 6 13 -3 12 -8 -11 -2 -5 -6
right_child=1 7 -4 8 5 -7 9 -9 -10 10 -12 -13 -14 -15
leaf_value=-0.0037842882452010676 0.028495090235252707 0.047945519394247911 -0.025263806196233196 0.010854148600016262 -0.00078494564490166636 -0.0019932321000904556 0.000365448258279166 0.035527788016743056 0.0065825255964717449 0.0065825255964717449 0.0026437074046894533 0.02057443555948274 0.018950872202732855 -0.00025259144287283555
leaf_weight=674.97040510177612 60.426481859212799 194.17489917210332 34.401402061135741 64.43396971191396 11762.745755016804 1515.3127750545973 19598.604595878278 0.057419508520978435 4.1850779554515602 158.56683198740939 3.2458711350336662 0.091370835711130804 78.873545670154272 31903.332686491311
leaf_count=15568 342536 1760213 439 170860 154933 8714 795118 397 8560 242709 2572 360 304331 153497
internal_value=-6.11164e-05 0.0413704 -0.000221525 -0.000208426 -0.000239024 -0.000202176 -0.000147145 0.046659 0.0134041 0.00040276 0.00492197 0.0243966 0.0151258 -0.000395997
internal_weight=66053.4 254.75 65798.7 65764.3 65616.8 64941.8 63426.5 194.232 147.493 19760.4 161.813 60.5179 143.308 43666.1
internal_count=3960807 2103506 1857301 1856862 1373111 1357543 1348829 1760610 483751 1040399 245281 342896 475191 308430
is_linear=0
shrinkage=0.05


Tree=132
num_leaves=15
num_cat=0
split_feature=0 0 1 0 1 0 1 1 0 0 1 0 1 1
split_gain=165.029 9.31265 7.70701 9.91605 3.18539 3.14359 2.69651 2.41398 1.76957 1.56271 1.64114 1.99212 1.38339 1.06477
threshold=0.99965056777000438 0.99982133507728588 0.95661467313766491 0.99903741478919994 0.62180936336517345 0.15799529105424884 0.052566943690180785 0.95661467313766491 0.037982156500220306 0.982647866010666 0.024062802083790306 0.99749800562858593 0.022410340607166294 0.75825929641723644
decision_type=2 2 2 2 2 2 2 2 2 2 2 2 2 2
left_child=2 13 3 4 5 6 8 -3 -1 -7 11 -11 -5 -2
right_child=1 7 -4 12 -6 9 -8 -9 -10 10 -12 -13 -14 -15
leaf_value=-0.001238279110240163 0.027873210169676445 0.047844109567875964 -0.023751057579111418 0.014587874995982034 -0.0036254787194684849 -5.5788861155167854e-05 -0.0019088352721341817 0.035075509149482126 -0.00037754076306523323 0.0014298992166928265 0.00054525017390719805 0.0056758061447765877 0.0063104781799455459 0.020388383148771574
leaf_weight=3879.1943743154407 58.729505794210127 185.08665864550858 34.753500430233544 141.13255993588245 682.69345486862585 44841.635773409158 1087.0247499570251 0.055415896888006411 12231.658629707992 2475.1924718394876 90.973792569478974 310.96457618335262 4.1576489699655204 0.08951106837775924
leaf_count=76463 342536 1760213 439 475191 4445 385522 9201 397 116135 413750 18680 348915 8560 360
internal_value=-5.92309e-05 0.0409882 -0.000211467 -0.000199023 -0.000227922 -0.000192192 -0.00077177 0.0464944 -0.000567723 1.66886e-05 0.00114629 0.00190379 0.0128489 0.0236566
internal_weight=66023.3 243.961 65779.4 65744.6 65599.3 64916.6 17197.9 185.142 16110.9 47718.8 2877.13 2786.16 145.29 58.819
internal_count=3960807 2103506 1857301 1856862 1373111 1368666 201799 1760610 192598 1166867 781345 762665 483751 342896
is_linear=0
shrinkage=0.05


Tree=133
num_leaves=15
num_cat=0
split_feature=0 1 1 0 0 0 1 0 1 0 0 1 0 0
split_gain=155.239 8.00955 7.79301 12.2001 4.12041 3.01184 2.70959 2.9259 1.36522 1.12677 1.07563 1.12055 1.51857 0.804794
threshold=0.99971792101860057 0.95661467313766491 0.95661467313766491 0.99903741478919994 0.99982133507728588 0.022666972130537037 0.51732057332992565 0.67446401715278637 0.051865525543689735 0.99934533238410961 0.99193000793457042 0.024837888777256015 0.99834179878234874 0.99993547797203075
decision_type=2 2 2 2 2 2 2 2 2 2 2 2 2 2
left_child=2 4 3 5 -2 -1 7 -7 9 -5 -9 12 -12 -6
right_child=1 -3 -4 8 13 6 -8 10 -10 -11 11 -13 -14 -15
leaf_value=-0.0035499103044769583 0.032748720806368051 0.021069993676528665 -0.023754546813144817 0.010831298936245097 0.042708010445834214 -0.00036240371359572425 -0.0018674636834430257 0.00026909260379126776 0.0066556651089071011 0.01848926635298323 0.0020502882548755104 0.00098776520520698361 0.0066556651089071011 0.050005012564713097
leaf_weight=671.89456534385681 38.683323053905042 0.072590911411679282 35.09126669500256 63.367385529709281 54.817030731792329 43649.004133131355 1515.9851799741155 18348.109931562562 3.1779445254214798 95.169345185771817 1237.1433474530932 38.931619098642841 124.9251514961943 121.62455222202698
leaf_count=15568 233659 474 469 171964 546857 308430 8714 386451 6807 414110 428174 14124 211650 1213356
internal_value=-5.95434e-05 0.0423382 -0.000198241 -0.000185668 0.0444274 -0.000219489 -0.000185017 -0.000133924 0.0135308 0.0150069 0.000371058 0.00170644 0.00259648 0.047738
internal_weight=65998 215.197 65782.8 65747.7 215.125 65586 64914.1 63398.1 161.715 158.537 19749.1 1401 1362.07 176.442
internal_count=3960807 1994346 1966461 1965992 1993872 1373111 1357543 1348829 592881 586074 1040399 653948 639824 1760213
is_linear=0
shrinkage=0.05


Tree=134
num_leaves=15
num_cat=0
split_feature=0 1 1 0 0 1 0 0 1 1 0 0 0 0
split_gain=145.917 7.96209 6.96233 11.0403 4.18905 2.7564 2.71046 1.67853 1.64527 1.31277 1.07071 0.995692 0.967434 0.856453
threshold=0.99971792101860057 0.95661467313766491 0.95661467313766491 0.99903741478919994 0.99982133507728588 0.6576794981956483 0.029133377596735958 0.52759104967117321 0.12051381543278696 0.051865525543689735 0.99934533238410961 0.12712427228689197 0.3811547607183457 0.98954081535339367
decision_type=2 2 2 2 2 2 2 2 2 2 2 2 2 2
left_child=2 4 3 5 -2 6 -1 8 11 10 -5 -8 -10 -9
right_child=1 -3 -4 9 -6 -7 7 13 12 -11 -12 -13 -14 -15
leaf_value=-0.0019377734540482637 0.032533996831094925 0.020897595802029077 -0.022351574276917613 0.01042161708410683 0.047626928055827883 -0.0038217013133655868 -0.0005679141217324287 0.00010230561750024356 -0.001029622887917928 0.0063802473570991882 0.017901076579567288 -8.2990300547836337e-05 -0.00061615786636115273 0.0012311663827570564
leaf_weight=2123.341724768281 37.43741283811687 0.071077905944547548 35.420443615934346 62.685234185366426 168.21903560477949 524.01106585259549 12463.963525030762 25023.881251129322 2961.898780927062 3.1568857709062277 93.426722088202951 18361.164193823934 2312.3332285434008 1801.1420872051967
leaf_count=45881 233659 474 469 171964 1760213 3557 140270 371259 15024 6807 414110 84317 9624 703179
internal_value=-5.83456e-05 0.0419851 -0.000189864 -0.000177922 0.0441704 -0.000209858 -0.000180762 -0.000121472 -0.000344083 0.0129704 0.014463 -0.000202693 -0.00102962 0.000178102
internal_weight=65972.2 205.728 65766.4 65731 205.656 65571.7 65047.7 62924.4 36099.4 159.269 156.112 30825.1 5274.23 26825
internal_count=3960807 1994346 1966461 1965992 1993872 1373111 1369554 1323673 249235 592881 586074 224587 24648 1074438
is_linear=0
shrinkage=0.05


Tree=135
num_leaves=15
num_cat=0
split_feature=0 1 0 1 0 0 1 0 0 1 0 1 0 1
split_gain=137.158 42.1236 16.5176 4.69897 2.60383 2.0275 1.77505 2.50559 1.36032 1.46956 1.22132 0.973596 0.717389 0.93971
threshold=0.999809890985489 0.97829538583755504 0.99922350049018871 0.95661467313766491 0.022666972130537037 0.99965056777000438 0.50387516617774974 0.67446401715278637 0.99819654226303112 0.057163948193192489 0.99993547797203075 0.022410340607166294 0.085614524781703963 0.031361050903797157
decision_type=2 2 2 2 2 2 2 2 2 2 2 2 2 2
left_child=1 2 4 10 -1 11 7 12 -9 -10 -2 -4 13 -6
right_child=3 -3 5 -5 6 -7 -8 8 9 -11 -12 -13 -14 -15
leaf_value=-0.0032926068914157277 0.040868244522391982 -0.08060239035427498 0.014487476414910659 0.022646007395968851 -0.00045824730602540945 0.022646007395968851 -0.0017243978073417363 0.00031264939655444723 0.0073091585103305327 0.0024197644963931115 0.050004546084558149 0.0080128815595093255 -0.00021556854690969502 -0.00091887853211554188
leaf_weight=668.54823541641235 54.725151252023352 16.273917051352328 101.33308185971691 0.052728063747052967 9216.0148560926318 49.448087869706796 1697.3310324330232 19540.819769879687 189.59557872352889 3.7883345063310108 110.31342069342645 3.0727570885210289 33673.845602601767 621.37883704900742
leaf_count=15568 578682 292 381934 404 132002 311011 9857 794843 336616 3409 1213356 6904 168106 7823
internal_value=-5.5445e-05 -0.000169679 -0.000149776 0.0454617 -0.000188147 0.0162139 -0.000156189 -0.000113359 0.000353946 0.00452688 0.046975 0.0121811 -0.000325302 -0.000700926
internal_weight=65946.5 65781.5 65765.2 165.091 65611.3 153.854 64942.8 63245.4 19734.2 193.384 165.039 104.406 43511.2 9837.39
internal_count=3960807 2168365 2168073 1792442 1468224 699849 1452656 1442799 1134868 340025 1792038 388838 307931 139825
is_linear=0
shrinkage=0.05


Tree=136
num_leaves=15
num_cat=0
split_feature=0 1 0 1 0 0 1 0 0 1 0 0 1 1
split_gain=129.595 36.354 15.1011 4.68401 2.35489 2.0101 1.60122 2.27371 1.2684 1.17334 2.6693 0.980356 1.32458 0.927359
threshold=0.999809890985489 0.97829538583755504 0.99922350049018871 0.95661467313766491 0.022666972130537037 0.99965056777000438 0.51732057332992565 0.91064909100532543 0.99993547797203075 0.12809057533741 0.99692860245704662 0.19850864261388781 0.054799228906631477 0.022410340607166294
decision_type=2 2 2 2 2 2 2 2 2 2 2 2 2 2
left_child=1 2 4 8 -1 13 7 11 -2 10 -9 12 -6 -4
right_child=3 -3 5 -5 6 -7 -8 9 -10 -11 -12 -13 -14 -15
leaf_value=-0.0031376117702351992 0.040486992815365962 -0.073323932363409977 0.013969128941694293 0.022539898484682963 -0.00030756534906813517 0.022539898484682963 -0.001644033859849765 0.00070584612577321345 0.050004324782949562 0.00018804759648671291 0.0046597565169635728 -7.643335804153169e-05 -0.00087787765776405589 0.0077273281837510191
leaf_weight=666.54762887954712 52.534121262375265 16.975587959983386 99.876403310947353 0.051547705530537224 17827.869263537228 48.341212522034766 1536.3593391517061 8524.8552699354477 104.93381814967142 297.47322236804757 449.35868835146539 34697.698644436896 1597.8768895044923 3.0482581988908342
leaf_count=15568 578682 292 381934 404 189715 311011 9057 526044 1213356 9427 509787 196636 11990 6904
internal_value=-5.48153e-05 -0.00016331 -0.000144421 0.0452431 -0.000180809 0.0156355 -0.000150456 -0.000111721 0.0468292 0.000611752 0.000903827 -0.000235657 -0.000520058 0.0116364
internal_weight=65923.8 65766.3 65749.3 157.519 65598 151.266 64931.5 63395.1 157.468 9271.69 8974.21 54123.4 19425.7 102.925
internal_count=3960807 2168365 2168073 1792442 1468224 699849 1452656 1443599 1792038 1045258 1035831 398341 201705 388838
is_linear=0
shrinkage=0.05


Tree=137
num_leaves=15
num_cat=0
split_feature=0 1 0 1 0 0 1 0 0 0 1 1 0 1
split_gain=122.423 31.551 13.7861 4.66865 2.13269 1.97735 1.39928 2.18071 1.31659 1.01778 1.1972 0.883254 0.768877 0.611213
threshold=0.999809890985489 0.97829538583755504 0.99922350049018871 0.95661467313766491 0.025575459934771064 0.99965056777000438 0.47478772699832922 0.91064909100532543 0.99993547797203075 0.99819654226303112 0.057163948193192489 0.022410340607166294 0.19850864261388781 0.28945577144622808
decision_type=2 2 2 2 2 2 2 2 2 2 2 2 2 2
left_child=1 2 4 8 -1 11 7 12 -2 13 -11 -4 -6 -9
right_child=3 -3 5 -5 6 -7 -8 9 -10 10 -12 -13 -14 -15
leaf_value=-0.0021371135921834121 0.040093637853070768 -0.067072192986871518 0.013462173189796501 0.022427523556224203 -0.00047219424270082233 0.022427523556224203 -0.001135966138446151 0.00073869759111797224 0.050004113077879081 0.0067950185500985742 0.0023855717615531183 0.0074423903185002489 -7.3606819713306469e-05 0.00020161404007856162
leaf_weight=1357.9933114647865 50.45002298073814 17.612554111867212 98.491663919296116 0.050399115774779513 18727.518681153655 47.264125088302535 2078.0397955827648 8923.2329153874889 99.816551648087625 187.34267223768984 3.6956208730116478 3.0248171904531764 34183.308873333037 123.1626667061355
leaf_count=30360 578682 292 381934 404 186913 311011 11690 702404 1213356 336616 3343 6904 194515 2383
internal_value=-5.66778e-05 -0.000159719 -0.00014179 0.0450148 -0.000176278 0.0150611 -0.000134819 -9.09313e-05 0.0466768 0.000617913 0.0042295 0.0111039 -0.000214685 0.000541645
internal_weight=65901 65750.7 65733.1 150.317 65584.3 148.781 64226.3 62148.3 150.267 9237.43 191.038 101.516 52910.8 9046.4
internal_count=3960807 2168365 2168073 1792442 1468224 699849 1437864 1426174 1792038 1044746 339959 388838 381428 704787
is_linear=0
shrinkage=0.05


Tree=138
num_leaves=15
num_cat=0
split_feature=0 1 0 1 0 0 0 1 1 0 0 0 1 0
split_gain=115.595 27.5138 12.6677 4.65241 1.9881 1.46287 1.36587 1.36526 1.35442 1.8011 0.713378 0.683933 0.976615 0.868964
threshold=0.999809890985489 0.97829538583755504 0.99940577149391185 0.95661467313766491 0.022666972130537037 0.99903741478919994 0.99993547797203075 0.051865525543689735 0.50387516617774974 0.67446401715278637 0.99961689114570629 0.98954081535339367 0.024837888777256015 0.99692860245704662
decision_type=2 2 2 2 2 2 2 2 2 2 2 2 2 2
left_child=1 2 4 6 -1 8 -2 10 9 -6 -4 -11 13 -13
right_child=3 -3 7 -5 5 -7 -8 -9 -10 11 -12 12 -14 -15
leaf_value=-0.0028883502224732534 0.039688103998197992 -0.061635562268962912 0.01462515184593847 0.02231113888434497 -0.00028729132463848928 0.0068802272631743669 0.050003914792008941 0.0084696342549755149 -0.0015127457960754974 0.0001959611372562533 0.02231113888434497 0.0013555892588661925 0.00070855627962192961 0.0033675306563085254
leaf_weight=663.35382664203644 48.467647860452416 18.192001578601776 50.866315641877009 0.0492816418845895 43493.435922145844 74.182143011275912 94.948810792237055 1.9250319110578846 1697.7638243824476 17890.336304889061 53.573287187260576 1333.7122347368859 50.801292425603606 405.05724895425374
leaf_count=15568 578682 292 214565 404 307931 220187 1213356 6574 9649 337631 353493 276962 15417 410096
internal_value=-5.61778e-05 -0.000154027 -0.000137007 0.0447763 -0.000164958 -0.000137141 0.0465177 0.0171042 -0.000145166 -0.000107706 0.0188913 0.000289186 0.00122115 0.00200262
internal_weight=65876.7 65733.2 65715 143.466 65608.6 64945.3 143.416 106.365 64871.1 63173.3 104.44 19679.9 1789.57 1738.77
internal_count=3960807 2168365 2168073 1792442 1593441 1577873 1792038 574632 1357686 1348037 568058 1040106 702475 687058
is_linear=0
shrinkage=0.05


Tree=139
num_leaves=15
num_cat=0
split_feature=0 1 0 1 0 0 1 0 1 0 1 0 0 0
split_gain=109.103 24.0896 11.6004 4.63535 2.05364 1.8234 1.7222 1.41619 1.22756 2.6138 1.05785 0.839044 0.834366 0.778721
threshold=0.999809890985489 0.97829538583755504 0.99950805306434642 0.95661467313766491 0.99903741478919994 0.033347826451063163 0.02601540926843882 0.99993547797203075 0.25035522878170019 0.97153648734092724 0.022410340607166294 0.99736866354942333 0.31192712485790258 0.022666972130537037
decision_type=2 2 2 2 2 2 2 2 2 2 2 2 2 2
left_child=1 2 4 7 5 6 13 -2 9 12 -6 -11 -7 -1
right_child=3 -3 -4 -5 10 8 -8 -9 -10 11 -12 -13 -14 -15
leaf_value=-0.0027513508570591151 0.039270346963923924 -0.056858341118597645 0.018864740094659781 0.022190052875357514 0.0093552097192592665 -0.00034846113123155936 -0.012131078750929274 0.050003724477834549 -0.00074280630308830862 0.00095954593621581051 0.0034597241351335159 0.0034597241351335159 5.3029090799343457e-05 -0.00080109614506988628
leaf_weight=661.610835313797 46.582039500754036 18.720128808665322 80.272456305276137 0.048194547431193224 94.782680772070307 23828.649034500122 36.771981690078974 90.318438447888184 6235.3151833461598 3844.2828652670141 3.0472691074828608 335.58246035233606 28319.590274333954 2261.166395150125
leaf_count=15568 578682 292 482472 404 306813 185897 706 1213356 32252 468865 5534 370342 254234 45390
internal_value=-5.43416e-05 -0.000147242 -0.000131083 0.0445273 -0.000154321 -0.000165129 -0.00137785 0.0463516 -0.000107761 -3.39996e-05 0.00708458 0.00116905 -0.000130428 -0.00124256
internal_weight=65856.7 65719.8 65701.1 136.949 65620.8 65523 2959.55 136.9 62563.4 56328.1 97.8299 4179.87 52148.2 2922.78
internal_count=3960807 2168365 2168073 1792442 1685601 1373254 61664 1792038 1311590 1279338 312347 839207 440131 60958
is_linear=0
shrinkage=0.05


Tree=140
num_leaves=15
num_cat=0
split_feature=0 1 0 1 0 0 1 0 1 0 1 0 0 0
split_gain=102.933 21.1631 10.6765 4.61753 1.8147 1.64795 1.57579 1.46752 1.11286 2.38459 1.01873 0.866587 0.706002 0.645673
threshold=0.999809890985489 0.97829538583755504 0.99950805306434642 0.95661467313766491 0.99903741478919994 0.033347826451063163 0.02601540926843882 0.99993547797203075 0.25035522878170019 0.95619344711303722 0.022410340607166294 0.99736866354942333 0.022666972130537037 0.31192712485790258
decision_type=2 2 2 2 2 2 2 2 2 2 2 2 2 2
left_child=1 2 4 7 5 6 12 -2 9 13 -6 -11 -1 -7
right_child=3 -3 -4 -5 10 8 -8 -9 -10 11 -12 -13 -14 -15
leaf_value=-0.0026205182337862704 0.038840352757106449 -0.052623272611477194 0.018271684411452615 0.022063674225859226 0.0090623853006660902 -0.00033110725185068861 -0.011652948268075719 0.050003540328919016 -0.00070659540190703713 0.00078107720838885807 0.003266058570529147 0.003266058570529147 -0.00076160229215881223 2.675913964049145e-05
leaf_weight=659.95425701142813 44.788484307966428 19.202321630378719 78.772840206554974 0.04713713475939485 93.900654750410467 23823.797639925033 36.377023763954639 85.913860181295604 6235.0305187790655 5396.2935906479834 3.0367573727853587 334.42599274788518 2259.5466952398419 26763.246557358652
leaf_count=15568 578682 292 482472 404 306813 185897 706 1213356 32252 513987 5534 370342 45390 209112
internal_value=-5.19728e-05 -0.000140168 -0.000124825 0.0442675 -0.000146914 -0.00015703 -0.00131068 0.0461782 -0.000102515 -3.22705e-05 0.00668915 0.000934379 -0.00118181 -0.000141777
internal_weight=65834.3 65703.6 65684.4 130.749 65605.6 65508.7 2955.88 130.702 62552.8 56317.8 96.9374 5730.72 2919.5 50587
internal_count=3960807 2168365 2168073 1792442 1685601 1373254 61664 1792038 1311590 1279338 312347 884329 60958 395009
is_linear=0
shrinkage=0.05


Tree=141
num_leaves=15
num_cat=0
split_feature=0 1 0 1 0 0 0 1 0 1 1 0 0 1
split_gain=97.073 18.6459 9.82016 4.59898 1.59758 1.51978 1.50007 1.01307 2.12424 0.979937 0.884949 0.691546 0.688461 0.62587
threshold=0.999809890985489 0.97829538583755504 0.99950805306434642 0.95661467313766491 0.99903741478919994 0.99993547797203075 0.037982156500220306 0.25035522878170019 0.97153648734092724 0.022410340607166294 0.029566135257482532 0.99736866354942333 0.022666972130537037 0.27891728281974798
decision_type=2 2 2 2 2 2 2 2 2 2 2 2 2 2
left_child=1 2 4 5 6 -2 10 8 -8 -6 12 -10 -1 -4
right_child=3 -3 13 -5 9 -7 7 -9 11 -11 -12 -13 -14 -15
leaf_value=-0.0024955980497402557 0.038398142603023523 -0.048840255187319243 0.018787793547952181 0.021931496240058718 0.008773323175129041 0.050003370693140863 -0.00010899169143160129 -0.00059837218110149904 0.00087406631352655775 0.0030767323671360733 -0.0081331532160446914 0.0030767323671360733 -0.00071751363121554947 0.008773323175129041
leaf_weight=658.37997406721115 43.0824918492508 19.643287973478436 76.872501448960975 0.046108741997158087 93.054059766815044 81.72406662839785 51241.819674698636 6234.7585319106001 3837.7830025913427 3.0268672281526952 44.301406007260084 333.33791958779329 3144.4517220966518 0.47457340933033165
leaf_count=15568 578682 292 480651 404 306813 1213356 425332 32252 468865 5534 770 370342 60125 1821
internal_value=-4.97234e-05 -0.000133442 -0.000118872 0.0439964 -0.000139869 0.0459973 -0.00014932 -8.95436e-05 -2.06673e-05 0.00630278 -0.0011072 0.00106439 -0.00102535 0.0176865
internal_weight=65812.8 65687.9 65668.3 124.853 65590.9 124.807 65494.8 61647.7 55412.9 96.0809 3847.13 4171.12 3802.83 77.3471
internal_count=3960807 2168365 2168073 1792442 1685601 1792038 1373254 1296791 1264539 312347 76463 839207 75693 482472
is_linear=0
shrinkage=0.05


Tree=142
num_leaves=15
num_cat=0
split_feature=0 1 0 1 0 1 0 0 0 0 1 1 1 0
split_gain=91.5576 16.4673 9.61683 4.65388 1.42212 5.79832 1.36926 1.34997 1.13345 1.06727 0.932 0.930233 0.846228 1.68621
threshold=0.99982133507728588 0.97829538583755504 0.99950805306434642 0.95661467313766491 0.10314369946718217 0.052566943690180785 0.085614524781703963 0.99903741478919994 0.99993547797203075 0.022666972130537037 0.022410340607166294 0.078914269804954543 0.25035522878170019 0.97501137852668773
decision_type=2 2 2 2 2 2 2 2 2 2 2 2 2 2
left_child=1 2 4 8 5 9 -7 12 -2 -1 -9 -8 13 -6
right_child=3 -3 -4 -5 7 6 11 10 -10 -11 -12 -13 -14 -15
leaf_value=-0.0023763613979149193 0.039461304609199888 -0.04543470187056247 0.017274813388921006 0.022130131780945826 -3.559050858447315e-05 -0.0091404123117705422 -0.0034380471551590137 0.0085706541382454173 0.050003202795544377 -0.00031887181443005701 0.0029468515274257948 -0.0062892297334647788 -0.00031887181443005701 0.0010662137412303279
leaf_weight=656.88386881351471 37.942882494724472 20.048031928105047 79.429883370787138 0.04389373627054638 43108.183844001964 220.54593405872583 102.80670971423388 92.241738219250692 77.738586894927721 11299.884778536856 3.0175798655836834 87.049059502780437 6234.5272022929275 3776.7295696659712
leaf_count=15568 546857 297 514299 397 346234 2611 913 306813 1213356 150620 5534 789 32252 824267
internal_value=-4.79901e-05 -0.00012628 -0.000112446 0.0443865 -0.000133505 -0.000616483 -0.00646019 -2.12603e-05 0.0465455 -0.000415905 0.00592563 -0.00343805 -3.19249e-05 5.31633e-05
internal_weight=65797.1 65681.3 65661.3 115.725 65581.9 12367.2 410.402 53214.7 115.681 11956.8 95.2593 189.856 53119.4 46884.9
internal_count=3960807 2200197 2199900 1760610 1685601 170501 4313 1515100 1760213 166188 312347 1702 1202753 1170501
is_linear=0
shrinkage=0.05


Tree=143
num_leaves=15
num_cat=0
split_feature=0 1 0 1 0 0 0 1 1 0 1 0 1 0
split_gain=86.3366 14.5754 8.83776 4.63711 1.29761 1.19826 1.17497 0.899254 0.885422 1.81132 0.810582 0.744961 0.589715 0.613181
threshold=0.99982133507728588 0.97829538583755504 0.99950805306434642 0.95661467313766491 0.037982156500220306 0.99903741478919994 0.99993547797203075 0.022410340607166294 0.25035522878170019 0.93857911229133617 0.029566135257482532 0.99736866354942333 0.27891728281974798 0.99971792101860057
decision_type=2 2 2 2 2 2 2 2 2 2 2 2 2 2
left_child=1 2 4 6 10 8 -2 -7 9 -6 -1 -11 13 -4
right_child=3 -3 12 -5 5 7 -8 -9 -10 11 -12 -13 -14 -15
leaf_value=-0.00094188279161222456 0.03903690537678841 -0.042359228119219321 0.014168838207367342 0.021998730356978035 -0.00012674711423318254 0.0082880594840529873 0.050003047616971844 0.0027363311917503724 -0.00054646554663112653 0.00061302575454766123 -0.0077695200222224359 0.0027363311917503724 0.0082880594840529873 0.021998730356978035
leaf_weight=3797.0211012661457 36.474959216029674 20.41847267873527 47.433086618046218 0.042933239681587021 48270.93645580858 91.455021062371088 73.947453422064427 3.0087112616747609 6234.4035902891774 6797.8798916661181 43.974073588848114 331.9627894598525 0.47548671350523264 30.161389625260199
leaf_count=75693 546857 297 279502 397 349046 306813 1213356 5534 32252 545151 770 370342 1915 232882
internal_value=-4.71897e-05 -0.000121484 -0.000108347 0.0441189 -0.000128365 -7.28813e-05 0.0463807 0.00555417 -8.15055e-05 -1.687e-05 -0.00102005 0.000727027 0.0167045 0.0177891
internal_weight=65779.6 65669.1 65648.7 110.465 65570.6 61729.6 110.422 94.4637 61635.2 55400.8 3841 7129.84 78.07 77.5945
internal_count=3960807 2200197 2199900 1760610 1685601 1609138 1760213 312347 1296791 1264539 76463 915493 514299 512384
is_linear=0
shrinkage=0.05


Tree=144
num_leaves=15
num_cat=0
split_feature=0 1 0 1 0 0 0 1 0 1 1 0 0 1
split_gain=81.3746 12.9257 8.0975 4.61956 1.21731 1.21049 1.04788 0.888739 1.0025 0.863768 0.570739 0.604642 0.339306 0.410669
threshold=0.99982133507728588 0.97829538583755504 0.99950805306434642 0.95661467313766491 0.99993547797203075 0.025575459934771064 0.99903741478919994 0.47478772699832922 0.67446401715278637 0.022410340607166294 0.27891728281974798 0.99971792101860057 0.12712427228689197 0.031361050903797157
decision_type=2 2 2 2 2 2 2 2 2 2 2 2 2 2
left_child=1 2 5 4 -2 -1 7 8 12 -8 11 -4 13 -7
right_child=3 -3 10 -5 -6 6 9 -9 -10 -11 -12 -13 -14 -15
leaf_value=-0.001607375720729561 0.038600279338605742 -0.039564322211044833 0.013657469830887146 0.021861790337419862 0.050002899471724663 -0.00025793190543512443 0.008002926347371226 -0.00084943613820959759 0.00023253196977349543 0.0025464845405481977 0.008002926347371226 0.021861790337419862 -0.00010521696632828813 -0.00045653231278379095
leaf_weight=1344.5269980728626 35.078700571986701 20.758703394705663 46.765984660312824 0.041999274471890113 70.341197403282422 12012.006601750851 90.700626337755239 2078.5134928434854 19563.982222477032 3.0004995625058646 0.47156430417089623 29.505290066612361 29294.426737636328 1173.9450151249766
leaf_count=30360 546857 297 279502 397 1213356 143375 306813 11469 1039472 5534 1915 232882 136112 12466
internal_value=-4.55706e-05 -0.00011606 -0.000103584 0.0438396 0.0462087 -0.000122584 -9.14966e-05 -9.92175e-05 -6.36285e-05 0.00519219 0.0161284 0.01723 -0.000200023 -0.000410647
internal_weight=65764.1 65658.6 65637.8 105.462 105.42 65561.1 64216.6 64122.9 62044.4 93.7011 76.7428 76.2713 42480.4 13186
internal_count=3960807 2200197 2199900 1760610 1760213 1685601 1655241 1342894 1331425 312347 514299 512384 291953 155841
is_linear=0
shrinkage=0.05


Tree=145
num_leaves=15
num_cat=0
split_feature=0 1 0 1 0 0 1 1 0 0 0 1 1 0
split_gain=76.6678 11.4808 7.40769 4.60142 1.2604 1.11394 6.19186 1.45426 1.05298 0.883036 0.873871 0.820817 0.704116 1.40605
threshold=0.99982133507728588 0.97829538583755504 0.99950805306434642 0.95661467313766491 0.99993547797203075 0.085614524781703963 0.031361050903797157 0.052566943690180785 0.059929303824901588 0.99903741478919994 0.022666972130537037 0.022410340607166294 0.25035522878170019 0.97153648734092724
decision_type=2 2 2 2 2 2 2 2 2 2 2 2 2 2
left_child=1 2 5 4 -2 6 10 8 -8 12 -1 -11 13 -7
right_child=3 -3 -4 -5 -6 9 7 -9 -10 11 -12 -13 -14 -15
leaf_value=-0.0021402243478959118 0.038151453586428297 -0.037013268062634622 0.015555580976618076 0.021717939398319661 0.050002757822317105 -4.5323678516676946e-05 -0.0061566182438035737 -0.0087249092346302678 -0.002879951617542292 0.0077185345780596288 -0.00031018980881569432 0.002401545055011391 -0.00031018980881569432 0.00091593961325554254
leaf_weight=653.93991041183472 33.750616819404968 21.071592705426156 75.467056237321231 0.041091245599090054 66.91080473346301 44610.179745135829 267.2963325381279 218.80778058618307 131.2789202183485 89.978082228146377 9184.2807297892869 2.9928776258311691 6234.1534734725719 4158.7893130044104
leaf_count=15568 546857 297 514299 397 1213356 346402 3773 2611 1439 306813 132002 5534 32252 839207
internal_value=-4.54643e-05 -0.000112336 -0.000100488 0.0435482 0.0460292 -0.000118512 -0.000591657 -0.00544971 -0.00365171 -2.8723e-05 -0.00031019 0.00484004 -3.69526e-05 3.66484e-05
internal_weight=65748.9 65648.2 65627.2 100.703 100.661 65551.7 10455.6 617.383 398.575 55096.1 9838.22 92.971 55003.1 48769
internal_count=3960807 2200197 2199900 1760610 1760213 1685601 155393 7823 5212 1530208 147570 312347 1217861 1185609
is_linear=0
shrinkage=0.05


Tree=146
num_leaves=15
num_cat=0
split_feature=0 1 0 1 0 1 0 1 0 1 0 0 1 0
split_gain=72.1918 10.2134 6.79436 4.58232 1.30419 1.07774 1.15189 2.37003 0.864359 1.97793 0.712843 0.549655 0.281845 0.825501
threshold=0.99982133507728588 0.97829538583755504 0.99950805306434642 0.95661467313766491 0.99993547797203075 0.56552746891975414 0.25131179392337805 0.076393958181142821 0.99859085679054271 0.022410340607166294 0.059929303824901588 0.99965056777000438 0.25035522878170019 0.95619344711303722
decision_type=2 2 2 2 2 2 2 2 2 2 2 2 2 2
left_child=1 2 5 4 -2 6 7 10 12 -10 -1 -4 13 -8
right_child=3 -3 11 -5 -6 -7 8 -9 9 -11 -12 -13 -14 -15
leaf_value=-0.00051854329918506355 0.037690502404095202 -0.034675815984775447 0.0099628226402599818 0.02156870391639865 0.05000262523818641 -0.0016937308861698084 9.5139753553388229e-06 -0.00089022474636466582 0.0074513973357683526 0.0018374636121735032 -0.00014686185200546141 0.01867570542196792 -0.00014686185200546141 0.00066918961991551621
leaf_weight=7367.4551183544245 32.487385395048477 21.359692576224916 31.213719173094432 0.04020863023470056 63.647689512676152 1060.4789983164519 30090.475770745426 1898.7110183089972 166.14168081579555 5.1821681975852689 14149.01081943512 43.088840270102082 5173.4681727873394 5629.6369182082708
leaf_count=123665 546857 297 171461 397 1213356 7052 223229 11975 458632 7762 97804 342838 25363 730119
internal_value=-4.34144e-05 -0.000106843 -9.55896e-05 0.0432443 0.0458419 -0.000112721 -8.67186e-05 -0.000366584 7.28606e-05 0.00361691 -0.000146862 0.0150155 5.80128e-05 0.000113482
internal_weight=65732.4 65636.2 65614.9 96.1753 96.1351 65540.6 64480.1 23415.2 41064.9 171.324 21516.5 74.3026 40893.6 35720.1
internal_count=3960807 2200197 2199900 1760610 1760213 1685601 1678549 233444 1445105 466394 221469 514299 978711 953348
is_linear=0
shrinkage=0.05


Tree=147
num_leaves=15
num_cat=0
split_feature=0 1 0 1 0 0 1 0 0 0 0 0 0 0
split_gain=67.9484 9.09662 6.23023 4.56263 1.34863 0.985689 0.794839 2.43484 1.22328 0.518865 0.30073 0.264801 0.232206 0.220761
threshold=0.99982133507728588 0.97829538583755504 0.99950805306434642 0.95661467313766491 0.99993547797203075 0.029133377596735958 0.25035522878170019 0.99859085679054271 0.89099088311195385 0.99965056777000438 0.31192712485790258 0.022666972130537037 0.97501137852668773 0.45610371232032781
decision_type=2 2 2 2 2 2 2 2 2 2 2 2 2 2
left_child=1 2 5 4 -2 11 7 8 10 -4 -7 -1 -10 -8
right_child=3 -3 9 -5 -6 6 13 -9 12 -11 -12 -13 -14 -15
leaf_value=-0.0020123243509619477 0.037217524897683589 -0.032526774286649761 0.0095619093451272223 0.021411939743748665 0.050002497330424306 -0.00026079647027455784 -0.00062517050779785279 0.0059747170844469451 0.00028454554338669207 0.018085117871120868 -7.4287226670160893e-06 -0.00079816758813548066 0.00078299796450559682 -0.00031263330410860347
leaf_weight=652.35571026803518 31.285846821603627 21.625282752240309 30.904400410247035 0.039350836224911201 60.543707250737498 24642.791323781013 1872.0134260058403 169.14416159290704 6387.1557273976505 42.2917922486522 22318.45909756422 1441.0484140329063 3684.2312367050326 4363.0113642144715
leaf_count=15568 546857 297 171461 397 1213356 201680 8289 465198 137197 342838 131977 30313 670057 25322
internal_value=-4.32878e-05 -0.000103443 -9.27548e-05 0.0429273 0.0456467 -0.00010904 -7.38126e-05 -1.53803e-05 -3.31454e-05 0.0144865 -0.000140383 -0.00117653 0.000466885 -0.000609886
internal_weight=65716.9 65625 65603.4 91.8689 91.8296 65530.2 63436.8 57201.8 57032.6 73.1962 46961.3 2093.4 10071.4 6235.02
internal_count=3960807 2200197 2199900 1760610 1760213 1685601 1639720 1606109 1140911 514299 333657 45881 807254 33611
is_linear=0
shrinkage=0.05


Tree=148
num_leaves=15
num_cat=0
split_feature=0 1 0 1 0 1 0 1 0 0 1 1 0 1
split_gain=63.9172 8.11174 5.70908 4.54638 1.39338 0.955478 0.959158 1.44758 0.648862 0.566083 0.529469 0.502433 0.569521 0.303445
threshold=0.99982133507728588 0.97829538583755504 0.99950805306434642 0.97829538583755504 0.99993547797203075 0.56552746891975414 0.19850864261388781 0.054799228906631477 0.99922350049018871 0.051116930320858962 0.022410340607166294 0.27891728281974798 0.99971792101860057 0.25035522878170019
decision_type=2 2 2 2 2 2 2 2 2 2 2 2 2 2
left_child=1 2 5 4 -2 6 7 9 13 -1 -10 12 -4 -8
right_child=3 -3 11 -5 -6 -7 8 -9 10 -11 -12 -13 -14 -15
leaf_value=-0.00050661175638935698 0.036735067895948874 -0.030544971644717242 0.011633762393791472 0.021248880898922282 0.050002372768657516 -0.0015930160708500945 9.644386254697121e-05 -0.00083654698603472075 0.0069319922564939464 -0.00015905628854689688 0.0026606121016992169 0.0069319922564939464 0.020804934137895886 -0.00015905628854689688
leaf_weight=6027.7744941376295 30.148424078135577 21.870401447711629 44.300277705930057 0.025031444834893501 57.599145847249019 1060.734812654322 39208.729989271844 1590.4496239200234 57.55484479876759 12397.848897263408 1.6826058059814375 0.44778693430998728 27.396343049171264 5173.708166299155
leaf_count=107830 546913 297 279502 258 1213439 7052 1218268 11990 213556 97453 3412 1915 232882 26040
internal_value=-4.22043e-05 -9.92446e-05 -8.90928e-05 0.042597 0.045444 -0.000104572 -8.00779e-05 -0.000367476 4.93631e-05 -0.000176677 0.00527884 0.0139686 0.0151382 4.23833e-05
internal_weight=65700.3 65612.5 65590.6 87.7726 87.7476 65518.5 64457.7 20016.1 44441.7 18425.6 59.2375 72.1444 71.6966 44382.4
internal_count=3960807 2200197 2199900 1760610 1760352 1685601 1678549 217273 1461276 205283 216968 514299 512384 1244308
is_linear=0
shrinkage=0.05


Tree=149
num_leaves=15
num_cat=0
split_feature=0 1 0 1 0 1 0 0 1 1 0 0 1 1
split_gain=60.0931 7.24051 5.19202 4.52496 1.43891 0.860097 0.880114 0.597597 0.618221 0.484447 0.539806 0.414019 1.49523 0.260545
threshold=0.99982133507728588 0.97829538583755504 0.99950805306434642 0.97829538583755504 0.99993547797203075 0.56552746891975414 0.043910730630159385 0.99903741478919994 0.022410340607166294 0.27891728281974798 0.99971792101860057 0.3811547607183457 0.076393958181142821 0.30797621607780462
decision_type=2 2 2 2 2 2 2 2 2 2 2 2 2 2
left_child=1 2 5 4 -2 6 -1 11 -9 10 -4 12 -8 -13
right_child=3 -3 9 -5 -6 -7 7 8 -10 -11 -12 13 -14 -15
leaf_value=-0.00072420665175306289 0.036238568323345141 -0.028712467526975084 0.01118476710779473 0.021078420969875562 0.050002256663597248 -0.0015130697850756544 -4.8543657158714401e-05 0.0066600603033140976 0.0020045551584345549 0.0066600603033140976 0.020191070263440788 0.00015542310979232762 -0.00037458003682418574 -4.8543657158714401e-05
leaf_weight=4867.5937086232007 29.061132143906434 22.09687599503377 43.788053419280914 0.024505264620528489 54.790126336141839 1060.9368789626169 22040.972561009228 87.69628645501507 2.5707436639931975 0.44469522620784019 26.832383071843651 29970.978959133558 3810.2627994939685 3670.7878423584625
leaf_count=92139 546913 297 279502 258 1213439 7052 151342 306813 4960 1915 232882 1084488 20799 18008
internal_value=-4.19236e-05 -9.59974e-05 -8.63556e-05 0.0422528 0.045232 -0.000101008 -7.77639e-05 -2.49534e-05 0.00404023 0.0134211 0.0146067 -3.11214e-05 -0.00018159 8.45027e-05
internal_weight=65688.8 65605 65582.9 83.8758 83.8513 65511.8 64450.9 59583.3 90.267 71.0651 70.6204 59493 25851.2 33641.8
internal_count=3960807 2200197 2199900 1760610 1760352 1685601 1678549 1586410 311773 514299 512384 1274637 172141 1102496
is_linear=0
shrinkage=0.05


Tree=150
num_leaves=15
num_cat=0
split_feature=0 1 0 1 0 0 1 0 1 0 1 1 0 0
split_gain=56.468 6.46804 4.71804 4.50283 1.48488 0.811256 0.652911 0.787994 1.35992 0.541519 1.30607 0.466903 0.510806 0.25654
threshold=0.99982133507728588 0.97829538583755504 0.99950805306434642 0.97829538583755504 0.99993547797203075 0.025575459934771064 0.47478772699832922 0.99819654226303112 0.051865525543689735 0.3811547607183457 0.076393958181142821 0.27891728281974798 0.99971792101860057 0.99859085679054271
decision_type=2 2 2 2 2 2 2 2 2 2 2 2 2 2
left_child=1 2 5 4 -2 -1 7 9 13 10 -7 12 -4 -9
right_child=3 -3 11 -5 -6 6 -8 8 -10 -11 -12 -13 -14 -15
leaf_value=-0.0013179379697759413 0.035730590291721889 -0.027013939298190764 0.010748151833324872 0.020900035668100034 0.050002147833365554 -6.1410327014517594e-05 -0.00069580077375838646 0.0034055743175941105 0.0013770351569686692 8.67272761285964e-05 -0.00036933861229940094 0.0063929980392982535 0.01958298412465713 0.0063929980392982535
leaf_weight=1337.2834287285732 28.026957617181324 22.306346842437051 43.301178646157496 0.023994233386473662 52.118090061852854 25567.628662776202 2079.7648763856851 72.132575676601846 4.8411706044571465 32468.509955743677 3809.5924996286631 0.44174490626028173 26.29616340042412 164.45608653956151
leaf_count=30360 546913 297 279502 258 1213439 213121 12189 89629 5543 852295 20799 1915 232882 461665
internal_value=-4.31007e-05 -9.43547e-05 -8.51975e-05 0.0418944 0.0450113 -9.90657e-05 -7.36636e-05 -4.28765e-05 0.00280808 -5.40058e-05 -0.000209548 0.0128851 0.0140862 0.00543411
internal_weight=65676.7 65596.6 65574.2 80.169 80.145 65504.2 64166.9 62087.2 241.43 61845.7 29377.2 70.0391 69.5973 236.589
internal_count=3960807 2200197 2199900 1760610 1760352 1685601 1655241 1643052 556837 1086215 233920 514299 512384 551294
is_linear=0
shrinkage=0.05


Tree=151
num_leaves=15
num_cat=0
split_feature=0 1 1 0 0 0 1 0 0 1 1 0 1 0
split_gain=53.029 5.78253 4.47982 4.28313 1.53119 0.753783 0.672008 0.633234 0.475554 1.33904 0.449771 0.482591 0.316709 0.719983
threshold=0.99982133507728588 0.97829538583755504 0.97829538583755504 0.99950805306434642 0.99993547797203075 0.022666972130537037 0.51732057332992565 0.60251280665397655 0.99819654226303112 0.051865525543689735 0.27891728281974798 0.99971792101860057 0.12051381543278696 0.3811547607183457
decision_type=2 2 2 2 2 2 2 2 2 2 2 2 2 2
left_child=1 3 4 5 -2 -1 7 12 -9 -10 11 -5 -7 -14
right_child=2 -3 -4 10 -6 6 -8 8 9 -11 -12 -13 13 -15
leaf_value=-0.0017921848798808683 0.035211386482693764 -0.025436198777634113 0.020714132553149685 0.010323954674386272 0.050002039738304339 -0.0001144389899802133 -0.00093635124116590157 0.00013344210670433577 0.0051891389092364451 0.0012516434682750697 0.0061315927927185609 0.018981373323501749 -0.00049567365139862175 -0.00030505632068941751
leaf_weight=649.6461689472344 27.043313584403222 22.500289166157017 0.023498048904001645 42.838412027515005 49.57636599144098 34640.347857497633 1538.5067004385055 22362.862855922431 235.29662481664855 4.9627851770201223 0.43893127806950261 25.786328922884422 2955.0005263239145 3111.6703306287527
leaf_count=15568 546913 297 258 279502 1213439 266293 9510 809364 551294 5681 1915 232882 15024 12867
internal_value=-4.44986e-05 -9.30691e-05 0.0415213 -8.43723e-05 0.0447816 -9.74948e-05 -8.05176e-05 -5.49961e-05 0.000157214 0.00236984 0.0123607 0.0135771 -0.000172829 -0.000495674
internal_weight=65666.5 65589.9 76.6432 65567.4 76.6197 65498.3 64848.6 63310.1 22603.1 240.259 69.0637 68.6247 40707 6066.67
internal_count=3960807 2200197 1760610 2199900 1760352 1685601 1670033 1660523 1366339 556975 514299 512384 294184 27891
is_linear=0
shrinkage=0.05


Tree=152
num_leaves=15
num_cat=0
split_feature=0 1 1 0 0 1 0 1 1 0 0 0 1 1
split_gain=49.7613 5.17433 4.45567 3.88285 1.57776 0.702708 0.718919 1.31875 0.43298 0.455217 0.412579 0.403809 0.452741 0.270116
threshold=0.99982133507728588 0.97829538583755504 0.97829538583755504 0.99950805306434642 0.99993547797203075 0.62180936336517345 0.12712427228689197 0.031776769086718566 0.27891728281974798 0.99971792101860057 0.037982156500220306 0.99922350049018871 0.022410340607166294 0.25035522878170019
decision_type=2 2 2 2 2 2 2 2 2 2 2 2 2 2
left_child=1 3 4 5 -2 6 7 10 9 -5 -1 13 -13 -8
right_child=2 -3 -4 8 -6 -7 11 -9 -10 -11 -12 12 -14 -15
leaf_value=-0.00052868103285870331 0.034681259628711866 -0.023967828500306255 0.020521718075347389 0.0099121877578539734 0.050001942977795505 -0.0016636255145158812 5.3337033107559833e-05 -0.00087019879116771769 0.0058772030556399147 0.018386894020552817 -0.00018716327454968901 0.0058772030556399147 0.0020981447242171174 -0.00018716327454968901
leaf_weight=3796.1496693268418 26.107740461320645 22.680033525422914 0.023016399558399736 42.39856386626343 47.158587778740184 705.25024630589178 44701.932558933098 1159.5157522559166 0.43624954124970727 25.301591497256595 9541.8190160319209 56.124800575387781 1.7035298503760703 5529.0823111346108
leaf_count=76028 546913 297 258 279502 1213439 5064 1249340 12334 1915 232882 97839 213556 3479 27961
internal_value=-4.36935e-05 -8.97092e-05 0.0411331 -8.14487e-05 0.0445426 -9.38602e-05 -7.67721e-05 -0.000386984 0.0118483 0.0130794 -0.000187163 1.2657e-05 0.00418844 7.84969e-06
internal_weight=65655.7 65582.4 73.2893 65559.7 73.2663 65491.6 64786.3 14497.5 68.1364 67.7002 13338 50288.8 57.8283 50231
internal_count=3960807 2200197 1760610 2199900 1760352 1685601 1680537 186201 514299 512384 173867 1494336 217035 1277301
is_linear=0
shrinkage=0.05


Tree=153
num_leaves=15
num_cat=0
split_feature=0 1 1 0 0 0 1 0 1 0 1 0 0 1
split_gain=46.663 4.63309 4.4306 3.51631 1.6245 0.661472 0.571709 0.542146 0.416616 0.428735 0.359043 0.951754 0.334483 0.294417
threshold=0.99982133507728588 0.97829538583755504 0.97829538583755504 0.99950805306434642 0.99993547797203075 0.022666972130537037 0.51732057332992565 0.60251280665397655 0.27891728281974798 0.99971792101860057 0.33368246257305151 0.99859085679054271 0.91064909100532543 0.12051381543278696
decision_type=2 2 2 2 2 2 2 2 2 2 2 2 2 2
left_child=1 3 4 5 -2 -1 7 13 9 -5 11 12 -9 -7
right_child=2 -3 -4 8 -6 6 -8 10 -10 -11 -12 -13 -14 -15
leaf_value=-0.0016798204814347285 0.034140556332791179 -0.022598872660354138 0.020321367160740705 0.009512822705591395 0.050001845727416727 -0.0001039055236847388 -0.00087726034226277166 0.00012037629036615583 0.0056287332489458547 0.017800178403730816 -7.5500934174692081e-06 0.0040284407948668801 0.00046194940224096413 -0.00046424084129760248
leaf_weight=648.27127391099202 25.217894114834053 22.846778078615898 0.02254895871737872 41.980507568274334 44.858720107611589 34635.330645043403 1538.8162873621623 12615.673510245979 0.43369443519622919 24.840723162109498 836.05219979651156 165.24903887050459 8981.5282633634633 6065.7793165594339
leaf_count=15568 546913 297 258 279502 1213439 266293 9510 101110 1915 232882 5901 465654 793674 27891
internal_value=-4.31159e-05 -8.67002e-05 0.0407294 -7.88543e-05 0.044294 -9.05897e-05 -7.47002e-05 -5.12213e-05 0.0113481 0.0125936 0.000145156 0.000248303 0.000219379 -0.000160256
internal_weight=65646.9 65576.8 70.0992 65554 70.0766 65486.7 64838.4 63299.6 67.2549 66.8212 22598.5 21762.5 21597.2 40701.1
internal_count=3960807 2200197 1760610 2199900 1760352 1685601 1670033 1660523 514299 512384 1366339 1360438 894784 294184
is_linear=0
shrinkage=0.05


Tree=154
num_leaves=15
num_cat=0
split_feature=0 1 1 0 0 0 1 0 0 1 0 0 0 0
split_gain=43.7281 4.40467 4.15048 3.18157 1.6713 0.609052 0.484575 1.43757 0.872157 0.400715 0.403185 0.211924 0.200358 0.167882
threshold=0.99982133507728588 0.97829538583755504 0.97829538583755504 0.99950805306434642 0.99993547797203075 0.029133377596735958 0.25035522878170019 0.99859085679054271 0.89099088311195385 0.27891728281974798 0.99971792101860057 0.45610371232032781 0.97501137852668773 0.022666972130537037
decision_type=2 2 2 2 2 2 2 2 2 2 2 2 2 2
left_child=2 4 3 5 -2 13 7 8 -7 10 -5 -8 -10 -1
right_child=1 -3 -4 9 -6 6 11 -9 12 -11 -12 -13 -14 -15
leaf_value=-0.001598340652358533 0.03358964902454932 0.020112381181395047 -0.021320603813733796 0.0091258103153528235 0.050001759251044567 -0.00011936734737385526 -0.00049538846019615856 0.0046559056456194547 0.00022428408489027813 0.0053857888575157527 0.017221817618954593 -0.00024748316334048708 0.00068766419952076779 -0.00062851205026530094
leaf_weight=647.27781409025192 24.37154780315177 0.022095435415393605 23.001607094804058 41.583170709316619 42.671010319143534 46937.997573122382 1870.7427893131971 164.22861301484227 6380.2612317260355 0.43126137740909953 24.402557497072848 4363.7154351825011 3677.2629816162516 1436.595319211483
leaf_count=15568 546913 258 297 279502 1213439 333657 8289 465198 137197 1915 232882 25322 670057 30313
internal_value=-4.3754e-05 0.0403098 -8.50289e-05 -7.75767e-05 0.0440356 -8.86714e-05 -6.10236e-05 -1.53695e-05 -2.88295e-05 0.0108602 0.0121198 -0.000479597 0.000393707 -0.000929753
internal_weight=65634.6 67.0647 65567.5 65544.5 67.0426 65478.1 63394.2 57159.8 56995.5 66.417 65.9857 6234.46 10057.5 2083.87
internal_count=3960807 1760610 2200197 2199900 1760352 1685601 1639720 1606109 1140911 514299 512384 33611 807254 45881
is_linear=0
shrinkage=0.05


Tree=155
num_leaves=15
num_cat=0
split_feature=0 1 1 0 0 1 0 1 1 0 0 0 0 1
split_gain=40.9424 4.37756 3.72081 2.87447 1.71805 0.599194 0.583502 1.51055 0.385181 0.378599 0.363918 0.296314 0.277017 0.24892
threshold=0.99982133507728588 0.97829538583755504 0.97829538583755504 0.99950805306434642 0.99993547797203075 0.6576794981956483 0.15799529105424884 0.042928231880068786 0.27891728281974798 0.99971792101860057 0.033347826451063163 0.99940577149391185 0.78860366344451915 0.25035522878170019
decision_type=2 2 2 2 2 2 2 2 2 2 2 2 2 2
left_child=2 4 3 5 -2 6 7 10 9 -5 -1 13 -7 -8
right_child=1 -3 -4 8 -6 12 11 -9 -10 -11 -12 -13 -14 -15
leaf_value=-0.00052733971426357346 0.03302896709337818 0.019896105256799947 -0.020125329575997008 0.0087510678126982294 0.050001669952798589 -0.0035245485398447268 6.4119128009369598e-05 -0.00090283559074372938 0.0051500020317476547 0.016652368286584944 -0.00015184383778341762 0.0051500020317476547 -0.001025863470858422 -0.00015184383778341762
leaf_weight=2926.0009147822857 23.566582231978828 0.021655555581672981 23.145501906896243 41.205533020271105 40.589988245752465 154.83907586336136 42143.997168243979 1298.0414635017514 0.42894609778886561 23.985985643303138 12847.206251364201 21.551671398730832 391.09605004772311 5688.1506586880423
leaf_count=61664 546913 258 297 279502 1213439 628 1358442 11593 1915 232882 128542 92025 3503 29204
internal_value=-4.2517e-05 0.0398738 -8.15923e-05 -7.45134e-05 0.0437671 -8.49969e-05 -7.11263e-05 -0.00032209 0.010385 0.0116582 -0.000151844 1.8402e-05 -0.00173454 1.57376e-05
internal_weight=65623.8 64.1782 65559.6 65536.5 64.1566 65470.9 64924.9 17071.2 65.6205 65.1915 15773.2 47853.7 545.935 47832.1
internal_count=3960807 1760610 2200197 2199900 1760352 1685601 1681470 201799 514299 512384 190206 1479671 4131 1387646
is_linear=0
shrinkage=0.05


Tree=156
num_leaves=15
num_cat=0
split_feature=0 1 1 0 0 1 0 1 0 0 1 0 0 1
split_gain=38.3044 4.34951 3.33702 2.59437 1.76465 0.539704 0.539748 0.370103 0.354999 0.27921 1.13275 0.270347 0.250272 0.206196
threshold=0.99982133507728588 0.97829538583755504 0.97829538583755504 0.99950805306434642 0.99993547797203075 0.6576794981956483 0.033347826451063163 0.27891728281974798 0.99971792101860057 0.25131179392337805 0.052566943690180785 0.99940577149391185 0.78860366344451915 0.25035522878170019
decision_type=2 2 2 2 2 2 2 2 2 2 2 2 2 2
left_child=2 4 3 5 -2 6 -1 8 -5 10 -8 13 -7 -11
right_child=1 -3 -4 7 -6 12 9 -9 -10 11 -12 -13 -14 -15
leaf_value=-0.00073281603954553293 0.03245897998794723 0.019671028766574328 -0.019006234576033787 0.008388487894290142 0.050001589729351828 -0.0033494810799144974 -7.6119609383218102e-05 0.004920111065656047 0.016092345439851895 9.2356688688137071e-05 -0.00038527120846063002 0.004920111065656047 -0.00097428326739050519 -7.6119609383218102e-05
leaf_weight=2924.6137737408135 22.800979628016648 0.021229022619080662 23.279350445285672 40.846623661964259 38.610453061068256 154.7868230342865 18051.661810409278 0.42674380264361289 23.589950289308035 35834.894155000467 2399.4628758952022 21.441018317913404 391.20836418360705 5688.0758045968832
leaf_count=61664 546913 258 297 279502 1213439 628 155239 1915 232882 1326797 16541 92025 3503 29204
internal_value=-4.20445e-05 0.0394211 -7.90265e-05 -7.23028e-05 0.0434883 -8.22055e-05 -6.90397e-05 0.00992243 0.0112088 -3.77264e-05 -0.000188962 3.67224e-05 -0.00164764 3.37959e-05
internal_weight=65615.7 61.4327 65554.3 65531 61.4114 65466.1 64920.1 64.8633 64.4366 61995.5 20451.1 41544.4 545.995 41523
internal_count=3960807 1760610 2200197 2199900 1760352 1685601 1681470 514299 512384 1619806 171780 1448026 4131 1356001
is_linear=0
shrinkage=0.05


Tree=157
num_leaves=15
num_cat=0
split_feature=0 1 1 0 0 0 1 0 1 0 1 0 1 0
split_gain=35.8073 4.32049 2.99385 2.34425 1.81096 0.497636 0.443523 0.592853 0.441315 0.393182 1.10076 0.27734 0.269134 0.210103
threshold=0.99982133507728588 0.97829538583755504 0.97829538583755504 0.99965056777000438 0.99993547797203075 0.022666972130537037 0.47478772699832922 0.99903741478919994 0.022410340607166294 0.25131179392337805 0.052566943690180785 0.99934533238410961 0.75825929641723644 0.98954081535339367
decision_type=2 2 2 2 2 2 2 2 2 2 2 2 2 2
left_child=2 4 3 5 -2 -1 7 9 11 10 -7 -9 -5 -11
right_child=1 -3 -4 12 -6 6 -8 8 -10 13 -12 -13 -14 -15
leaf_value=-0.0014594108538863266 0.031880187890629727 0.019436900270133308 -0.017957254145160941 0.013988036872072451 0.050001511911462952 -8.2854099903746507e-05 -0.00076187168474745113 0.0035625808471204086 0.0017485251911429842 2.2741680784228254e-05 -0.00040119309721367477 0.0062901949605268272 0.0062901949605268272 0.0005808095231858403
leaf_weight=645.59038227797282 22.072823668759156 0.020815573720027625 23.40395881733275 36.093777888505429 36.727453384211913 20327.86592509225 2080.490511965414 53.355615275650052 3.1138738922309122 38156.543419119902 2398.9013736024499 58.661455490582739 0.053843808796954273 1764.5366331576661
leaf_count=15568 546913 258 297 342536 1213439 201335 12581 170860 7505 426015 16541 304331 302 702326
internal_value=-4.24535e-05 0.0389512 -7.74452e-05 -7.10589e-05 0.043199 -7.80852e-05 -6.43325e-05 -4.05145e-05 0.00354415 -4.71022e-05 -0.000213117 0.00537664 0.0126585 4.74086e-05
internal_weight=65607.4 58.8211 65548.6 65525.2 58.8003 65489.1 64843.5 62763 115.131 62647.8 22726.8 112.017 36.1476 39921.1
internal_count=3960807 1760610 2200197 2199900 1760352 1857062 1841494 1828913 482696 1346217 217876 475191 342838 1128341
is_linear=0
shrinkage=0.05


Tree=158
num_leaves=15
num_cat=0
split_feature=0 1 1 0 0 1 0 0 1 1 1 0 1 0
split_gain=33.4418 4.29035 2.6872 2.12416 1.85688 0.460445 0.510514 0.480054 0.421797 0.290504 0.259347 0.188925 0.178861 1.03568
threshold=0.99982133507728588 0.97829538583755504 0.97829538583755504 0.99965056777000438 0.99993547797203075 0.59075391292572033 0.99940577149391185 0.071181111037731185 0.031361050903797157 0.051865525543689735 0.75825929641723644 0.037982156500220306 0.25035522878170019 0.99736866354942333
decision_type=2 2 2 2 2 2 2 2 2 2 2 2 2 2
left_child=2 4 3 5 -2 6 7 8 11 -8 -5 -1 13 -9
right_child=1 -3 -4 10 -6 -7 9 12 -10 -11 -12 -13 -14 -15
leaf_value=-0.00042390505480713797 0.031293136408476571 0.019194242151102506 -0.016972962047730536 0.013480717047992894 0.050001437759107703 -0.0012127333175486824 0.0060284258056765294 2.0576474697719178e-07 -0.00063664207147635791 0.0024902433901056592 0.0060284258056765294 -0.00020893982352605594 -0.00020893982352605594 0.0024902433901056592
leaf_weight=3783.6793439946923 21.38029155645745 0.020414953585713103 23.520059493021108 35.592517028562725 34.936285047793717 878.90847780642798 48.038105913132313 50009.670580497594 425.32408060505986 0.88900449013453808 0.053506303462198868 4590.8873153477907 5355.3736482074019 391.86459383033798
leaf_count=75975 546913 258 297 342536 1213439 6348 260573 831024 5739 2605 302 57922 27295 589581
internal_value=-4.23412e-05 0.0384639 -7.54385e-05 -6.93728e-05 0.0428989 -7.6015e-05 -6.05508e-05 -6.44202e-05 -0.000407626 0.00504491 0.0121329 -0.000211168 -1.02534e-05 2.02819e-05
internal_weight=65600.1 56.337 65543.8 65520.3 56.3166 65484.6 64605.7 64556.8 8799.89 48.9271 35.646 8374.57 55756.9 50401.5
internal_count=3960807 1760610 2200197 2199900 1760352 1857062 1850714 1587536 139636 263178 342838 133897 1447900 1420605
is_linear=0
shrinkage=0.05


Tree=159
num_leaves=15
num_cat=0
split_feature=0 1 0 0 1 0 0 1 0 1 0 1 1 0
split_gain=31.3462 5.64167 7.87599 1.07365 0.996745 0.668318 0.434904 0.377732 0.343284 1.04319 0.184024 0.230315 0.14115 0.688133
threshold=0.99993547797203075 0.97829538583755504 0.99971792101860057 0.99982133507728588 0.95661467313766491 0.99950805306434642 0.022666972130537037 0.56552746891975414 0.25131179392337805 0.052566943690180785 0.99922350049018871 0.022410340607166294 0.25035522878170019 0.97501137852668773
decision_type=2 2 2 2 2 2 2 2 2 2 2 2 2 2
left_child=1 2 5 -4 -2 6 -1 8 9 -8 12 -12 13 -10
right_child=4 -3 3 -5 -6 -7 7 -9 10 -11 11 -13 -14 -15
leaf_value=-0.0013676754346193991 0.050001368436509874 -0.024489655726608786 0.012586110782983904 0.02421571186072298 0.02421571186072298 0.0063806078931196433 -8.0574626121972064e-05 -0.00071502515519423647 4.0458928103665896e-06 -0.00038041249450903762 0.0031526902385719266 0.0014676019203106177 -8.0574626121972064e-05 0.00071746967394375972
leaf_weight=644.48081582783925 33.227820551397599 23.635693568299757 22.71586450097675 20.721644121149438 0.017298974085860119 40.112899961597577 20324.57509104535 1062.0241501037963 32016.705936726183 2398.2709420844913 54.609302895987639 1.6362845444527909 5172.0469846200431 3778.9504264968564
leaf_count=15568 1213356 392 233693 546913 246 280606 201335 7052 283291 16541 213556 3412 26040 918806
internal_value=-4.13521e-05 -6.59657e-05 -5.71573e-05 0.0212265 0.0484974 -7.12734e-05 -7.52274e-05 -6.23749e-05 -4.57998e-05 -0.000201703 4.05537e-05 0.00289857 3.66298e-05 7.93621e-05
internal_weight=65593.7 65560.5 65536.9 43.4375 33.2451 65493.4 65453.3 64808.8 63746.8 22722.8 41023.9 56.2456 40967.7 35795.7
internal_count=3960807 2747205 2746813 780606 1213602 1966207 1685601 1670033 1662981 217876 1445105 216968 1228137 1202097
is_linear=0
shrinkage=0.05


Tree=160
num_leaves=15
num_cat=0
split_feature=0 1 0 0 1 1 0 1 1 0 0 0 1 0
split_gain=29.7229 5.05571 7.39663 1.3479 0.996823 0.405131 0.420841 1.19131 0.305642 0.236255 0.226645 0.226596 0.186892 1.0396
threshold=0.99993547797203075 0.97829538583755504 0.99979785084724437 0.99950805306434642 0.95661467313766491 0.6576794981956483 0.12712427228689197 0.031776769086718566 0.27891728281974798 0.037982156500220306 0.99961689114570629 0.89099088311195385 0.25035522878170019 0.99859085679054271
decision_type=2 2 2 2 2 2 2 2 2 2 2 2 2 2
left_child=1 2 3 5 -2 6 7 9 10 -1 -5 -7 13 -8
right_child=4 -3 -4 8 -6 11 12 -9 -10 -11 -12 -13 -14 -15
leaf_value=-0.00044678648585509781 0.050001302408105235 -0.023110775825096269 0.024177566198115945 0.0064562646195706445 0.024177566198115945 -0.002337094863026763 2.9966390796124557e-05 -0.00074626470184405679 0.0037839028522464869 -0.00014730826986613879 0.011698382371167599 -0.00074626470184405679 -0.00014730826986613879 0.0037839028522464869
leaf_weight=3784.1003914363682 31.607323088090201 23.789509615831776 25.864851090504089 21.023467785227695 0.016885156535862644 324.73851832747459 44575.256889633834 1156.9727689735591 0.38576152324094337 9535.2067263349891 35.241491866690922 221.56533765036147 5688.0917619346292 162.06717732286779
leaf_count=76028 1213356 392 610029 124380 246 1328 1000591 12334 1706 97839 325097 2803 29480 465198
internal_value=-4.17253e-05 -6.51039e-05 -5.67377e-05 -6.73441e-05 0.0484202 -7.40171e-05 -6.26038e-05 -0.000300232 0.00764182 -0.000147308 0.00912863 -0.00142993 5.61508e-06 4.45321e-05
internal_weight=65585.9 65554.3 65530.5 65504.7 31.6242 65448 64901.7 14476.3 56.6507 13319.3 56.265 546.304 50425.4 44737.3
internal_count=3960807 2747205 2746813 2136784 1213602 1685601 1681470 186201 451183 173867 449477 4131 1495269 1465789
is_linear=0
shrinkage=0.05


Tree=161
num_leaves=15
num_cat=0
split_feature=0 1 0 0 1 0 1 0 0 0 1 0 0 0
split_gain=28.1771 4.5337 6.9392 1.1956 0.996868 0.382709 0.318395 1.29971 0.672974 0.287936 0.225644 0.196828 0.15256 0.105061
threshold=0.99993547797203075 0.97829538583755504 0.99979785084724437 0.99965056777000438 0.95661467313766491 0.025575459934771064 0.25035522878170019 0.99859085679054271 0.89099088311195385 0.45610371232032781 0.71994733810424816 0.99982133507728588 0.99476382136344921 0.31192712485790258
decision_type=2 2 2 2 2 2 2 2 2 2 2 2 2 2
left_child=1 2 3 5 -2 -1 7 8 13 -8 -5 -4 -10 -7
right_child=4 -3 11 10 -6 6 9 -9 12 -11 -12 -13 -14 -15
leaf_value=-0.00090978042354890971 0.05000124071230444 -0.021821215104123243 0.013668889473747226 0.011774751440944186 0.024138218916273498 -0.00017696700863416263 -0.00048088035162706448 0.0041295995053923515 0.00028518291011068916 -0.00020345627903290729 0.0050228956328441134 0.024138218916273498 0.001000388419419399 -2.8211016564006817e-05
leaf_weight=1327.1835333406852 30.065851349314475 23.931840674296836 5.5042552991835718 28.772890318046851 0.016481864669912194 25360.513596076518 1870.1013491153717 188.50230821254081 9236.5986233768053 4364.5218540540227 0.056368993289651281 19.742805757861788 811.09852922504069 22312.502984985709
leaf_count=30360 1213356 392 63116 279402 246 217201 8289 635908 403411 26073 320 546913 403843 131977
internal_value=-4.04962e-05 -6.2699e-05 -5.47521e-05 -6.48864e-05 0.0483391 -6.9369e-05 -5.19803e-05 -1.54286e-05 -2.89653e-05 -0.000391484 0.0101152 0.0241382 0.000342918 -0.000107344
internal_weight=65579.1 65549 65525.1 65499.9 30.0823 65471 64143.8 57909.2 57720.7 6234.62 28.8293 25.2471 10047.7 47673
internal_count=3960807 2747205 2746813 2136784 1213602 1857062 1826702 1792340 1156432 34362 279722 610029 807254 349178
is_linear=0
shrinkage=0.05


Tree=162
num_leaves=15
num_cat=0
split_feature=0 1 0 0 1 1 0 1 1 0 0 0 0 1
split_gain=26.7066 4.06777 6.53569 1.07519 0.996905 0.353714 0.356326 0.553228 0.280804 0.233582 0.21765 0.205149 0.166379 0.159919
threshold=0.99993547797203075 0.97829538583755504 0.99979785084724437 0.99950805306434642 0.95661467313766491 0.6576794981956483 0.071181111037731185 0.031361050903797157 0.27891728281974798 0.99982133507728588 0.78860366344451915 0.99971792101860057 0.037982156500220306 0.25035522878170019
decision_type=2 2 2 2 2 2 2 2 2 2 2 2 2 2
left_child=1 2 3 5 -2 6 7 12 11 -4 -7 -5 -1 -8
right_child=4 -3 9 8 -6 10 13 -9 -10 -11 -12 -13 -14 -15
leaf_value=-0.0004391972199256563 0.050001180823986836 -0.0206135861817585 0.013168842270492124 0.0063805376120510604 0.024096936054303329 -0.0029231549452475619 1.9124628692242131e-05 -0.00069617744629877948 0.00340816816158286 0.024096936054303329 -0.000707912271102461 0.012017376770239145 -0.00018221699355253313 -0.00018221699355253313
leaf_weight=3778.2295485436771 28.599556020883032 24.063672066055005 5.429543123584156 38.966926656685246 0.016088837190180949 154.65578159689903 50410.391183525586 424.72263512760401 0.38267720669682503 19.271986535441101 391.7392659811303 16.306231859467516 4588.5686873048544 5687.7616541773605
leaf_count=75975 1213356 392 63116 279502 246 628 1512354 5739 1706 546913 3503 169975 57922 29480
internal_value=-3.89288e-05 -6.0014e-05 -5.24648e-05 -6.21825e-05 0.0482539 -6.80909e-05 -5.74236e-05 -0.000353394 0.00688443 0.0240969 -0.00133493 0.00839503 -0.000182217 -1.10401e-05
internal_weight=65569.1 65540.5 65516.4 65491.7 28.6156 65436.1 64889.7 8791.52 55.6558 24.7015 546.395 55.2732 8366.8 56098.2
internal_count=3960807 2747205 2746813 2136784 1213602 1685601 1681470 139636 451183 610029 4131 449477 133897 1541834
is_linear=0
shrinkage=0.05


Tree=163
num_leaves=15
num_cat=0
split_feature=0 1 0 1 0 0 1 0 0 0 1 1 1 1
split_gain=25.3084 3.65129 6.14479 0.998081 0.979758 0.342981 0.290524 0.298364 0.264956 0.249481 0.937168 0.224535 0.209735 0.117406
threshold=0.99993547797203075 0.97829538583755504 0.99979785084724437 0.97829538583755504 0.99965056777000438 0.022666972130537037 0.56552746891975414 0.99940577149391185 0.99982133507728588 0.25131179392337805 0.052566943690180785 0.051865525543689735 0.71994733810424816 0.25035522878170019
decision_type=2 2 2 2 2 2 2 2 2 2 2 2 2 2
left_child=1 2 4 -2 5 -1 7 9 -4 10 -7 -9 -6 -11
right_child=3 -3 8 -5 12 6 -8 11 -10 13 -12 -13 -14 -15
leaf_value=-0.0012132346858220228 0.05000111989879439 -0.019481333300694986 0.012680581254183396 0.024053314220982093 0.010948983018681814 -7.0532071390924309e-05 -0.00063281798195477849 0.0045953950822847167 0.024053314220982093 7.2304446370481827e-05 -0.00033537508344273466 0.0019365055802496737 0.0045953950822847167 -7.0532071390924309e-05
leaf_weight=642.62090593577159 27.20898937981838 24.185894154295966 5.3585233182893743 0.011487423522338669 28.164617477923461 20316.101887505502 1062.3448083930416 46.865445786417695 18.813174577997415 35822.800583714561 2397.0792489722371 0.86141453895834175 0.055895906945805929 5171.7341329304618
leaf_count=15568 1213439 392 63116 163 279402 201335 7356 260573 546913 1326797 16541 2570 320 26322
internal_value=-3.76195e-05 -5.764e-05 -5.04692e-05 0.0481643 -5.97816e-05 -6.37971e-05 -5.24013e-05 -3.79322e-05 0.0240533 -4.08927e-05 -0.000173821 0.0039139 0.00925459 3.27565e-05
internal_weight=65564.2 65537 65512.8 27.2205 65488.6 65460.4 64817.8 63755.4 24.1717 63707.7 22713.2 47.7269 28.2205 40994.5
internal_count=3960807 2747205 2746813 1213602 2136784 1857062 1841494 1834138 610029 1570995 217876 263143 279722 1353119
is_linear=0
shrinkage=0.05


Tree=164
num_leaves=15
num_cat=0
split_feature=0 1 0 1 0 0 0 1 0 0 1 1 1 0
split_gain=23.9802 3.27822 5.76681 0.998129 0.877963 0.308667 0.291005 0.270381 0.272153 0.236316 0.212286 0.202684 0.198178 0.35971
threshold=0.99993547797203075 0.97829538583755504 0.99979785084724437 0.97829538583755504 0.99965056777000438 0.022666972130537037 0.99982133507728588 0.47478772699832922 0.73669275641441356 0.99940577149391185 0.051865525543689735 0.73890680074691784 0.33368246257305151 0.99819654226303112
decision_type=2 2 2 2 2 2 2 2 2 2 2 2 2 2
left_child=1 2 4 -2 5 -1 -4 8 -7 12 -11 -6 13 -10
right_child=3 -3 6 -5 11 7 -8 -9 9 10 -12 -13 -14 -15
leaf_value=-0.0011538837233872228 0.050001066404401717 -0.018418604390842825 0.012204308897113117 0.024006550681056931 0.010527073868528081 -9.7766865365168573e-05 0.024006550681056931 -0.0006029636559245679 0.00019434030068736811 0.0043718328223664909 0.0018919299227372181 0.0043718328223664909 1.8697589251272316e-05 0.0018919299227372181
leaf_weight=641.90889739989507 25.882019365759337 24.299310692840663 5.2910145196765397 0.011214447440578534 27.863656912122682 45409.257336318493 18.366083369281114 2081.0082311629376 16736.194401021348 46.650653664139099 0.81314869743073259 0.04997119278414075 328.27910886664176 212.6871686270315
leaf_count=15568 1213439 392 63116 163 279436 320642 546913 12581 777604 260573 2441 286 3280 464373
internal_value=-3.79512e-05 -5.69596e-05 -5.01487e-05 0.0480701 -5.90682e-05 -6.28489e-05 0.0240066 -5.20436e-05 -3.34411e-05 0.000135162 0.00365838 0.00880651 0.000125483 0.000220826
internal_weight=65558.6 65532.7 65508.4 25.8932 65484.7 65456.8 23.6571 64814.9 62733.9 17324.6 47.4638 27.9136 17277.2 16948.9
internal_count=3960807 2747205 2746813 1213602 2136784 1857062 610029 1841494 1828913 1508271 263014 279722 1245257 1241977
is_linear=0
shrinkage=0.05


Tree=165
num_leaves=15
num_cat=0
split_feature=0 1 0 0 1 1 0 1 0 1 1 0 1 0
split_gain=22.716 2.94468 5.42129 1.05621 0.998155 0.285668 0.299775 0.936322 0.237812 0.214215 0.199378 0.198392 0.129527 0.707919
threshold=0.99993547797203075 0.97829538583755504 0.99982133507728588 0.99965056777000438 0.97829538583755504 0.6576794981956483 0.10314369946718217 0.031361050903797157 0.99940577149391185 0.051865525543689735 0.75825929641723644 0.78860366344451915 0.25035522878170019 0.99736866354942333
decision_type=2 2 2 2 2 2 2 2 2 2 2 2 2 2
left_child=1 2 3 5 -2 6 7 -1 12 -10 -5 -7 13 -8
right_child=4 -3 -4 10 -6 11 8 -9 9 -11 -12 -13 -14 -15
leaf_value=-0.00013647391533529049 0.050001013461219872 -0.017420154915169562 0.023957881128890642 0.010367477682083985 0.023957881128890642 -0.0027164014130469983 9.7878030797262541e-06 -0.00062522442417402985 0.0044231147962102866 0.0017700567655245408 0.0044231147962102866 -0.00062522442417402985 -0.00013647391533529049 0.0017700567655245408
leaf_weight=11448.097302388393 24.619762742811876 24.404650407937879 17.930456185487856 32.797333119036921 0.01094846864725596 154.59030322730541 46486.924531022552 846.49613758549094 46.447225746975164 0.89840189949609239 0.051194944928282804 392.02460766633158 5687.4331830876181 388.68975582464191
leaf_count=160585 1213439 392 546913 342536 163 628 800159 9916 260573 2678 302 3738 29204 589581
internal_value=-3.72205e-05 -5.52662e-05 -4.87965e-05 -5.63926e-05 0.047971 -6.08911e-05 -5.1305e-05 -0.000273589 6.40706e-07 0.00354266 0.00890712 -0.00119914 -2.54973e-06 2.79033e-05
internal_weight=65551.4 65526.8 65502.4 65484.4 24.6307 65451.6 64905 12294.6 52610.4 47.3456 32.8485 546.615 52563 46875.6
internal_count=3960807 2747205 2746813 2199900 1213602 1857062 1852696 170501 1682195 263251 342838 4366 1418944 1389740
is_linear=0
shrinkage=0.05


Tree=166
num_leaves=15
num_cat=0
split_feature=0 1 0 1 0 0 1 0 0 0 1 0 0 0
split_gain=21.514 2.64589 5.10828 0.998185 0.947594 0.277616 0.226238 0.983697 0.555148 0.261053 0.191423 0.0973388 0.0969579 0.0649538
threshold=0.99993547797203075 0.97829538583755504 0.99982133507728588 0.97829538583755504 0.99965056777000438 0.025575459934771064 0.25035522878170019 0.99859085679054271 0.93857911229133617 0.45610371232032781 0.75825929641723644 0.31192712485790258 0.99736866354942333 0.99971792101860057
decision_type=2 2 2 2 2 2 2 2 2 2 2 2 2 2
left_child=1 2 4 -2 5 -1 7 8 11 -8 13 -7 -10 -6
right_child=3 -3 -4 -5 10 6 9 -9 12 -11 -12 -13 -14 -15
leaf_value=-0.00077590821205190301 0.05000096641469181 -0.016481264047991346 0.023906534323504543 0.023906534323504543 0.0070822183974526753 -0.0001522760944450636 -0.00041016878779421 0.0036127712610165594 0.00035600748440514597 -0.00017211307934952022 0.0042100079778523113 -1.3704279797819203e-05 0.0013617138145272214 0.011624973943426549
leaf_weight=1323.9022652208878 23.419064967260059 24.502573003570433 17.50601244947029 0.010689317547074917 11.614678231366268 25351.745676368475 1869.5549171864986 186.40345552936196 6764.1871862065746 4364.7348766116193 0.050969081828951768 25339.86442822963 248.45437826443231 20.84445161648182
leaf_count=30360 1213439 392 546913 163 109032 217201 8289 635908 545151 26073 302 177948 216132 233504
internal_value=-3.67309e-05 -5.38602e-05 -4.77148e-05 0.0478669 -5.49866e-05 -5.92258e-05 -4.44294e-05 -1.36096e-05 -2.5324e-05 -0.000330617 0.00847924 -8.30064e-05 0.000391639 0.00995443
internal_weight=65546.8 65523.4 65498.9 23.4298 65481.4 65448.8 64124.9 57890.7 57704.3 6234.29 32.5101 50691.6 7012.64 32.4591
internal_count=3960807 2747205 2746813 1213602 2199900 1857062 1826702 1792340 1156432 34362 342838 395149 761283 342536
is_linear=0
shrinkage=0.05


Tree=167
num_leaves=15
num_cat=0
split_feature=0 1 0 1 0 0 1 0 1 1 0 1 1 0
split_gain=20.37 2.37842 4.80374 0.998195 0.848293 0.25673 0.225325 0.197344 0.526857 0.183658 0.181434 0.198606 0.0845766 0.569018
threshold=0.99993547797203075 0.97829538583755504 0.99982133507728588 0.97829538583755504 0.99965056777000438 0.022666972130537037 0.56552746891975414 0.19850864261388781 0.054799228906631477 0.75825929641723644 0.99940577149391185 0.051865525543689735 0.25035522878170019 0.99736866354942333
decision_type=2 2 2 2 2 2 2 2 2 2 2 2 2 2
left_child=1 2 4 -2 5 -1 7 8 -7 -6 12 -12 13 -9
right_child=3 -3 -4 -5 9 6 -8 10 -10 -11 11 -13 -14 -15
leaf_value=-0.0010526515886035289 0.050000916849957125 -0.015597669883442147 0.023852959770291476 0.023852959770291476 0.0095520647128121364 -7.1709110160977251e-05 -0.00054974399771998649 3.1524807524087771e-05 -0.00029188258870858132 0.0040028783606742167 0.0040028783606742167 0.0015759735753240176 -7.1709110160977251e-05 0.0015759735753240176
leaf_weight=640.69783914087748 22.276923811397868 24.593677201220999 17.092493463009305 0.010436836404550287 32.136308415196254 17735.593602087349 1062.5449206504854 38813.232723666588 1584.7835837155581 0.050755024334647625 46.075613565684762 0.85456200200132926 5171.2958595900564 387.16357477787824
leaf_count=15568 1213439 392 546913 163 342536 189715 7356 753387 11990 302 260573 2570 26322 589581
internal_value=-3.53161e-05 -5.15743e-05 -4.57364e-05 0.0477575 -5.26923e-05 -5.66836e-05 -4.68364e-05 -3.40212e-05 -0.000167421 0.00806244 2.40024e-05 0.00313123 2.0716e-05 5.1023e-05
internal_weight=65538.4 65516.1 65491.5 22.2874 65474.4 65442.2 64801.5 63739 19320.4 32.1871 44418.6 46.9302 44371.7 39200.4
internal_count=3960807 2747205 2746813 1213602 2199900 1857062 1841494 1834138 201705 342838 1632433 263143 1369290 1342968
is_linear=0
shrinkage=0.05


Tree=168
num_leaves=15
num_cat=0
split_feature=0 1 0 1 0 1 0 1 0 1 0 1 1 0
split_gain=19.2834 2.13819 4.50832 0.998234 0.758865 0.241453 0.249052 0.459703 0.182515 0.176194 0.168293 0.187083 0.107055 0.599003
threshold=0.99993547797203075 0.97829538583755504 0.99982133507728588 0.97829538583755504 0.99965056777000438 0.6576794981956483 0.059929303824901588 0.031361050903797157 0.89099088311195385 0.75825929641723644 0.99940577149391185 0.051865525543689735 0.25035522878170019 0.97501137852668773
decision_type=2 2 2 2 2 2 2 2 2 2 2 2 2 2
left_child=1 2 4 -2 5 6 7 -1 -7 -6 12 -12 13 -8
right_child=3 -3 -4 -5 9 8 10 -9 -10 -11 11 -13 -14 -15
leaf_value=-0.00016669349326674633 0.050000870082277118 -0.014765507667339898 0.023795828661298077 0.023795828661298077 0.0091638357874980116 -0.001943404563076589 -3.868331472123667e-05 -0.00057443866921138371 -0.00057443866921138371 0.0038023148838861529 0.0038023148838861529 0.0014856715717024313 -0.00016669349326674633 0.00061315604284234546
leaf_weight=7039.498728197068 21.190484957711309 24.678507466749579 16.689635573748092 0.010190862740272588 31.830859973604678 324.67696921527386 48031.692258546129 283.8245154954493 222.0292887618125 0.050552333414087935 45.891614817155642 0.89333565162087225 5687.1234115574043 3803.5113216779719
leaf_count=119627 1213439 392 546913 163 342536 1328 393070 4038 3038 302 260573 2678 29204 1043506
internal_value=-3.53693e-05 -5.07985e-05 -4.52533e-05 0.0476425 -5.19015e-05 -5.56588e-05 -4.68433e-05 -0.00032148 -0.00110203 0.00766029 -1.1907e-05 0.00298569 -1.43451e-05 9.1467e-06
internal_weight=65533.6 65512.4 65487.7 21.2007 65471 65439.1 64892.4 7323.32 546.706 31.8814 57569.1 46.785 57522.3 51835.2
internal_count=3960807 2747205 2746813 1213602 2199900 1857062 1852696 123665 4366 342838 1729031 263251 1465780 1436576
is_linear=0
shrinkage=0.05


Tree=169
num_leaves=15
num_cat=0
split_feature=0 1 0 1 0 0 1 0 0 1 0 0 0 0
split_gain=18.2493 1.92292 4.22109 0.998255 0.677628 0.231429 0.187362 0.802041 0.442414 0.169718 0.162415 0.0781012 0.0708047 0.064983
threshold=0.99993547797203075 0.97829538583755504 0.99982133507728588 0.97829538583755504 0.99965056777000438 0.029133377596735958 0.25035522878170019 0.99859085679054271 0.93857911229133617 0.77865779399871837 0.45610371232032781 0.99476382136344921 0.31192712485790258 0.022666972130537037
decision_type=2 2 2 2 2 2 2 2 2 2 2 2 2 2
left_child=1 2 4 -2 5 13 7 8 12 -6 -8 -10 -7 -1
right_child=3 -3 -4 -5 9 6 10 -9 11 -11 -12 -13 -14 -15
leaf_value=-0.00099282591288012059 0.050000832523266883 -0.013981262020324384 0.023736157973751115 0.023736157973751115 0.0087933961622412276 -0.00013174644131661495 -0.00030544222968191867 0.0032777956404501799 0.00029266321246307993 0.0036085141153897344 -0.00015277393511251345 0.0008152797891973672 -1.2660816596150971e-05 -0.00038666626697398808
leaf_weight=639.9842067360878 20.157028751462352 24.757558062854514 16.297202970767103 0.009951255422491978 31.544772716151787 24598.782681941986 1869.1883846819401 185.06793218308303 6199.2955871708691 0.046141362021443366 4364.8960710730898 808.05873141653137 25340.102184668183 1430.2924897633493
leaf_count=15568 1213439 392 546913 163 342562 201680 8289 635908 357440 276 26073 403843 177948 30313
internal_value=-3.4577e-05 -4.92173e-05 -4.395e-05 0.0475215 -5.02982e-05 -5.38327e-05 -3.68362e-05 -8.4352e-06 -1.9115e-05 0.00727086 -0.000297113 0.000352929 -7.13197e-05 -0.000574048
internal_weight=65528.5 65508.3 65483.6 20.167 65467.3 65435.7 63365.4 57131.3 56946.2 31.5909 6234.08 7007.35 49938.9 2070.28
internal_count=3960807 2747205 2746813 1213602 2199900 1857062 1811181 1776819 1140911 342838 34362 761283 379628 45881
is_linear=0
shrinkage=0.05


Tree=170
num_leaves=15
num_cat=0
split_feature=0 1 0 1 0 1 0 1 1 0 1 1 0 0
split_gain=17.2657 1.72985 3.94205 0.998266 0.60394 0.209317 0.218688 0.356224 0.162675 0.130521 0.171156 0.0832184 0.494066 0.233848
threshold=0.99993547797203075 0.97829538583755504 0.99982133507728588 0.97829538583755504 0.99965056777000438 0.62180936336517345 0.059929303824901588 0.031361050903797157 0.77865779399871837 0.99940577149391185 0.051865525543689735 0.25035522878170019 0.97501137852668773 0.99736866354942333
decision_type=2 2 2 2 2 2 2 2 2 2 2 2 2 2
left_child=1 2 4 -2 5 6 7 -1 -6 11 -11 12 -8 -14
right_child=3 -3 -4 -5 8 -7 9 -9 -10 10 -12 -13 13 -15
leaf_value=-0.00015454207263047826 0.050000788843899059 -0.013241724769320298 0.023673585123505914 0.023673585123505914 0.0084294384656428099 -0.00090758853119038093 -3.4782061340732149e-05 -0.00047492956382058188 0.0034210858071569692 0.0034210858071569692 0.0013142513950012682 -0.00015454207263047826 0.00041502892711963379 0.0013142513950012682
leaf_weight=7036.8472948633207 19.173974589171852 24.831279255828122 15.914946906683324 0.0097178596806760664 31.268653862141949 706.49195929814596 48029.759745586663 283.65506780892611 0.045975215572979233 45.567962522036396 0.8757261888240454 5527.1742320643389 3413.647787773516 385.66363285173429
leaf_count=119627 1213439 392 546913 163 342562 5321 393070 4038 276 260573 2641 28286 453925 589581
internal_value=-3.3349e-05 -4.72393e-05 -4.22354e-05 0.0473944 -4.82916e-05 -5.16141e-05 -4.22706e-05 -0.000299635 0.00689379 -9.4492e-06 0.0026401 -1.15946e-05 8.63628e-06 0.000557518
internal_weight=65520.9 65501.7 65476.9 19.1837 65461 65429.7 64723.2 7320.5 31.3146 57402.7 46.4437 57356.2 51829.1 3799.31
internal_count=3960807 2747205 2746813 1213602 2199900 1857062 1851741 123665 342838 1728076 263214 1464862 1436576 1043506
is_linear=0
shrinkage=0.05


Tree=171
num_leaves=15
num_cat=0
split_feature=0 1 0 1 0 0 1 0 0 0 1 0 0 0
split_gain=16.3307 1.55641 3.67131 0.998284 0.537367 0.20363 0.161018 0.6855 0.380499 0.156708 0.155873 0.0805603 0.0692132 0.0612113
threshold=0.99993547797203075 0.97829538583755504 0.99982133507728588 0.97829538583755504 0.99965056777000438 0.029133377596735958 0.25035522878170019 0.99859085679054271 0.89099088311195385 0.45610371232032781 0.77865779399871837 0.99476382136344921 0.99989667534828197 0.99971792101860057
decision_type=2 2 2 2 2 2 2 2 2 2 2 2 2 2
left_child=1 2 4 -2 5 -1 7 8 -7 -8 13 -10 -4 -6
right_child=3 -3 12 -5 10 6 9 -9 11 -11 -12 -13 -14 -15
leaf_value=-0.00053799073001018914 0.050000750600161563 -0.012543963310186255 0.018876700129009664 0.023607532590296729 0.0056586004223050865 -7.72045179780599e-05 -0.00028595171001403081 0.0030383243084876345 0.00022015603471855724 -0.000141390482595605 0.003239673009600038 0.00074116020609960639 0.023607532590296729 0.0097603780557224181
leaf_weight=2068.9087162363212 18.23886220673376 24.900081518222578 8.0322003077308164 0.0094905308251317377 11.127448003135219 46907.65273303166 1868.928202688694 184.12488421158923 9225.2617749995552 4365.0252741691074 0.045818253362084671 806.84866692189826 7.5104282827596753 19.878785427506955
leaf_count=45881 1213439 392 282636 163 109042 333657 8289 635908 403411 26073 276 403843 264277 233520
internal_value=-3.25369e-05 -4.57132e-05 -4.096e-05 0.0472608 -4.67315e-05 -4.98525e-05 -3.39127e-05 -7.5809e-06 -1.74304e-05 -0.0002752 0.0065292 0.000262059 0.0236075 0.00807753
internal_weight=65516.5 65498.2 65473.3 18.2484 65457.8 65426.8 63357.8 57123.9 56939.8 6233.95 31.0521 10032.1 15.5426 31.0062
internal_count=3960807 2747205 2746813 1213602 2199900 1857062 1811181 1776819 1140911 34362 342838 807254 546913 342562
is_linear=0
shrinkage=0.05


Tree=172
num_leaves=15
num_cat=0
split_feature=0 1 0 1 0 0 1 1 0 1 0 1 0 1
split_gain=15.4413 1.40073 3.43536 0.998295 0.475682 0.191898 0.167361 0.149125 0.141912 0.467449 0.0967162 0.155575 0.0868613 0.0580339
threshold=0.99993547797203075 0.97829538583755504 0.99982133507728588 0.97829538583755504 0.99965056777000438 0.022666972130537037 0.56552746891975414 0.77865779399871837 0.19850864261388781 0.054799228906631477 0.99940577149391185 0.051865525543689735 0.99989667534828197 0.25035522878170019
decision_type=2 2 2 2 2 2 2 2 2 2 2 2 2 2
left_child=1 2 4 -2 5 -1 8 -6 9 -7 13 -12 -4 -10
right_child=3 -3 12 -5 7 6 -8 -9 10 -11 11 -13 -14 -15
leaf_value=-0.00091002571602794144 0.050000715897198594 -0.011885281866529091 0.018283596365706378 0.023538221391168412 0.0077286876748074093 -6.0226853510357336e-05 -0.00047465721220764682 0.003060005519015337 4.3361113187399022e-05 -0.00025145694346976119 0.003060005519015337 0.0011639855109996176 0.023538221391168412 -6.0226853510357336e-05
leaf_weight=638.99892425537109 17.349354936402964 24.964339674457733 7.8820094001584931 0.0092691318750429685 30.750409186184701 17728.539257984608 1062.8045731427555 0.045670106672331623 39190.73513077572 1584.1760590448976 45.274675758832018 0.8470860781671935 7.3352119674000278 5170.7656851142528
leaf_count=15568 1213439 392 282636 163 342562 189715 7356 276 1342968 11990 260573 2570 264277 26322
internal_value=-3.13643e-05 -4.38616e-05 -3.93462e-05 0.0471203 -4.4869e-05 -4.77935e-05 -3.92887e-05 0.0061678 -2.82567e-05 -0.000141405 2.0951e-05 0.0023094 0.0235382 1.85717e-05
internal_weight=65510.5 65493.1 65468.2 17.3586 65452.9 65422.1 64783.1 30.7961 63720.3 19312.7 44407.6 46.1218 15.2172 44361.5
internal_count=3960807 2747205 2746813 1213602 2199900 1857062 1841494 342838 1834138 201705 1632433 263143 546913 1369290
is_linear=0
shrinkage=0.05


Tree=173
num_leaves=15
num_cat=0
split_feature=0 1 0 1 0 1 0 1 0 1 0 0 1 1
split_gain=14.5964 1.26058 3.20989 0.998329 0.421717 0.17927 0.182805 0.195677 0.171212 0.142805 0.102389 0.0907342 0.145625 0.0729748
threshold=0.99993547797203075 0.97829538583755504 0.99982133507728588 0.97829538583755504 0.99965056777000438 0.6576794981956483 0.051116930320858962 0.031361050903797157 0.78860366344451915 0.77865779399871837 0.99989667534828197 0.99940577149391185 0.051865525543689735 0.25035522878170019
decision_type=2 2 2 2 2 2 2 2 2 2 2 2 2 2
left_child=1 2 4 -2 5 6 7 -1 -7 -6 -4 13 -13 -8
right_child=3 -3 10 -5 9 8 11 -9 -10 -11 -12 12 -14 -15
leaf_value=-0.00015763302925126616 0.050000682355425929 -0.011263206821019209 0.017698352766765707 0.023464679824598867 0.0074007075832199162 -0.0023653733529851065 4.0713766640197339e-06 -0.00049393642376625976 -0.00049393642376625976 0.0028905053686680885 0.023464679824598867 0.0028905053686680885 0.0010960947256136711 -0.00015763302925126616
leaf_weight=5824.066303019441 16.50322760539348 25.02439508545649 7.7392155570487358 0.0090535252566031899 30.513708251703068 154.4762574583292 53152.257354531539 163.86124945431948 392.43785377111635 0.04553061597107344 7.1645794456126168 45.136396836242056 0.88617023870756284 5686.6415247899131
leaf_count=105321 1213439 392 282636 163 342562 628 1452411 2509 3738 276 264277 260573 2678 29204
internal_value=-3.14234e-05 -4.32747e-05 -3.89858e-05 0.0469726 -4.4269e-05 -4.70121e-05 -3.94124e-05 -0.000302619 -0.00094846 0.00582802 0.0231626 -1.26473e-05 0.00220657 -1.43832e-05
internal_weight=65506.8 65490.3 65465.2 16.5123 65450.3 65419.8 64872.8 5987.93 546.914 30.5592 14.9038 58884.9 46.0226 58838.9
internal_count=3960807 2747205 2746813 1213602 2199900 1857062 1852696 107830 4366 342838 546913 1744866 263251 1481615
is_linear=0
shrinkage=0.05


Tree=174
num_leaves=15
num_cat=0
split_feature=0 1 0 1 0 0 1 1 0 1 0 0 1 0
split_gain=13.7926 1.13481 2.99589 0.998344 0.372982 0.170065 0.143627 0.136691 0.130399 0.371115 0.115866 0.074403 0.140297 0.0568958
threshold=0.99993547797203075 0.97829538583755504 0.99982133507728588 0.97829538583755504 0.99965056777000438 0.022666972130537037 0.56552746891975414 0.77865779399871837 0.15799529105424884 0.042928231880068786 0.99989667534828197 0.99940577149391185 0.051865525543689735 0.99971792101860057
decision_type=2 2 2 2 2 2 2 2 2 2 2 2 2 2
left_child=1 2 4 -2 5 -1 8 13 9 -7 -4 -10 -13 -6
right_child=3 -3 10 -5 7 6 -8 -9 11 -11 -12 12 -14 -15
leaf_value=-0.00085750437282751239 0.05000064701580053 -0.01067545203794582 0.017121561476550005 0.023387771095329218 0.004905831423578721 -6.6955666231183474e-05 -0.00044745226933025741 0.002727398239355049 1.2909237598312703e-05 -0.00023734345140350227 0.023387771095329218 0.002727398239355049 0.0010204661391071727 0.0087462141660060045
leaf_weight=638.37547457277833 15.698366509208423 25.080560717971821 7.6034562841105053 0.008843582883856338 10.898563589187694 15097.962942764163 1062.8806556203344 0.045399241949779845 47279.771224886397 1293.8226591348648 6.9984307110116788 45.006164976934087 0.8451751483080433 19.39019513643143
leaf_count=15568 1213439 392 282636 163 109042 174638 7356 276 1384764 11593 264277 260573 2570 233520
internal_value=-3.06181e-05 -4.18544e-05 -3.77805e-05 0.0468174 -4.28327e-05 -4.5403e-05 -3.74002e-05 0.0055002 -2.72346e-05 -0.000148773 0.0226076 1.48616e-05 0.00202802 0.00708426
internal_weight=65504.4 65488.7 65463.6 15.7072 65449 65418.7 64780.3 30.3342 63717.4 16391.8 14.6019 47325.6 45.8513 30.2888
internal_count=3960807 2747205 2746813 1213602 2199900 1857062 1841494 342838 1834138 186231 546913 1647907 263143 342562
is_linear=0
shrinkage=0.05


Tree=175
num_leaves=15
num_cat=0
split_feature=0 1 0 1 0 0 1 1 1 0 0 0 0 0
split_gain=13.0285 1.02168 2.79339 0.998366 0.327526 0.157949 1.06113 0.130572 0.128461 0.570627 0.32655 0.127311 0.106894 0.0871731
threshold=0.99993547797203075 0.97829538583755504 0.99982133507728588 0.97829538583755504 0.99965056777000438 0.033347826451063163 0.02601540926843882 0.77865779399871837 0.25035522878170019 0.99859085679054271 0.93857911229133617 0.99989667534828197 0.45610371232032781 0.022666972130537037
decision_type=2 2 2 2 2 2 2 2 2 2 2 2 2 2
left_child=1 2 4 -2 5 6 13 -6 9 10 -7 -4 -10 -1
right_child=3 -3 11 -5 7 8 -8 -9 12 -11 -12 -13 -14 -15
leaf_value=-0.00081528471354957608 0.050000613644203343 -0.010119910607889046 0.016553771216671547 0.023306695813457699 0.0067671166096351836 -5.8064064457313597e-05 -0.0050784282900398041 0.002563741864139686 -0.00021593249848957647 0.002563741864139686 0.00030695140518177867 0.023306695813457699 -0.00010965468455318735 -0.00021593249848957647
leaf_weight=637.87514895143249 14.932757296097403 25.133122496110445 7.4743881006688735 0.0086391725199072011 30.066610356494497 49091.703902892768 35.52784525603056 0.045275630167451619 1868.6504348218441 183.16536281282606 7001.1043987095472 6.8366609528784466 4365.1845593049948 2233.7086687162519
leaf_count=15568 1213439 392 282636 163 342562 363845 706 276 8289 635908 761283 264277 26073 45390
internal_value=-3.01642e-05 -4.08157e-05 -3.6946e-05 0.0466542 -4.17758e-05 -4.41756e-05 -0.000404444 0.00517166 -2.74208e-05 -3.37687e-06 -1.25054e-05 0.0220509 -0.000215932 -0.000278404
internal_weight=65501.4 65486.5 65461.3 14.9414 65447 65416.9 2907.11 30.1119 62509.8 56276 56092.8 14.311 6233.83 2871.58
internal_count=3960807 2747205 2746813 1213602 2199900 1857062 61664 342838 1795398 1761036 1125128 546913 34362 60958
is_linear=0
shrinkage=0.05


Tree=176
num_leaves=15
num_cat=0
split_feature=0 1 1 0 0 1 0 1 0 0 1 1 0 0
split_gain=12.3017 0.998375 0.920068 2.60168 0.288285 0.150882 0.156085 0.714252 0.154949 0.136779 0.124897 0.0668937 0.511084 0.261643
threshold=0.99993547797203075 0.97829538583755504 0.97829538583755504 0.99982133507728588 0.99965056777000438 0.6576794981956483 0.085614524781703963 0.031361050903797157 0.78860366344451915 0.99989667534828197 0.77865779399871837 0.25035522878170019 0.99859085679054271 0.93857911229133617
decision_type=2 2 2 2 2 2 2 2 2 2 2 2 2 2
left_child=2 -2 3 4 5 6 7 -1 -7 -5 -6 12 13 -8
right_child=1 -3 -4 9 10 8 11 -9 -10 -11 -12 -13 -14 -15
leaf_value=-0.00010733149710086608 0.050000586804211544 0.023221712042769981 -0.0095946278300723126 0.015995483867963789 0.0064735543650017852 -0.0022199643444612161 -3.8726101895629489e-05 -0.00045241210800051643 -0.00045241210800051643 0.023221712042769981 0.0024125642675527411 -0.00010733149710086608 0.0024125642675527411 0.00029169187525998657
leaf_weight=9776.7169016865882 14.204486042392087 0.0084401708227240801 25.182343369509908 7.3516834732145053 29.863869281027295 154.42795994877815 41610.751144260168 610.13374378532171 392.55166766006732 6.6791711319820024 0.045159742730901509 5686.7504500132345 182.69669873421662 6999.0633568812045
leaf_count=147570 1213439 163 392 282636 342562 628 270116 7823 3738 264277 276 29996 635908 761283
internal_value=-2.91442e-05 0.0464827 -3.92395e-05 -3.55634e-05 -4.01791e-05 -4.2423e-05 -3.54498e-05 -0.00021308 -0.000869374 0.0214927 0.00486755 -1.58348e-06 1.8817e-05 8.84899e-06
internal_weight=65496.4 14.2129 65482.2 65457 65443 65413.1 64866.1 10386.9 546.98 14.0309 29.909 54479.3 48792.5 48609.8
internal_count=3960807 1213602 2747205 2746813 2199900 1857062 1852696 155393 4366 546913 342838 1697303 1667307 1031399
is_linear=0
shrinkage=0.05


Tree=177
num_leaves=15
num_cat=0
split_feature=0 1 1 0 0 0 0 1 1 0 1 0 0 1
split_gain=11.611 0.998393 0.828582 2.42056 0.253148 0.144304 0.139875 0.119443 0.112747 0.102767 0.423587 0.0526595 0.0454941 0.121229
threshold=0.99993547797203075 0.97829538583755504 0.97829538583755504 0.99982133507728588 0.99965056777000438 0.99989667534828197 0.025575459934771064 0.77865779399871837 0.47478772699832922 0.25131179392337805 0.052566943690180785 0.99971792101860057 0.99940577149391185 0.051865525543689735
decision_type=2 2 2 2 2 2 2 2 2 2 2 2 2 2
left_child=2 -2 3 4 6 -5 -1 11 9 10 -8 -6 -11 -14
right_child=1 -3 -4 5 7 -7 8 -9 -10 12 -12 -13 13 -15
leaf_value=-0.00055100236104489275 0.050000555623148008 0.02313206372640569 -0.0090977940200481153 0.01544717804204639 0.0042288057921820131 0.02313206372640569 -3.7446173413776313e-05 0.0022667490597408908 -0.00029086385574534338 2.8014239949445018e-05 -0.00015440034851555286 0.0078290987821958008 0.0022667490597408908 0.0008193638793696378
leaf_weight=1318.423389136784 13.511732646922606 0.0082464532642924082 25.228462983010104 7.2350313196420739 10.702615133130172 6.5258641277487186 19616.840184200555 0.045050959524813972 2081.5158107569732 39952.775888861332 2394.6886044442654 18.968586628005141 44.660906600183807 0.79516121782944438
leaf_count=30360 1213439 163 392 282636 109042 264277 186543 276 12581 1348023 16541 233520 260573 2441
internal_value=-2.86324e-05 0.0463023 -3.81988e-05 -3.47069e-05 -3.91162e-05 0.0209334 -4.12123e-05 0.00457471 -3.07254e-05 -1.79368e-05 -0.000104705 0.00619086 2.98129e-05 0.00161071
internal_weight=65491.9 13.52 65478.4 65453.2 65439.4 13.7609 65409.7 29.7163 64091.3 62009.8 22011.5 29.6712 39998.2 45.4561
internal_count=3960807 1213602 2747205 2746813 2199900 546913 1857062 342838 1826702 1814121 203084 342562 1611037 263014
is_linear=0
shrinkage=0.05


Tree=178
num_leaves=15
num_cat=0
split_feature=0 1 1 0 0 0 0 1 1 0 1 1 0 0
split_gain=10.9545 0.998416 0.746238 2.2495 0.220058 0.149943 0.130789 1.0595 0.123343 0.390051 0.113912 0.103938 0.473525 0.221751
threshold=0.99993547797203075 0.97829538583755504 0.97829538583755504 0.99982133507728588 0.99965056777000438 0.99989667534828197 0.043910730630159385 0.031361050903797157 0.022182202897965912 0.037982156500220306 0.77865779399871837 0.25035522878170019 0.99736866354942333 0.89099088311195385
decision_type=2 2 2 2 2 2 2 2 2 2 2 2 2 2
left_child=2 -2 3 4 6 -5 7 8 -1 -10 -6 12 13 -8
right_child=1 -3 -4 5 10 -7 11 -9 9 -11 -12 -13 -14 -15
leaf_value=-0.00015550562494899426 0.050000532561377903 0.023037657188411317 -0.0086277278532867901 0.01490928023103317 0.0059038911715747315 0.023037657188411317 -5.7801417874646023e-05 -0.0043309269759435956 -0.0022593904757373714 -0.00089648213110038791 0.00211858306812512 -0.00015550562494899426 0.0016579765197812181 0.0002053605693302459
leaf_weight=4604.4465136453509 12.85276421520393 0.0080579042114558019 25.271701686964661 7.1241349523097579 29.478143436528629 6.3766471524450026 44137.199898250401 82.467127215117216 113.54836425930262 29.119207225739956 0.044948989685507423 6233.7324718535529 428.85023743074271 9778.4130387108307
leaf_count=88183 1213439 163 392 282636 342562 264277 287399 1354 2163 439 276 34362 852040 591122
internal_value=-2.83799e-05 0.0461128 -3.7443e-05 -3.41261e-05 -3.83365e-05 0.0203733 -4.02845e-05 -0.00029069 -0.000187854 -0.00163746 0.00427745 -2.0321e-05 3.09013e-06 -1.0073e-05
internal_weight=65488.9 12.8608 65476.1 65450.8 65437.3 13.5008 65407.8 4829.58 4747.11 142.668 29.5231 60578.2 54344.5 53915.6
internal_count=3960807 1213602 2747205 2746813 2199900 546913 1857062 92139 90785 2602 342838 1764923 1730561 878521
is_linear=0
shrinkage=0.05


Tree=179
num_leaves=15
num_cat=0
split_feature=0 1 0 0 0 1 0 0 1 1 1 0 0 0
split_gain=10.3381 1.03725 3.38989 0.304077 0.192059 0.127711 0.143389 0.128632 0.646144 0.108866 0.0552941 0.418598 0.173644 0.0804812
threshold=0.99995258450508129 0.97829538583755504 0.99982133507728588 0.99989667534828197 0.99965056777000438 0.6576794981956483 0.89099088311195385 0.10314369946718217 0.031361050903797157 0.77865779399871837 0.25035522878170019 0.99736866354942333 0.89099088311195385 0.99859085679054271
decision_type=2 2 2 2 2 2 2 2 2 2 2 2 2 2
left_child=1 2 4 -4 5 7 -7 8 -1 -6 11 12 -9 -13
right_child=-2 -3 3 -5 9 6 -8 10 -10 -11 -12 13 -14 -15
leaf_value=-8.8082118516902687e-05 0.050000506853686344 -0.010154512995660232 0.014382171429845944 0.024982622948613899 0.0056427765606976224 -0.0015786818998014089 -0.00041581540493808441 -3.3296077143253998e-05 -0.00041581540493808441 0.0019841670214546235 -8.8082118516902687e-05 0.00093342653007577278 0.00019513048213185355 0.0019841670214546235
leaf_weight=11430.063578813468 10.324952427596143 25.313809588784352 7.0187126008322585 8.1387403135222467 29.304650527308699 324.61661566793919 222.41565033583902 36690.877899728715 844.44723026826978 0.044853892977697707 5686.6366044171882 246.29121584247332 9776.5669855352025 181.84980777853343
leaf_count=160585 1024271 424 282636 453576 342562 1328 3038 209037 9916 276 29996 216132 591122 635908
internal_value=-2.73717e-05 -3.5261e-05 -3.13471e-05 0.0236115 -3.68239e-05 -3.86385e-05 -0.000799409 -3.22218e-05 -0.000177964 0.00400697 1.79936e-06 2.149e-05 7.15087e-06 0.00157776
internal_weight=65483.9 65473.6 65448.3 15.1575 65433.1 65403.8 547.032 64856.7 12274.5 29.3495 52582.2 46895.6 46467.4 428.141
internal_count=3960807 2936536 2936112 736212 2199900 1857062 4366 1852696 170501 342838 1682195 1652199 800159 852040
is_linear=0
shrinkage=0.05


Tree=180
num_leaves=15
num_cat=0
split_feature=0 1 0 0 0 0 1 1 0 1 0 1 0 0
split_gain=9.83368 0.934072 3.17381 0.320409 0.167141 0.123498 0.104028 0.100909 0.0873011 0.32497 0.0486021 0.0385846 0.378591 0.146944
threshold=0.99995258450508129 0.97829538583755504 0.99982133507728588 0.99989667534828197 0.99965056777000438 0.022666972130537037 0.77865779399871837 0.56552746891975414 0.15799529105424884 0.042928231880068786 0.99971792101860057 0.25035522878170019 0.99736866354942333 0.95619344711303722
decision_type=2 2 2 2 2 2 2 2 2 2 2 2 2 2
left_child=1 2 4 -4 5 -1 10 8 9 -7 -6 12 13 -10
right_child=-2 -3 3 -5 6 7 -8 -9 11 -11 -12 -13 -14 -15
leaf_value=-0.00073059668043341515 0.050000480517631743 -0.0096283608080650288 0.013866198953957024 0.024982982578431932 0.0036231913488798204 -5.4954795935803461e-05 0.0018546167694915808 -0.00038075783347566973 -1.2170091446571749e-05 -0.00020160010503891503 0.0070040124861499541 -5.4954795935803461e-05 0.0015109035244485584 0.00026118987863955716
leaf_weight=636.87379386278917 9.8214030230228655 25.36101053035236 6.9184953466292409 7.9379397899929245 10.535133596189558 15091.752466078848 0.044765013939467191 1063.0553910619929 36375.723946917802 1292.9978122040629 18.604651897549047 5170.6064067728585 427.55159594219003 5341.8230513677699
leaf_count=15568 1024271 424 282636 453576 109042 174638 276 7356 254874 11593 233520 27006 852040 513987
internal_value=-2.70105e-05 -3.45154e-05 -3.07976e-05 0.0230767 -3.60444e-05 -3.77325e-05 0.00374697 -3.0919e-05 -2.24424e-05 -0.000121912 0.00539177 1.20026e-05 3.06146e-05 1.54435e-05
internal_weight=65479.6 65469.8 65444.4 14.8564 65429.6 65400.4 29.1846 64763.5 63700.5 16384.8 29.1398 47315.7 42145.1 41717.5
internal_count=3960807 2936536 2936112 736212 2199900 1857062 342838 1841494 1834138 186231 342562 1647907 1620901 768861
is_linear=0
shrinkage=0.05


Tree=181
num_leaves=15
num_cat=0
split_feature=0 1 0 0 0 0 1 1 0 0 0 0 0 0
split_gain=9.35403 0.841187 2.96832 0.333798 0.143449 0.112749 0.099053 0.0865047 0.358579 0.180608 0.127971 0.067243 0.045517 0.0374084
threshold=0.99995258450508129 0.97829538583755504 0.99982133507728588 0.99989667534828197 0.99965056777000438 0.029133377596735958 0.77865779399871837 0.25035522878170019 0.99736866354942333 0.89099088311195385 0.45610371232032781 0.99859085679054271 0.99971792101860057 0.97501137852668773
decision_type=2 2 2 2 2 2 2 2 2 2 2 2 2 2
left_child=1 2 4 -4 5 -1 12 8 9 -7 -9 -10 -6 -11
right_child=-2 -3 3 -5 6 7 -8 10 11 13 -12 -13 -14 -15
leaf_value=-0.00040093555593926738 0.050000460118155114 -0.00913060826107325 0.013361663868845609 0.024983136266593837 0.0034270475781952091 -5.7703082723265574e-05 0.0017209341065940343 -0.00021316233929773886 0.00081333827200562054 0.00010701650161482534 -0.00010416304425731987 0.0017209341065940343 0.0067018030201963551 0.00031229812686669545
leaf_weight=2063.7193646166779 9.3424117277972965 25.405211598823371 6.8232286657384957 7.7420906480092526 10.497039474794297 46899.458094853908 0.044682095045572079 1868.3142603039742 245.69142089271918 6366.762248961255 4365.3639348087017 181.21577680882183 18.474820065195672 3406.7591464772122
leaf_count=45881 1024271 424 282636 453576 109042 333657 276 8289 216132 137197 26073 635908 233520 453925
internal_value=-2.70484e-05 -3.41876e-05 -3.06562e-05 0.0225386 -3.56806e-05 -3.72401e-05 0.00347911 -2.53891e-05 -6.08156e-06 -1.69564e-05 -0.000202245 0.00143758 0.00513316 0.000178572
internal_weight=65475.6 65466.3 65440.9 14.5653 65426.3 65397.3 29.0165 63333.6 57099.9 56673 6233.68 426.907 28.9719 9773.52
internal_count=3960807 2936536 2936112 736212 2199900 1857062 342838 1811181 1776819 924779 34362 852040 342562 591122
is_linear=0
shrinkage=0.05


Tree=182
num_leaves=15
num_cat=0
split_feature=0 1 0 0 0 1 0 1 0 1 0 0 1 0
split_gain=8.89736 0.757818 2.77572 0.20706 0.195066 0.105802 0.104978 0.0914063 0.0812763 0.300467 0.0558764 0.037089 0.0269079 0.0240096
threshold=0.99995258450508129 0.97829538583755504 0.99985578656196605 0.99989667534828197 0.99965056777000438 0.83716374635696422 0.022666972130537037 0.47478772699832922 0.15799529105424884 0.042928231880068786 0.99971792101860057 0.52759104967117321 0.51732057332992565 0.99940577149391185
decision_type=2 2 2 2 2 2 2 2 2 2 2 2 2 2
left_child=1 2 4 -4 6 10 -1 8 9 -8 -6 -9 -13 -10
right_child=-2 -3 3 -5 5 -7 7 11 13 -11 -12 12 -14 -15
leaf_value=-0.00067474992265269403 0.050000436407519402 -0.0086595881880488709 0.013744990090451943 0.024983857060640963 0.0036873650440325321 0.0019336615974404354 -4.9428065944283171e-05 -0.00035204212749519908 1.4239964809550893e-05 -0.00018527499417818758 0.0070458350900666671 -0.00018527499417818758 -0.00026865856083669335 0.0011691530780503642
leaf_weight=636.21508347266354 8.8867807429851364 25.446628698344284 4.1372231536470263 7.5510723392771979 10.465432895945929 0.036388511784024469 15090.016689766198 126.64509953558445 46248.251491576477 1292.7554809451103 20.95080415128723 419.33148186714971 1535.6784945324471 45.045175233593909
leaf_count=15568 1024271 424 173681 453576 109067 282 174638 528 1379668 11593 342444 2220 9833 263014
internal_value=-2.5931e-05 -3.27223e-05 -2.93675e-05 0.0243343 -3.37201e-05 0.00390294 -3.56136e-05 -2.93343e-05 -1.85079e-05 -0.00011422 0.00544107 -0.000352042 -0.000185275 1.53637e-05
internal_weight=65471.4 65462.5 65437.1 11.6883 65425.4 31.4526 65393.9 64757.7 62676.1 16382.8 31.4162 2081.66 1955.01 46293.3
internal_count=3960807 2936536 2936112 627257 2308855 451793 1857062 1841494 1828913 186231 451511 12581 12053 1642682
is_linear=0
shrinkage=0.05


Tree=183
num_leaves=15
num_cat=0
split_feature=0 1 0 0 0 1 1 0 0 1 0 1 0 0
split_gain=8.46322 0.682685 2.59779 0.218484 0.167808 0.100658 0.0995546 0.133648 0.101971 0.311966 0.0525288 0.0432572 0.332762 0.166171
threshold=0.99995258450508129 0.97829538583755504 0.99985578656196605 0.99989667534828197 0.99965056777000438 0.83716374635696422 0.6576794981956483 0.78860366344451915 0.071181111037731185 0.031361050903797157 0.99971792101860057 0.25035522878170019 0.99859085679054271 0.97153648734092724
decision_type=2 2 2 2 2 2 2 2 2 2 2 2 2 2
left_child=1 2 4 -4 6 10 8 -8 9 -1 -6 12 13 -10
right_child=-2 -3 3 -5 5 -7 7 -9 11 -11 -12 -13 -14 -15
leaf_value=-9.5900298339976719e-05 0.050000414567648303 -0.0082137444529505263 0.01324321384063655 0.024984239045850367 0.0034867445855868069 0.0017972546658734684 -0.0019711768949207567 -0.00036764760876743926 -2.339378883625738e-05 -0.00036764760876743926 0.0067421141214389912 -9.5900298339976719e-05 0.0017972546658734684 0.00031105910166052823
leaf_weight=8343.1487663761945 8.4533709963434358 25.485459631046979 4.0807488661976077 7.36476169989146 10.426921821268484 0.036318238919192392 154.34390099346638 392.79401356729795 46173.470424175262 422.79846962913871 20.80372832293142 5686.4678546407813 180.85007384441269 4038.7030601859442
leaf_count=133897 1024271 424 173681 453576 109067 282 628 3738 362159 5739 342444 29996 635908 684997
internal_value=-2.54763e-05 -3.19365e-05 -2.87499e-05 0.0237899 -3.29168e-05 0.00362918 -3.46678e-05 -0.000706294 -2.90009e-05 -0.000187589 0.00517623 -4.21151e-06 1.13446e-05 3.50718e-06
internal_weight=65469.2 65460.8 65435.3 11.4455 65423.8 31.267 65392.6 547.138 64845.4 8765.95 31.2307 56079.5 50393 50212.2
internal_count=3960807 2936536 2936112 627257 2308855 451793 1857062 4366 1852696 139636 451511 1713060 1683064 1047156
is_linear=0
shrinkage=0.05


Tree=184
num_leaves=15
num_cat=0
split_feature=0 1 1 0 0 1 0 0 0 0 1 1 1 0
split_gain=7.83885 0.998645 0.344074 1.387 0.136514 0.113831 0.243524 0.10735 0.0975244 0.0430795 0.506042 0.0387578 0.0343607 0.318308
threshold=0.99993547797203075 0.97829538583755504 0.97829538583755504 0.99982133507728588 0.99989667534828197 0.6576794981956483 0.99971792101860057 0.78860366344451915 0.033347826451063163 0.25131179392337805 0.076393958181142821 0.02601540926843882 0.25035522878170019 0.99859085679054271
decision_type=2 2 2 2 2 2 2 2 2 2 2 2 2 2
left_child=2 -2 3 5 -5 6 8 -7 11 10 -10 -1 13 -11
right_child=1 -3 -4 4 -6 7 -8 -9 9 12 -12 -13 -14 -15
leaf_value=-0.00018883546698627259 0.050000403032999345 0.022414032463487457 -0.0058360641772977262 0.012047580642559258 0.022414032463487457 -0.0018730377084370247 0.0057745209041750421 -0.00038840691884352589 -2.9779641505480847e-05 2.7695807942154021e-05 -0.00016294162937308668 -0.00038840691884352589 -2.9779641505480847e-05 0.0020750692692372195
leaf_weight=2866.9117766280979 9.7195087550244317 0.0065470602312424067 25.520267946347303 6.5869929696982563 5.4997054550422035 154.31024931371212 18.087525077600731 392.90027561457828 18527.412844967097 35655.717217489146 1890.8905769139528 35.269213523715734 5686.4637333446881 190.85846484492504
leaf_count=60958 1213439 163 392 282636 264277 628 233424 4172 159805 953348 11975 706 30293 744591
internal_value=-2.484e-05 0.0448596 -3.15093e-05 -2.92453e-05 0.0169069 -3.23744e-05 -2.63169e-05 -0.000750497 -2.79347e-05 -1.46639e-05 -7.41297e-05 -0.000311219 1.45704e-05 3.85967e-05
internal_weight=65466.2 9.72606 65456.4 65430.9 12.0867 65418.8 64871.6 547.211 64853.5 61951.3 20418.3 2902.18 41533 35846.6
internal_count=3960807 1213602 2747205 2746813 546913 2199900 2195100 4800 1961676 1900012 171780 61664 1728232 1697939
is_linear=0
shrinkage=0.05


Tree=185
num_leaves=15
num_cat=0
split_feature=0 1 1 0 0 1 0 0 0 1 1 0 0 0
split_gain=7.36934 0.998663 0.31006 1.27536 0.130379 0.101519 0.221207 0.0998321 0.0915016 0.316042 0.0390953 0.296159 0.15495 0.0629038
threshold=0.99993547797203075 0.97829538583755504 0.97829538583755504 0.99982133507728588 0.99989667534828197 0.6576794981956483 0.99971792101860057 0.89099088311195385 0.059929303824901588 0.031361050903797157 0.25035522878170019 0.99859085679054271 0.89099088311195385 0.45610371232032781
decision_type=2 2 2 2 2 2 2 2 2 2 2 2 2 2
left_child=2 -2 3 5 -5 6 8 -7 9 -1 11 12 -10 -12
right_child=1 -3 -4 4 -6 7 -8 -9 10 -11 13 -13 -14 -15
leaf_value=-0.00010053482113725019 0.050000380977324357 0.022282470666106408 -0.0055385500768532388 0.011587572926696158 0.022108626785935628 -0.0013511012477777093 0.0055183956801309886 -0.0003681878405762647 -4.2210889856232819e-05 -0.0003681878405762647 -0.00010053482113725019 0.0019755166407328748 0.00017682417987778873 -4.6515375663920399e-05
leaf_weight=7024.1854621591629 9.2454866161970095 0.0064019584933711062 25.545900569959485 6.5081152981019823 5.3778114120414102 324.5609525591135 17.98339573218982 222.65926457756723 41651.933475010097 282.68160313367844 1868.1303742527962 190.46308945780765 10015.883155706513 3818.318370299603
leaf_count=119627 1213439 163 392 282636 264277 1328 233424 3472 255873 4038 8289 744591 807254 22004
internal_value=-2.48317e-05 0.0445961 -3.11389e-05 -2.89885e-05 0.0163478 -3.19641e-05 -2.62433e-05 -0.000710132 -2.77808e-05 -0.000194452 -6.61738e-06 7.50407e-06 2.49384e-07 -0.000100535
internal_weight=65463.5 9.25189 65454.2 65428.7 11.8859 65416.8 64869.6 547.22 64851.6 7306.87 57544.7 51858.3 51667.8 5686.45
internal_count=3960807 1213602 2747205 2746813 546913 2199900 2195100 4800 1961676 123665 1838011 1807718 1063127 30293
is_linear=0
shrinkage=0.05


Tree=186
num_leaves=15
num_cat=0
split_feature=0 1 1 0 0 0 1 0 0 1 0 0 1 0
split_gain=6.92309 0.998669 0.279476 1.06487 0.23466 0.0896706 0.0773726 0.133185 0.0593257 0.27954 0.0363858 0.0328757 0.0268664 0.255724
threshold=0.99993547797203075 0.97829538583755504 0.97829538583755504 0.99979785084724437 0.99989667534828197 0.022666972130537037 0.56552746891975414 0.99965056777000438 0.15799529105424884 0.042928231880068786 0.99982133507728588 0.99971792101860057 0.25035522878170019 0.99859085679054271
decision_type=2 2 2 2 2 2 2 2 2 2 2 2 2 2
left_child=2 -2 3 5 10 -1 7 8 9 -7 -5 -9 13 -10
right_child=1 -3 -4 4 -6 6 -8 11 12 -11 -12 -13 -14 -15
leaf_value=-0.0006223756071401655 0.05000036089435831 0.022144416079954401 -0.0052565240369411223 0.006391926432316614 0.021485100034536849 -4.6303851048021234e-05 -0.00032397892940770075 0.0018522672939854917 1.6449206803595869e-05 -0.00017103884027643631 0.011139871484691493 0.0053609882577195763 -4.6303851048021234e-05 0.0018522672939854917
leaf_weight=635.59853563406068 8.794582181006259 0.006260895206651961 25.570042306615505 4.4415117236148962 5.2602247114009506 15087.11481121555 1063.2740316481359 10.328259942871229 41957.234150702658 1292.3465673103929 6.4331407818845037 13.439967209487802 5170.3388437712274 179.79629399570695
leaf_count=15568 1213439 163 392 63116 264277 174638 7854 108935 984993 11593 282636 170289 27006 635908
internal_value=-2.42932e-05 0.0443191 -3.02558e-05 -2.82133e-05 0.0128152 -3.13814e-05 -2.55823e-05 -1.80988e-05 -1.94953e-05 -0.000101508 0.0086215 0.00372403 8.90032e-06 2.45159e-05
internal_weight=65460 8.80084 65451.2 65425.6 16.1349 65409.5 64773.9 63710.6 63686.8 16379.5 10.8747 23.7682 47307.4 42137
internal_count=3960807 1213602 2747205 2746813 610029 2136784 2121216 2113362 1834138 186231 345752 279224 1647907 1620901
is_linear=0
shrinkage=0.05


Tree=187
num_leaves=15
num_cat=0
split_feature=0 1 1 0 0 1 0 0 0 0 1 0 1 0
split_gain=6.49928 0.99868 0.25189 0.971618 0.222174 0.0838305 0.12329 0.0929922 0.0828866 0.0341309 0.306422 0.0340006 0.0306518 0.0303041
threshold=0.99993547797203075 0.97829538583755504 0.97829538583755504 0.99979785084724437 0.99989667534828197 0.6576794981956483 0.99965056777000438 0.78860366344451915 0.033347826451063163 0.19850864261388781 0.054799228906631477 0.99982133507728588 0.02601540926843882 0.99971792101860057
decision_type=2 2 2 2 2 2 2 2 2 2 2 2 2 2
left_child=2 -2 3 5 11 6 8 -7 12 10 -10 -5 -1 -8
right_child=1 -3 -4 4 -6 7 13 -9 9 -11 -12 -13 -14 -15
leaf_value=-0.00016573961529487422 0.050000344343248952 0.021999096732644708 -0.0049891431016074184 0.0061454170109681511 0.020865808238571433 -0.0016963400204759638 0.0017767726641246915 -0.00033629767830905421 -3.3369470458534412e-05 8.1941468998768316e-06 -0.00015139082311048976 0.01070455030339967 -0.00033629767830905421 0.0051567744888260467
leaf_weight=2865.7108819890636 8.365668149064728 0.0061237856825763206 25.592788533336716 4.4132166633917205 5.1484179916187705 154.24896319210529 10.315947946583039 393.02482527916436 15449.084182392806 44904.219017744079 1582.5354398861527 6.3618772738318512 35.251576647162437 13.378773222379094
leaf_count=60958 1213439 163 392 63116 264277 628 108980 4111 143619 1635423 11990 282636 706 170369
internal_value=-2.40803e-05 0.0440279 -2.97151e-05 -2.77751e-05 0.0123216 -3.07815e-05 -2.5582e-05 -0.000647013 -2.68998e-05 -1.46649e-05 -7.49331e-05 0.00823914 -0.000288117 0.00358045
internal_weight=65457.7 8.37179 65449.3 65423.7 15.9235 65407.8 64860.5 547.274 64836.8 61935.8 17031.6 10.7751 2900.96 23.6947
internal_count=3960807 1213602 2747205 2746813 610029 2136784 2132045 4739 1852696 1791032 155609 345752 61664 279349
is_linear=0
shrinkage=0.05


Tree=188
num_leaves=15
num_cat=0
split_feature=0 1 0 1 0 0 0 0 0 0 1 0 1 0
split_gain=4.42853 1.78694 0.43862 0.106259 0.754444 0.177322 0.0894522 0.0788015 0.0691933 0.036411 0.358486 0.0293415 0.0284908 0.235536
threshold=0.99992617964744579 0.97829538583755504 0.99993547797203075 0.6576794981956483 0.99979165196418773 0.99989667534828197 0.99965056777000438 0.029133377596735958 0.78860366344451915 0.19850864261388781 0.054799228906631477 0.99982133507728588 0.25035522878170019 0.99736866354942333
decision_type=2 2 2 2 2 2 2 2 2 2 2 2 2 2
left_child=3 2 -2 4 6 11 7 -1 -5 10 -9 -6 13 -11
right_child=1 -3 -4 8 5 -7 -8 9 -10 12 -12 -13 -14 -15
leaf_value=-0.00033043891470151295 0.030892408527130533 0.017067438947233567 0.0500003291561966 -0.0016118398419797935 0.0055088082322771832 0.017067438947233567 0.0031338339494041108 -3.4408613537273429e-05 -0.00037296115996812078 1.4853423361192657e-05 -0.0001733387724159193 0.010228065174555233 -3.4408613537273429e-05 0.0011986088255391543
leaf_weight=2061.0624181888998 1.5065567961423729 0.007227414505906248 7.9576723382638193 154.21933346986589 5.5840305345045618 3.5310222734588015 22.402171073917998 16288.186094436795 418.6946590702737 38792.932282798924 1582.3776070177555 6.2856633487936051 5686.3395771303331 424.81875201550429
leaf_count=45881 78966 174 1213439 628 78477 185096 263927 159402 5116 753387 11990 282288 29996 852040
internal_value=-2.35474e-05 0.0341634 0.0447174 -2.84949e-05 -2.25078e-05 0.0110428 -2.51352e-05 -2.62267e-05 -0.000706448 -1.62386e-05 -7.66012e-05 0.0078782 7.78397e-06 2.76762e-05
internal_weight=65455.9 9.47146 9.46423 65446.4 64873.5 15.4007 64858.1 64835.7 572.914 62774.7 17870.6 11.8697 44904.1 39217.8
internal_count=3960807 1292579 1292405 2668228 2662484 545861 2116623 1852696 5744 1806815 171392 360765 1635423 1605427
is_linear=0
shrinkage=0.05


Tree=189
num_leaves=15
num_cat=0
split_feature=0 1 0 1 0 0 0 0 1 0 1 0 0 0
split_gain=4.03955 1.77676 0.445778 0.0956558 0.694532 0.171719 0.0810376 0.0724 0.155639 0.0639373 0.0338084 0.2209 0.117964 0.062782
threshold=0.99992617964744579 0.97829538583755504 0.99993547797203075 0.6576794981956483 0.99979165196418773 0.99989667534828197 0.99965056777000438 0.051116930320858962 0.031361050903797157 0.89099088311195385 0.25035522878170019 0.99736866354942333 0.89099088311195385 0.45610371232032781
decision_type=2 2 2 2 2 2 2 2 2 2 2 2 2 2
left_child=3 2 -2 4 6 -6 7 8 -1 -5 11 12 -9 -12
right_child=1 -3 -4 9 5 -7 -8 10 -10 -11 13 -13 -14 -15
leaf_value=-0.00010023573441184924 0.030575462640361758 0.016687426957178213 0.050000312082128018 -0.0011703184790572119 0.0075396511329462032 0.016687426957178213 0.0029867302686971565 -4.0994154643669663e-05 -0.00034665450318786898 -0.00034665450318786898 -0.00010023573441184924 0.0011400772625888194 0.00015149387168200695 -4.8220689271536625e-05
leaf_weight=5812.898878391301 1.4607288922311417 0.0071051194645413976 7.5695741672529948 324.5117761790716 11.775062234219147 3.4712705214351436 22.332087944378145 42978.540923073888 163.15749464556575 248.41565731091032 1868.0323211252689 424.31074089423055 9768.5343244543765 3818.2899709251797
leaf_count=105321 78966 174 1213439 1328 360765 185096 263927 271708 2509 4416 8289 852040 591122 21707
internal_value=-2.32639e-05 0.0334027 0.0444635 -2.78798e-05 -2.21989e-05 0.0106482 -2.47073e-05 -2.57446e-05 -0.000191563 -0.00067111 -8.90839e-06 3.79436e-06 -5.34619e-06 -0.000100236
internal_weight=65453.3 9.03741 9.0303 65444.3 64871.3 15.2463 64856.1 64833.8 5976.06 572.927 58857.7 53171.4 52747.1 5686.32
internal_count=3960807 1292579 1292405 2668228 2662484 545861 2116623 1852696 107830 5744 1744866 1714870 862830 29996
is_linear=0
shrinkage=0.05


Tree=190
num_leaves=15
num_cat=0
split_feature=0 0 1 0 0 0 0 0 0 1 0 1 0 0
split_gain=3.67342 1.7896 0.0841662 0.63968 0.165664 0.0733969 0.0692452 0.0599242 0.0359935 0.277712 0.0271263 0.0263382 0.198424 0.120083
threshold=0.99992617964744579 0.99995258450508129 0.6576794981956483 0.99979165196418773 0.99989667534828197 0.99965056777000438 0.025575459934771064 0.78860366344451915 0.12712427228689197 0.031776769086718566 0.99982133507728588 0.25035522878170019 0.99859085679054271 0.97501137852668773
decision_type=2 2 2 2 2 2 2 2 2 2 2 2 2 2
left_child=2 -2 3 5 10 6 -1 -4 9 -8 -5 12 13 -10
right_child=1 -3 7 4 -6 -7 8 -9 11 -11 -12 -13 -14 -15
leaf_value=-0.00032607838290233163 0.016290139592866026 0.050000290565583694 -0.0014732232961891889 0.0051219512308823181 0.016290139592866026 0.0028461027359369729 -4.4861199201288883e-05 -0.00032607838290233163 -1.3601065390816996e-05 -0.00017182614899031057 0.0095150847483133731 -4.4861199201288883e-05 0.0014104905924316943 0.00028574094594870482
leaf_weight=1314.5263392154957 2.6664228232107217 5.9577126349836362 154.17028099298477 5.5116513039520196 3.4138264850134865 22.265499012668442 11965.692095313221 418.78822717229923 40885.585552833974 1151.9779472239316 6.1749726929992903 5686.2686345381517 179.04339078851626 3648.1124196189339
leaf_count=30360 268308 1024271 628 78477 185096 263927 143507 5116 330534 12334 282288 29996 635908 670057
internal_value=-2.27689e-05 0.0326073 -2.70691e-05 -2.17399e-05 0.010268 -2.41358e-05 -2.51216e-05 -0.000630417 -1.75739e-05 -9.13509e-05 0.0072183 1.62848e-06 1.76591e-05 1.0877e-05
internal_weight=65450.2 8.62414 65441.5 64868.6 15.1005 64853.5 64831.2 572.959 63516.7 13117.7 11.6866 50399 44712.7 44533.7
internal_count=3960807 1292579 2668228 2662484 545861 2116623 1852696 5744 1822336 155841 360765 1666495 1636499 1000591
is_linear=0
shrinkage=0.05


Tree=191
num_leaves=15
num_cat=0
split_feature=0 1 0 0 1 0 0 0 1 0 0 1 0 0
split_gain=2.43894 2.6475 0.43177 0.0693437 0.057269 0.501559 0.154199 0.0448193 0.216133 0.0363586 0.0178594 0.0149103 0.188187 0.108408
threshold=0.9999242126941682 0.97829538583755504 0.99993547797203075 0.022666972130537037 0.47478772699832922 0.99971792101860057 0.99985578656196605 0.12712427228689197 0.031776769086718566 0.52759104967117321 0.99989667534828197 0.25035522878170019 0.99859085679054271 0.97501137852668773
decision_type=2 2 2 2 2 2 2 2 2 2 2 2 2 2
left_child=3 2 -2 -1 5 7 -7 8 -5 -6 -8 12 13 -9
right_child=1 -3 -4 4 9 6 10 11 -10 -11 -12 -13 -14 -15
leaf_value=-0.0005459591309379605 0.028736553173552278 0.013314257360182911 0.050000287400802174 -4.3639839304282602e-05 -0.00028337083095494458 0.0046158215372308822 0.0098574341796426115 -1.2967976513868847e-05 -0.00014465641812614865 -0.00014465641812614865 0.013314257360182911 -4.3639839304282602e-05 0.0015916037119476666 0.00027153197480946794
leaf_weight=634.7009428868987 1.6694575801434401 0.0074078267316516335 6.8899070914244476 12644.705694619559 126.6274972856063 19.829192829709431 3.7365813082142258 40885.714600170031 1151.8242921046913 1980.940426068546 3.0812911498233007 4151.7221612322755 188.95356476822781 3647.0941741023562
leaf_count=15568 94153 180 1213439 158299 528 341945 173335 330534 12334 14046 169811 21987 744591 670057
internal_value=-2.2384e-05 0.0266544 0.0441588 -2.58763e-05 -2.07825e-05 -1.21647e-05 0.0068461 -1.50808e-05 -9.46646e-05 -0.000277148 0.0133143 7.38493e-06 1.70127e-05 1.03317e-05
internal_weight=65447.5 8.56677 8.55936 65438.9 64804.2 62696.7 26.6471 62670 13796.5 2107.57 6.81787 48873.5 44721.8 44532.8
internal_count=3960807 1307772 1307592 2653035 2637467 2622893 685091 1937802 170633 14574 343146 1767169 1745182 1000591
is_linear=0
shrinkage=0.05


Tree=192
num_leaves=15
num_cat=0
split_feature=0 0 0 1 0 0 0 0 1 0 0 1 0 0
split_gain=1.7604 2.83112 0.0624554 0.054092 0.559409 0.101055 0.055489 0.0419016 0.209874 0.0334821 0.0192803 0.0141034 0.169416 0.0623043
threshold=0.99991813302040111 0.99995258450508129 0.022666972130537037 0.47478772699832922 0.99979165196418773 0.99985578656196605 0.99965056777000438 0.12712427228689197 0.031776769086718566 0.52759104967117321 0.99971792101860057 0.25035522878170019 0.99476382136344921 0.99859085679054271
decision_type=2 2 2 2 2 2 2 2 2 2 2 2 2 2
left_child=2 -2 -1 4 6 -6 7 8 -4 -5 -8 12 -9 -14
right_child=1 -3 3 9 5 -7 10 11 -10 -11 -12 -13 13 -15
leaf_value=-0.00051892595121580062 0.011051132907299366 0.050000264768791283 -4.2725683921975085e-05 -0.0002696591759119778 0.0052164022695161552 0.011051132907299366 0.0012378355953625625 1.4243575082786007e-06 -0.00014078073954873119 -0.00014078073954873119 0.0038745768488807914 -4.2725683921975085e-05 0.00046708176726386783 0.0012378355953625625
leaf_weight=634.38399846098764 3.5783601700004493 5.3909113857243938 12644.267964947961 126.62025630474272 7.8148757952039869 5.9565359842999897 10.175992665062951 43729.56026798021 1151.6949699148536 1980.9573417125557 11.923013082632677 4151.6699434085749 802.40352793276543 178.50705360584834
leaf_count=15568 327367 1024271 158299 528 187138 299364 108889 596748 12334 13962 154807 21781 403843 635908
internal_value=-2.21895e-05 0.0221275 -2.52256e-05 -2.03924e-05 -1.20167e-05 0.0100642 -1.42305e-05 -1.5114e-05 -9.20637e-05 -0.000269545 0.00249079 6.61233e-06 1.60014e-05 0.000665855
internal_weight=65444.9 8.96927 65435.9 64801.6 62694 13.7714 62680.2 62658.1 13796 2107.58 22.099 48862.1 44710.5 980.911
internal_count=3960807 1351638 2609169 2593601 2579111 486502 2092609 1828913 170633 14490 263696 1658280 1636499 1039751
is_linear=0
shrinkage=0.05


Tree=193
num_leaves=15
num_cat=0
split_feature=0 0 0 1 1 0 1 0 0 0 0 0 0 0
split_gain=1.555 2.80103 0.0566045 1.09355 0.108126 0.558607 0.0467431 0.509211 0.200083 0.108565 0.0962924 0.0514661 0.0348782 0.0300448
threshold=0.99991813302040111 0.99995258450508129 0.043910730630159385 0.031361050903797157 0.022182202897965912 0.037982156500220306 0.25035522878170019 0.99979165196418773 0.99859085679054271 0.89099088311195385 0.99985578656196605 0.45610371232032781 0.98954081535339367 0.022666972130537037
decision_type=2 2 2 2 2 2 2 2 2 2 2 2 2 2
left_child=2 -2 3 4 13 -6 7 8 9 -4 -9 -8 -11 -1
right_child=1 -3 6 -5 5 -7 11 10 -10 12 -12 -13 -14 -15
leaf_value=-0.00047331480769497391 0.010565394117418435 0.050000250973465415 -3.7757019477425523e-05 -0.005915020562797379 -0.0030078021511100519 -0.00079042517664516712 -0.00010058373942272433 0.0048672877833397417 0.0015793094534397962 0.00010293909441909095 0.010565394117418435 -4.8180360726480766e-05 0.00035357519368958549 -0.00010058373942272433
leaf_weight=633.83897747097944 3.5390339146970273 5.1279950438192827 44130.515213616192 81.994999974966049 113.18321865797043 29.076343327760696 1867.9011247903145 7.7544327180494275 200.26378984134499 8344.7257372429594 5.8808439997173991 4391.4288976074276 1665.012706450012 3962.7176163345575
leaf_count=15562 327367 1024271 287399 1354 2163 439 8289 186790 899129 261017 298853 29316 546237 72621
internal_value=-2.18869e-05 0.0211555 -2.46919e-05 -0.000189591 -0.000100584 -0.00148027 -1.15769e-05 4.22302e-06 1.7988e-06 -4.03639e-06 0.00966545 -0.000100584 0.00014463 -0.000100584
internal_weight=65443 8.66703 65434.3 4820.81 4738.82 142.26 60613.5 54354.2 54340.5 54140.3 13.6353 6259.33 10009.7 4596.56
internal_count=3960807 1351638 2609169 92139 90785 2602 2517030 2479425 1993782 1094653 485643 37605 807254 88183
is_linear=0
shrinkage=0.05


Tree=194
num_leaves=15
num_cat=0
split_feature=0 0 1 0 0 0 1 0 1 0 0 0 0 0
split_gain=1.36617 2.76914 0.053783 0.490616 0.0842544 0.051271 0.164823 0.0481551 0.0207562 0.143931 0.0617521 0.0531385 0.044599 0.0176937
threshold=0.99991813302040111 0.99995258450508129 0.59075391292572033 0.99979165196418773 0.99985578656196605 0.071181111037731185 0.031361050903797157 0.99965056777000438 0.25035522878170019 0.99476382136344921 0.89099088311195385 0.99859085679054271 0.45610371232032781 0.99971792101860057
decision_type=2 2 2 2 2 2 2 2 2 2 2 2 2 2
left_child=2 -2 3 5 -5 6 -1 8 9 10 -7 -11 -10 -9
right_child=1 -3 -4 4 -6 7 -8 13 12 11 -12 -13 -14 -15
leaf_value=-6.7388255857144783e-05 0.010071604149184224 0.050000239849186369 -0.00040592613821272602 0.0047985536429832679 0.010071604149184224 -3.0032946655932856e-05 -0.00021195625518838978 0.0011659076842808471 -6.7388255857144783e-05 0.00042641415401056202 0.00011225050808822144 0.0011659076842808471 -3.0032946655932856e-05 0.0036685291237653775
leaf_weight=8335.6329746680567 3.5018404711076965 4.8779007405323682 905.96609409363009 7.7426431673193274 5.8323821988124109 40192.357131041586 421.83827371522784 10.156821717471759 1867.8441142588854 801.74870578822447 9206.6269008959644 178.0052192400326 3485.3471648816485 11.869997800647978
leaf_count=133897 327367 1024271 7844 187245 299517 239902 5739 108952 8289 403843 403411 635908 19725 154897
internal_value=-2.07724e-05 0.0201666 -2.33578e-05 -1.79864e-05 0.00948641 -1.99864e-05 -0.000132456 -2.32034e-06 -3.24413e-06 7.32236e-06 -4.57972e-06 0.000607423 -6.73883e-05 0.00233506
internal_weight=65439.3 8.37974 65431 64525 13.575 64511.4 8757.47 55754 55731.9 50378.7 49399 979.754 5353.19 22.0268
internal_count=3960807 1351638 2609169 2601325 486762 2114563 139636 1974927 1711078 1683064 643313 1039751 28014 263849
is_linear=0
shrinkage=0.05


Tree=195
num_leaves=15
num_cat=0
split_feature=0 0 0 1 0 0 0 1 0 1 0 0 0 0
split_gain=1.06072 3.0088 0.0503319 0.0376899 0.192031 0.0357864 0.032557 0.194866 0.0321526 0.0114922 0.130091 0.0629137 0.0340311 0.0283846
threshold=0.99989667534828197 0.99995258450508129 0.022666972130537037 0.47478772699832922 0.99971792101860057 0.52759104967117321 0.15799529105424884 0.042928231880068786 0.99982133507728588 0.25035522878170019 0.99736866354942333 0.95619344711303722 0.99934533238410961 0.45610371232032781
decision_type=2 2 2 2 2 2 2 2 2 2 2 2 2 2
left_child=2 -2 -1 4 6 -5 7 -4 -6 10 11 -8 -12 -11
right_child=1 -3 3 5 8 -7 9 -9 -10 13 12 -13 -14 -15
leaf_value=-0.00046637183705005246 0.0080000333859530943 0.05000022692605588 -3.2888627184828291e-05 -0.00024249463625553984 0.0034521315656533529 -0.00011910691304275565 -7.7390990209386095e-06 -0.00011910691304275565 0.0077264432512189774 -3.2888627184828291e-05 0.00069457985023888263 0.00016988507862759864 0.0019397951932590006 -7.7390990209386095e-06
leaf_weight=633.76868339858629 5.6609324455262122 4.6400038511724233 15080.747301761061 126.61137035489082 17.185239040643868 1981.0229393393092 36373.670046914369 1291.4787572473288 5.9137159022629922 1867.8058650195599 367.7574073044816 5332.34727003437 64.490935394482221 2283.7807904275978
leaf_count=15568 453657 1024271 174638 528 233219 13701 254874 11593 282061 8289 543562 513987 417161 13698
internal_value=-2.04288e-05 0.016023 -2.29547e-05 -1.86174e-05 -1.16249e-05 -0.000226589 -1.33051e-05 -7.3906e-05 0.00454643 8.12875e-06 1.74104e-05 8.46662e-06 0.000880364 -3.28886e-05
internal_weight=65436.9 10.3009 65426.6 64792.8 62685.2 2107.63 62662.1 16372.2 23.099 46289.9 42138.3 41706 432.248 4151.59
internal_count=3960807 1477928 2482879 2467311 2453082 14229 1937802 186231 515280 1751571 1729584 768861 960723 21987
is_linear=0
shrinkage=0.05


Tree=196
num_leaves=15
num_cat=0
split_feature=0 0 0 1 0 0 0 0 0 0 0 0 0 0
split_gain=0.917795 2.9534 0.0458718 0.0356363 0.2145 0.127133 0.0892612 0.0791037 0.0285303 0.0273998 0.0147837 0.00800473 0.00717823 0.00441999
threshold=0.99989667534828197 0.99995258450508129 0.025575459934771064 0.25035522878170019 0.99859085679054271 0.45610371232032781 0.89099088311195385 0.99982133507728588 0.99961689114570629 0.98954081535339367 0.31192712485790258 0.022666972130537037 0.99934533238410961 0.99736866354942333
decision_type=2 2 2 2 2 2 2 2 2 2 2 2 2 2
left_child=2 -2 11 4 6 -5 10 8 12 -8 -4 -1 -6 -11
right_child=1 -3 3 5 7 -7 9 -9 -10 13 -12 -13 -14 -15
leaf_value=-0.00044325049024407858 0.0075403835824521389 0.050000217363082015 -6.5050092863891336e-05 -0.00016611455894680321 0.00096356946671905756 -6.7360538162065115e-05 8.8426620212505902e-05 0.0073174760028057928 0.002775184504569198 0.0002768547221274706 -9.229903310304404e-06 -0.0001961638639019298 0.001680905126501503 0.00050715701081653056
leaf_weight=633.49830966717127 5.6158269996062682 4.4137091159959709 25320.621475573629 1867.7872535735332 123.32726411981639 4391.4840181805885 8342.4954034481198 5.8570550329386597 32.818666945477162 1419.4108019868145 22315.195720098913 679.23287507891655 48.625314080345561 244.17527555406559
leaf_count=15568 453657 1024271 217201 8289 327430 28862 261017 281535 387870 330105 131977 14792 262101 216132
internal_value=-2.04985e-05 0.0151036 -2.2817e-05 -1.68261e-05 -4.56446e-06 -0.000130157 -1.03843e-05 0.00158813 0.00142426 0.000125374 -3.89009e-05 -0.000315403 0.00116642 0.000310658
internal_weight=65434.6 10.0295 65424.5 64111.8 57852.5 6259.27 57641.9 210.628 204.771 10006.1 47635.8 1312.73 171.953 1663.59
internal_count=3960807 1477928 2482879 2452519 2415368 37151 1156432 1258936 977401 807254 349178 30360 589531 546237
is_linear=0
shrinkage=0.05


Tree=197
num_leaves=15
num_cat=0
split_feature=0 0 0 1 1 0 0 0 0 0 0 0 0 0
split_gain=0.788734 2.89628 0.0416611 1.38172 0.0343728 0.193277 0.0936132 0.0658096 0.0539113 0.0249337 0.0238434 0.0218683 0.0107677 0.00878123
threshold=0.99989667534828197 0.99995258450508129 0.033347826451063163 0.02601540926843882 0.25035522878170019 0.99934533238410961 0.97501137852668773 0.45610371232032781 0.99982133507728588 0.99736866354942333 0.022666972130537037 0.89099088311195385 0.31192712485790258 0.99971792101860057
decision_type=2 2 2 2 2 2 2 2 2 2 2 2 2 2
left_child=2 -2 3 10 5 6 11 -6 13 -8 -1 12 -4 -7
right_child=1 -3 4 -5 7 8 9 -9 -10 -11 -12 -13 -14 -15
leaf_value=-0.00042126089862942734 0.0070811977559800416 0.050000206219060407 -5.5504927962516774e-05 -0.010066650473137576 -0.0001102290015072492 0.0017525611666633321 0.00019406249438660419 -5.5504927962516774e-05 0.0070039987152512905 0.00062772975025492041 -0.0001102290015072492 6.5161353175753178e-05 -8.7682730015623487e-06 0.0030295751957041938
leaf_weight=633.24139099237073 5.5736419822733279 4.1984511125028803 23735.284047484398 35.120842460542917 1867.6930327564496 64.240752225914548 3398.8541769522708 4391.4946335164259 5.8143544694557923 367.26036090689013 2228.3332687579095 6361.9935298059136 22315.276672355831 17.030658915777167
leaf_count=15568 453657 1024271 185897 706 8289 417161 453925 28862 281535 543562 45390 137197 131977 232810
internal_value=-1.97142e-05 0.0141842 -2.18359e-05 -0.00020721 -1.32478e-05 -7.80854e-07 -4.42945e-06 -0.000110229 0.00235291 0.000236352 -0.000110229 -2.17309e-05 -3.37352e-05 0.00202016
internal_weight=65431.4 9.77209 65421.6 2896.7 62524.9 56265.8 56178.7 6259.19 87.0858 3766.11 2861.57 52412.6 46050.6 81.2714
internal_count=3960807 1477928 2482879 61664 2421215 2384064 1452558 37151 931506 997487 60958 455071 317874 649971
is_linear=0
shrinkage=0.05


Tree=198
num_leaves=15
num_cat=0
split_feature=0 0 0 1 0 0 0 0 0 0 0 0 0 0
split_gain=0.672801 2.83757 0.0378786 0.0313745 0.177267 0.11325 0.0722618 0.0655823 0.0235857 0.022891 0.0117843 0.00631128 0.00550734 0.00329945
threshold=0.99989667534828197 0.99995258450508129 0.025575459934771064 0.25035522878170019 0.99859085679054271 0.45610371232032781 0.89099088311195385 0.99982133507728588 0.99961689114570629 0.98954081535339367 0.31192712485790258 0.022666972130537037 0.99934533238410961 0.99476382136344921
decision_type=2 2 2 2 2 2 2 2 2 2 2 2 2 2
left_child=2 -2 11 4 6 -5 10 8 12 -8 -4 -1 -6 -11
right_child=1 -3 3 5 7 -7 9 -9 -10 13 -12 -13 -14 -15
leaf_value=-0.00040035663886727688 0.0066229300237055548 0.050000193367676318 -5.8168829254344936e-05 -0.00015108169183006715 0.00088547587773843905 -6.2803552429631094e-05 7.9232459610148107e-05 0.0066229300237055548 0.0025293498036235863 0.00021452880013086824 -8.3310396928109179e-06 -0.00018089808710754202 0.0015147165634290967 0.00035549576548498567
leaf_weight=632.99734708607866 5.5343143198642775 3.9936909874431876 25318.387014642351 1867.6305152177847 123.1313296002063 4391.5034459472117 8341.0861624861136 5.7737748959934825 32.648741290311591 862.03989151772112 22315.353798530996 679.04487012326717 48.458710646285908 800.60859684238676
leaf_count=15568 453657 1024271 217201 8289 327430 28862 261017 281535 387870 142394 131977 14792 262101 403843
internal_value=-1.88951e-05 0.0132667 -2.08301e-05 -1.53871e-05 -3.88116e-06 -0.000121726 -9.16454e-06 0.00144613 0.00129756 0.000113001 -3.48209e-05 -0.000286776 0.00106318 0.000282408
internal_weight=65428.2 9.52801 65418.7 64106.6 57847.5 6259.13 57637.5 210.013 204.239 10003.7 47633.7 1312.04 171.59 1662.65
internal_count=3960807 1477928 2482879 2452519 2415368 37151 1156432 1258936 977401 807254 349178 30360 589531 546237
is_linear=0
shrinkage=0.05


Tree=199
num_leaves=15
num_cat=0
split_feature=0 0 0 1 0 0 0 1 0 1 0 0 0 0
split_gain=0.569187 2.77738 0.0341538 0.0297344 0.132656 0.021972 0.0186651 0.0858031 0.0099569 0.00744295 0.0902298 0.0460052 0.0260472 0.0242079
threshold=0.99989667534828197 0.99995258450508129 0.025575459934771064 0.47478772699832922 0.99971792101860057 0.99982133507728588 0.10314369946718217 0.031361050903797157 0.52759104967117321 0.25035522878170019 0.98954081535339367 0.99859085679054271 0.45610371232032781 0.89099088311195385
decision_type=2 2 2 2 2 2 2 2 2 2 2 2 2 2
left_child=2 -2 -1 4 6 -6 7 -4 -5 10 13 -12 -11 -8
right_child=1 -3 3 8 5 -7 9 -9 -10 12 11 -13 -14 -15
leaf_value=-0.00027251004758407823 0.0061663981518071537 0.050000187855836743 -3.2778622521181722e-05 -0.00014364331132854977 0.002901387671852591 0.0061663981518071537 -1.1529709540729161e-05 -7.587489893651866e-05 -7.587489893651866e-05 -3.2778622521181722e-05 0.00026836517221404853 0.0010954759776219819 -1.1529709540729161e-05 7.5276693152235942e-05
leaf_weight=1311.6993239613585 5.4977833046800679 3.7989169213901732 10102.195822801441 126.60041427612668 16.984315750924001 5.7468120304765753 36688.406011998653 842.32171836867929 1981.062597412154 1867.5448555201292 1662.1829029175569 187.0378425103263 2283.7911246859439 8340.4861595518887
leaf_count=30360 453657 1024271 130225 528 233219 282061 209037 9916 13701 8289 546237 744591 13698 261017
internal_value=-1.81864e-05 0.0123527 -1.99446e-05 -1.47766e-05 -8.10649e-06 0.00381083 -9.50722e-06 -6.87578e-05 -0.000143643 3.20052e-06 9.7192e-06 0.000352023 -3.27786e-05 -4.33832e-06
internal_weight=65425.4 9.2967 65416.1 64104.4 61996.7 22.7311 61974 10944.5 2107.66 51029.4 46878.1 1849.22 4151.34 45028.9
internal_count=3960807 1477928 2482879 2452519 2438290 515280 1923010 140141 14229 1782869 1760882 1290828 21987 470054
is_linear=0
shrinkage=0.05


end of trees

feature_importances:
Column_0=1910
Column_1=890

parameters:
[boosting: gbdt]
[objective: binary]
[metric: binary_logloss]
[tree_learner: serial]
[device_type: cpu]
[data_sample_strategy: bagging]
[data: ]
[valid: ]
[num_iterations: 200]
[learning_rate: 0.05]
[num_leaves: 15]
[num_threads: 8]
[seed: 0]
[deterministic: 0]
[force_col_wise: 0]
[force_row_wise: 0]
[histogram_pool_size: -1]
[max_depth: -1]
[min_data_in_leaf: 500]
[min_sum_hessian_in_leaf: 0.001]
[bagging_fraction: 1]
[pos_bagging_fraction: 1]
[neg_bagging_fraction: 1]
[bagging_freq: 0]
[bagging_seed: 3]
[bagging_by_query: 0]
[feature_fraction: 1]
[feature_fraction_bynode: 1]
[feature_fraction_seed: 2]
[extra_trees: 0]
[extra_seed: 6]
[early_stopping_round: 0]
[early_stopping_min_delta: 0]
[first_metric_only: 0]
[max_delta_step: 0]
[lambda_l1: 0]
[lambda_l2: 0]
[linear_lambda: 0]
[min_gain_to_split: 0]
[drop_rate: 0.1]
[max_drop: 50]
[skip_drop: 0.5]
[xgboost_dart_mode: 0]
[uniform_drop: 0]
[drop_seed: 4]
[top_rate: 0.2]
[other_rate: 0.1]
[min_data_per_group: 100]
[max_cat_threshold: 32]
[cat_l2: 10]
[cat_smooth: 10]
[max_cat_to_onehot: 4]
[top_k: 20]
[monotone_constraints: 1,-1]
[monotone_constraints_method: basic]
[monotone_penalty: 0]
[feature_contri: ]
[forcedsplits_filename: ]
[refit_decay_rate: 0.9]
[cegb_tradeoff: 1]
[cegb_penalty_split: 0]
[cegb_penalty_feature_lazy: ]
[cegb_penalty_feature_coupled: ]
[path_smooth: 0]
[interaction_constraints: ]
[verbosity: -1]
[saved_feature_importance_type: 0]
[use_quantized_grad: 0]
[num_grad_quant_bins: 4]
[quant_train_renew_leaf: 0]
[stochastic_rounding: 1]
[linear_tree: 0]
[max_bin: 255]
[max_bin_by_feature: ]
[min_data_in_bin: 3]
[bin_construct_sample_cnt: 200000]
[data_random_seed: 1]
[is_enable_sparse: 1]
[enable_bundle: 1]
[use_missing: 1]
[zero_as_missing: 0]
[feature_pre_filter: 1]
[pre_partition: 0]
[two_round: 0]
[header: 0]
[label_column: ]
[weight_column: ]
[group_column: ]
[ignore_column: ]
[categorical_feature: ]
[forcedbins_filename: ]
[precise_float_parser: 0]
[parser_config_file: ]
[objective_seed: 5]
[num_class: 1]
[is_unbalance: 0]
[scale_pos_weight: 1]
[sigmoid: 1]
[boost_from_average: 1]
[reg_sqrt: 0]
[alpha: 0.9]
[fair_c: 1]
[poisson_max_delta_step: 0.7]
[tweedie_variance_power: 1.5]
[lambdarank_truncation_level: 30]
[lambdarank_norm: 1]
[label_gain: ]
[lambdarank_position_bias_regularization: 0]
[eval_at: ]
[multi_error_top_k: 1]
[auc_mu_weights: ]
[num_machines: 1]
[local_listen_port: 12400]
[time_out: 120]
[machine_list_filename: ]
[machines: ]
[gpu_platform_id: -1]
[gpu_device_id: -1]
[gpu_device_id_list: ]
[gpu_use_dp: 0]
[num_gpu: 1]

end of parameters

pandas_categorical:null
