tree
version=v4
num_class=1
num_tree_per_iteration=1
label_index=0
max_feature_idx=1
objective=binary sigmoid:1
feature_names=Column_0 Column_1
monotone_constraints=-1 1
feature_infos=[0.020078981295228004:0.99999880790710449] [0.020000863820314407:0.99998098611831665]
tree_sizes=1718 1750 1753 1755 1764 1762 1757 1758 1754 1757 1758 1762 1756 1763 1766 1762 1768 1766 1762 1767 1764 1773 1772 1769 1770 1774 1775 1776 1776 1778 1775 1770 1780 1776 1777 1784 1778 1781 1781 1776 1793 1783 1780 1785 1786 1780 1795 1786 1778 1776 1785 1789 1785 1794 1779 1789 1790 1792 1791 1792 1785 1787 1790 1789 1799 1789 1794 1778 1790 1794 1790 1791 1787 1796 1795 1796 1800 1795 1796 1690 1798 1697 1808 1702 1807 1692 1818 1796 1815 1813 1805 1792 1793 1799 1804 1792 1800 1784 1801 1796 1793 1579 1801 1685 1798 1800 1795 1799 1812 1794 1800 1584 1812 1798 1798 1798 1806 1808 1803 1801 1801 1805 1803 1797 1696 1810 1799 1794 1807 1794 1581 1808 1807 1804 1361 1804 1369 1809 1794 1363 1799 1712 927 1790 1589 1373 1478 1791 1823 1705 1474 1828 1797 1259 1256 1796 1798 1798 1484 1837 1842 1794 1795 1809 1487 1718 1731 1806 1704 1375 1823 1810 1810 1812 1811 1814 1824 1814 1826 1829 1820 1828 1716 824 824 485 489 487 490 489 487 489 482 486 490 488 490 488 488 489

Tree=0
num_leaves=15
num_cat=0
split_feature=0 1 1 1 0 1 0 0 0 1 1 1 1 0
split_gain=14618.1 9051.29 826.569 656.648 302.61 381.164 156.629 150.664 135.925 73.6895 62.1676 56.8929 35.6561 26.8589
threshold=0.87544605135917675 0.21455393731594088 0.10646418482065202 0.35147787630558019 0.97035363316535961 0.28705562651157385 0.50364369153976452 0.61319905519485485 0.7554031014442445 0.27841281890869146 0.50234097242355358 0.15175164490938189 0.94780898094177257 0.65557706356048595
decision_type=2 2 2 2 2 2 2 2 2 2 2 2 2 2
left_child=1 2 -1 7 5 -2 11 9 10 -3 13 -4 -6 -5
right_child=4 3 6 8 12 -7 -8 -9 -10 -11 -12 -13 -14 -15
leaf_value=-2.1756642413116327 -2.2180170636399414 -2.0840551571001495 -2.1372793108727719 -2.0221988235080937 -2.2337000590329255 -2.1756642413116327 -2.1547084548657947 -2.1107664459234501 -2.0518810315758707 -2.0561337309417111 -2.0015938973613547 -2.1133816902868716 -2.2180170636399414 -2.0354337432137766
leaf_weight=2425.1265821456909 666.64497852325439 480.16702699661255 464.82506036758423 752.48693466186523 5820.8151960372925 304.37365937232971 191.22665548324585 136.15995383262634 206.93390703201294 465.28166651725769 357.88790011405945 536.51222586631775 100.81863784790039 69.130171060562134
leaf_count=26556 7300 5258 5090 8240 63740 3333 2094 1491 2266 5095 3919 5875 1104 757
internal_value=-2.17897 -2.1225 -2.17286 -2.04867 -2.22883 -2.20296 -2.13375 -2.07787 -2.02589 -2.07031 -2.01899 -2.12448 -2.23307 -2.02656
internal_weight=12978.4 6085.74 3617.69 2468.05 6892.65 971.019 1192.56 1081.61 1386.44 945.449 1179.51 1001.34 5921.63 821.617
internal_count=142118 66641 39615 27026 75477 10633 13059 11844 15182 10353 12916 10965 64844 8997
is_linear=0
shrinkage=1


Tree=1
num_leaves=15
num_cat=0
split_feature=0 1 1 1 0 1 0 0 0 1 1 1 1 1
split_gain=12947.4 7094.82 580.102 558.993 303.952 352.357 149.411 129.071 95.8837 88.9298 41.1231 36.2197 35.8938 16.69
threshold=0.87544605135917675 0.19559581577777865 0.098321314901113524 0.35147787630558019 0.97035363316535961 0.28705562651157385 0.61319905519485485 0.48843769729137426 0.7554031014442445 0.24947264790534976 0.47981558740139013 0.94780898094177257 0.12918587774038318 0.61620560288429271
decision_type=2 2 2 2 2 2 2 2 2 2 2 2 2 2
left_child=1 2 -1 6 5 -2 9 12 10 -3 -5 -6 -4 -10
right_child=4 3 7 8 11 -7 -8 -9 13 -11 -12 -13 -14 -15
leaf_value=0.00049568736271682898 -0.038464035913433073 0.073765577012746733 0.031840179286209802 0.12633571530146989 -0.05438725331080993 0.00049568736271682898 0.054841370493804879 0.018182265486683353 0.10611600739607013 0.10167789425141927 0.14431927990860002 -0.038464035913433073 0.05184921303263558 0.11971324620200362
leaf_weight=2314.3200553059578 646.13686352968216 467.22366090863943 348.4432869553566 819.63402461260557 5570.9617540240288 305.17600665986538 165.02055185288191 189.13144886493683 128.84648606926203 733.12464983016253 519.29013273864985 97.71713662147522 628.25255481898785 99.787920691072941
leaf_count=25276 7300 4791 3724 7946 63740 3333 1720 2033 1277 7338 4970 1104 6577 989
internal_value=-0.000295616 0.0503375 0.00205834 0.107624 -0.0493461 -0.023193 0.0842355 0.0358688 0.127997 0.0908133 0.13331 -0.0537351 0.0447108 0.106116
internal_weight=13033.1 6413.07 3480.15 2932.93 6619.99 951.313 1365.37 1165.83 1567.56 1200.35 1338.92 5668.68 976.696 228.634
internal_count=142118 66641 37610 29031 75477 10633 13849 12334 15182 12129 12916 64844 10301 2266
is_linear=0
shrinkage=0.05


Tree=2
num_leaves=15
num_cat=0
split_feature=0 1 1 1 0 1 0 0 0 1 1 1 1 1
split_gain=11557.5 5710.82 564.061 407.139 305.721 326.54 124.231 107.804 74.259 62.6929 39.2609 37.0431 36.8252 19.9242
threshold=0.87544605135917675 0.19559581577777865 0.09216176345944406 0.30859386920928961 0.97035363316535961 0.28261865675449377 0.51132199168205272 0.55109152197837841 0.7554031014442445 0.40275527536869055 0.24947264790534976 0.12918587774038318 0.94780898094177257 0.61620560288429271
decision_type=2 2 2 2 2 2 2 2 2 2 2 2 2 2
left_child=1 2 -1 7 5 -2 11 10 9 -5 -3 -4 -6 -10
right_child=4 3 6 8 12 -7 -8 -9 13 -11 -12 -13 -14 -15
leaf_value=-0.001789864888494161 -0.037878277874920541 0.066395087089650265 0.028338149678150154 0.099336697334107382 -0.054059983168114258 -0.001789864888494161 0.014897479568662065 0.047532971428054079 0.087813090873274852 0.11816024346081577 0.086967703321690362 0.047034821791196495 -0.037878277874920541 0.099091432114919248
leaf_weight=2221.7117580771446 623.72661025822163 477.56774094700813 441.28993724286556 754.67546490579844 5330.5331775546074 307.956443592906 192.75098512321711 164.70986420661211 162.21767143905163 1068.7919554486871 450.84566117823124 662.86315459012985 94.730248689651489 109.29027741402388
leaf_count=24255 7269 4624 4640 6805 63740 3364 2048 1626 1501 9293 4193 6667 1104 989
internal_value=-0.000530242 0.0452564 0.00133825 0.0937277 -0.0488362 -0.0223765 0.0315848 0.0689916 0.106635 0.11037 0.0763853 0.0395624 -0.0533801 0.0878131
internal_weight=13063.7 6706.71 3518.62 3188.1 6356.95 931.683 1296.9 1093.12 2094.98 1823.47 928.413 1104.15 5425.26 271.508
internal_count=142118 66641 37610 29031 75477 10633 13355 10443 18588 16098 8817 11307 64844 2490
is_linear=0
shrinkage=0.05


Tree=3
num_leaves=15
num_cat=0
split_feature=0 1 1 0 1 1 0 0 1 0 1 0 1 1
split_gain=10377 4704.56 598.897 307.812 302.886 225.947 97.8072 80.6822 72.4523 42.7011 41.7166 41.3499 37.4656 14.3683
threshold=0.87544605135917675 0.15175164490938189 0.27841281890869146 0.97035363316535961 0.28261865675449377 0.083593722432851805 0.51132199168205272 0.32996650040149694 0.40275527536869055 0.64410024881362926 0.21455393731594088 0.65557706356048595 0.94780898094177257 0.64957258105278026
decision_type=2 2 2 2 2 2 2 2 2 2 2 2 2 2
left_child=1 5 6 4 -2 -1 10 -7 9 -4 -3 -10 -5 -13
right_child=3 2 8 12 -6 7 -8 -9 11 -11 -12 13 -14 -15
leaf_value=-0.0036904041815813667 -0.037292103942832347 0.048774221848149231 0.086680827468211832 -0.05374709098250019 -0.0036904041815813667 0.03016868697624463 0.036698776559850856 0.0086057833388805526 0.10566896683902052 0.070978814726188874 0.067791642009278744 0.090617172702944782 -0.037292103942832347 0.098143069770982638
leaf_weight=2084.7308200001717 604.79715744405985 618.35545459389687 1017.9448370635509 5099.3333329260349 307.51783955097198 744.66971603035927 219.86500396579504 211.27579908072948 898.32739136368036 136.5539368391037 540.36152343451977 337.46896780282259 91.855284333229065 162.99628619849682
leaf_count=22792 7269 5904 8590 63740 3364 7622 2158 2207 7187 1222 4858 2764 1104 1337
internal_value=-0.000723565 0.04095 0.077088 -0.0483308 -0.0215462 -0.0036904 0.0505309 0.020902 0.0914267 0.0821558 0.0576429 0.0990786 -0.053038 0.0906172
internal_weight=13076.1 6972.55 3931.87 6103.5 912.315 3040.68 1378.58 955.946 2553.29 1154.5 1158.72 1398.79 5191.19 500.465
internal_count=142118 66641 34020 75477 10633 32621 12920 9829 21100 9812 10762 11288 64844 4101
is_linear=0
shrinkage=0.05


Tree=4
num_leaves=15
num_cat=0
split_feature=0 1 1 1 0 1 0 0 0 1 1 1 1 1
split_gain=9368.77 4066.87 480.709 235.729 218.788 266.469 106.981 89.1871 76.4069 56.3307 34.1559 31.0349 27.5665 18.3406
threshold=0.90053680539131176 0.15175164490938189 0.27841281890869146 0.083593722432851805 0.98079773783683788 0.30407729744911199 0.51132199168205272 0.32996650040149694 0.7554031014442445 0.35614466667175299 0.22768577933311465 0.94780898094177257 0.61620560288429271 0.50234097242355358
decision_type=2 2 2 2 2 2 2 2 2 2 2 2 2 2
left_child=1 3 6 -1 5 -2 10 -5 9 -4 -3 -6 -10 -11
right_child=4 2 8 7 11 -7 -8 -9 12 13 -12 -13 -14 -15
leaf_value=-0.006255321950161952 -0.039909881639541747 0.046016461296915917 0.073276569993507693 0.027978707046360071 -0.05392792831427734 -0.006255321950161952 0.031019259494171655 0.0059287211070020596 0.062742597598059072 0.08529546040926371 0.062742597598059072 -0.039909881639541747 0.073276569993507693 0.096526733738007464
leaf_weight=2125.1727939099073 647.02733260393143 768.43976701796055 728.13734347373247 762.33456294238567 4707.7446512877941 275.47948002815247 246.21893056482077 232.47762126475573 238.13122023642063 1139.3367014527321 441.22893410921097 87.313944429159164 143.844601765275 533.79227638244629
leaf_count=23369 8090 7005 5898 7622 61526 3099 2407 2452 2064 8643 3757 1082 1185 3919
internal_value=-0.000900214 0.0364038 0.0682938 -0.00625532 -0.0489144 -0.0266153 0.0450138 0.0181128 0.0804714 0.0838105 0.0523922 -0.0532045 0.0627426 0.0888787
internal_weight=13076.7 7359.11 4239.13 3119.98 5717.57 922.507 1455.89 994.812 2783.24 2401.27 1209.67 4795.06 381.976 1673.13
internal_count=142118 68321 34878 33443 73797 11189 13169 10074 21709 18460 10762 62608 3249 12562
is_linear=0
shrinkage=0.05


Tree=5
num_leaves=15
num_cat=0
split_feature=0 1 1 1 0 1 0 0 0 1 1 1 1 1
split_gain=8498.68 3463.13 385.384 238.092 221.56 250.632 100.159 83.9515 63.0713 44.4589 31.7212 28.5872 23.8361 13.9886
threshold=0.90053680539131176 0.15175164490938189 0.27841281890869146 0.082237910479307189 0.98079773783683788 0.30407729744911199 0.58589693903923046 0.32996650040149694 0.7554031014442445 0.35614466667175299 0.94780898094177257 0.22768577933311465 0.61620560288429271 0.50234097242355358
decision_type=2 2 2 2 2 2 2 2 2 2 2 2 2 2
left_child=1 3 6 -1 5 -2 11 -5 9 -4 -6 -3 -10 -11
right_child=4 2 8 7 10 -7 -8 -9 12 13 -12 -13 -14 -15
leaf_value=-0.0075939549101663728 -0.039337629523353436 0.041787113365734728 0.065823715973491709 0.025616966805229336 -0.05365988403241273 -0.0075939549101663728 0.027262430963234593 0.0044013499787705444 0.056583474310206973 0.076371846450890277 -0.039337629523353436 0.056583474310206973 0.065823715973491709 0.085881795079631063
leaf_weight=2091.4002707675099 626.00395551323891 825.94489234685898 766.56894934177399 797.38588166981936 4499.9499268829823 274.10018748044968 193.36557290703058 238.33169572800398 249.16138555109501 1206.9578934758902 84.482123047113419 489.636972181499 151.45152765512466 568.97263173758984
leaf_count=23113 8090 7296 5898 7825 61526 3099 1876 2505 2064 8643 1082 3997 1185 3919
internal_value=-0.0010429 0.0332632 0.0615892 -0.00706431 -0.0484511 -0.0257712 0.0410443 0.0163967 0.0721226 0.075064 -0.0529041 0.0474662 0.0565835 0.0794186
internal_weight=13063.7 7579.18 4452.06 3127.12 5484.54 900.104 1508.95 1035.72 2943.11 2542.5 4584.43 1315.58 400.613 1775.93
internal_count=142118 68321 34878 33443 73797 11189 13169 10330 21709 18460 62608 11293 3249 12562
is_linear=0
shrinkage=0.05


Tree=6
num_leaves=15
num_cat=0
split_feature=0 1 1 0 1 1 0 0 0 1 1 1 1 0
split_gain=7737.36 3018.35 379.955 201.081 220.69 166.216 109.609 72.0378 56.6321 40.1641 31.6116 31.4505 16.8826 15.116
threshold=0.90756326913833629 0.13786446303129199 0.27841281890869146 0.98079773783683788 0.30859386920928961 0.07719269767403604 0.58589693903923046 0.35221679508686071 0.79787364602088939 0.35614466667175299 0.94780898094177257 0.19559581577777865 0.50234097242355358 0.65557706356048595
decision_type=2 2 2 2 2 2 2 2 2 2 2 2 2 2
left_child=1 5 6 4 -2 -1 11 -7 9 -4 -5 -3 13 -11
right_child=3 2 8 10 -6 7 -8 -9 -10 12 -12 -13 -14 -15
leaf_value=-0.0090229422720567529 -0.039216301080055666 0.034092808049305846 0.058951343025537478 -0.053404010199998443 -0.0090229422720567529 0.020938588625712518 0.022747524528319581 0.0014167118190434357 0.050485034053544375 0.071576985920174599 -0.039216301080055666 0.048556224914529968 0.077753104156211159 0.06512752990507864
leaf_weight=2005.6342078596354 579.6726817637682 667.93077437579632 819.0293732881546 4300.4757011383772 253.59310485422611 745.62793376296759 230.04506650567055 209.23572476953268 320.19554005563259 1161.6455976366997 81.760897770524025 859.54293540120125 669.36545683443546 135.75861784815788
leaf_count=22334 7740 5922 6037 61526 2889 7340 2239 2236 2589 7904 1082 6914 4414 952
internal_value=-0.00115909 0.0302872 0.054518 -0.0483331 -0.0258185 -0.00902294 0.0359395 0.0118564 0.0650306 0.0674177 -0.0526141 0.0422317 0.0713037 0.0679763
internal_weight=13039.5 7824.01 4863.51 5215.5 833.266 2960.5 1757.52 954.864 3105.99 2785.8 4382.24 1527.47 1966.77 1297.4
internal_count=142118 68881 36971 73237 10629 31910 15075 9576 21896 19307 62608 12836 13270 8856
is_linear=0
shrinkage=0.05


Tree=7
num_leaves=15
num_cat=0
split_feature=0 1 1 0 1 1 0 0 0 1 1 1 1 1
split_gain=7058.93 2618.25 349.805 204.034 208.08 127.185 86.9826 58.0697 56.3458 45.2801 32.3499 25.6049 16.1129 9.37058
threshold=0.90756326913833629 0.12918587774038318 0.24947264790534976 0.98079773783683788 0.26577670872211462 0.07719269767403604 0.51132199168205272 0.7554031014442445 0.35221679508686071 0.35614466667175299 0.94780898094177257 0.61620560288429271 0.19559581577777865 0.47981558740139013
decision_type=2 2 2 2 2 2 2 2 2 2 2 2 2 2
left_child=1 5 6 4 -2 -1 12 9 -7 -4 -5 -9 -3 -11
right_child=3 2 7 10 -6 8 -8 11 -10 13 -12 -13 -14 -15
leaf_value=-0.010029131404877299 -0.038645362920638741 0.031571302197132806 0.052297702583529775 -0.053159372270108841 -0.010029131404877299 0.017971229190362051 0.019477183690896866 0.043587367089347538 -0.0002902814173598223 0.061935699070972475 -0.038645362920638741 0.051876891737424262 0.042674384733028654 0.068981605448632966
leaf_weight=1991.1881048977375 533.24005851149559 767.58367040008307 1151.140604108572 4109.0895630121231 279.41342131048441 662.0705092176795 259.0442718565464 301.36625826358795 180.61480443179607 1162.8181592673063 79.116893872618675 170.3549656867981 568.96406055986881 794.1567530632019
leaf_count=22334 7382 6667 8297 61526 3247 6473 2483 2385 1938 7592 1082 1245 4497 4970
internal_value=-0.00127546 0.0278266 0.0489835 -0.0478848 -0.0249572 -0.0100291 0.0295128 0.0576619 0.00944857 0.0601664 -0.0523336 0.0435874 0.0362978 0.064795
internal_weight=13010.2 8009.3 5175.43 5000.86 812.653 2833.87 1595.59 3579.84 842.685 3108.12 4188.21 471.721 1336.55 1956.97
internal_count=142118 68881 38136 73237 10629 30745 13647 24489 8411 20859 62608 3630 11164 12562
is_linear=0
shrinkage=0.05


Tree=8
num_leaves=15
num_cat=0
split_feature=0 1 1 0 1 1 0 0 0 1 1 1 1 0
split_gain=6463.14 2287.21 298.392 206.835 196.512 129.887 107.449 54.0269 42.0236 33.0868 27.6905 24.6745 9.89551 15.1058
threshold=0.90756326913833629 0.12918587774038318 0.27841281890869146 0.98079773783683788 0.26577670872211462 0.07719269767403604 0.58589693903923046 0.35221679508686071 0.79787364602088939 0.94780898094177257 0.40275527536869055 0.19559581577777865 0.64957258105278026 0.65557706356048595
decision_type=2 2 2 2 2 2 2 2 2 2 2 2 2 2
left_child=1 5 6 4 -2 -1 11 -7 10 -5 -4 -3 13 -12
right_child=3 2 8 9 -6 7 -8 -9 -10 -11 12 -13 -14 -15
leaf_value=-0.01088024892722393 -0.038087719813499038 0.028987424753131315 0.050804677441752912 -0.05292506973555286 -0.01088024892722393 0.01683310864129724 0.017105111294568379 -0.001116588083467572 0.041752832960536133 -0.038087719813499038 0.062620645112622456 0.040955911506929503 0.073978870712610723 0.055602807632973074
leaf_weight=1975.2193273901939 516.09003309905529 811.58232375234365 1405.9741831123829 3925.5540590137243 277.1543642655015 671.24805004149675 254.87721025943756 180.57334264367819 342.35890760272741 76.57818965613842 1174.7876548022032 917.44172247499228 123.89613071084023 316.8241640329361
leaf_count=22334 7382 6915 9384 61526 3247 6473 2411 1938 2589 1082 7186 6914 765 1972
internal_value=-0.00135492 0.025678 0.0449073 -0.0474384 -0.0241139 -0.0106971 0.029528 0.00864707 0.0539776 -0.0520615 0.0559355 0.0353381 0.0604009 0.0592731
internal_weight=12970.2 8174.78 5347.74 4795.38 793.244 2827.04 1983.9 851.821 3363.84 4002.13 3021.48 1729.02 1615.51 1491.61
internal_count=142118 68881 38136 73237 10629 30745 16240 8411 21896 62608 19307 13829 9923 9158
is_linear=0
shrinkage=0.05


Tree=9
num_leaves=15
num_cat=0
split_feature=0 1 1 1 0 0 1 0 1 0 1 1 1 1
split_gain=5949.27 2114.39 279.552 133.082 122.947 111.22 119.397 63.4425 40.9471 69.7428 29.2427 20.8195 20.0461 7.3178
threshold=0.93372526764869701 0.12918587774038318 0.27841281890869146 0.07719269767403604 0.58589693903923046 0.98079773783683788 0.30407729744911199 0.35221679508686071 0.75313511490821849 0.7554031014442445 0.94780898094177257 0.19559581577777865 0.35147787630558019 0.50234097242355358
decision_type=2 2 2 2 2 2 2 2 2 2 2 2 2 2
left_child=1 3 4 -1 11 6 -2 -5 9 12 -7 -3 -4 -14
right_child=5 2 8 7 -6 10 -8 -9 -10 -11 -12 -13 13 -15
leaf_value=-0.012920958814704016 -0.039909821853005956 0.026950818918531384 0.044997478450394757 0.014541840996173255 0.014541840996173255 -0.052700289538433379 -0.012920958814704016 -0.0031577243432370293 0.084169619910311938 0.037722148257026557 -0.039909821853005956 0.037722148257026557 0.052148165877011876 0.058414925761773366
leaf_weight=2025.9059423059225 391.05725280940533 828.8037648871541 835.43236950039864 679.91837879270315 294.35449746251106 3749.6278392150998 173.50643695890903 203.91686777025461 82.16276778280735 480.7969604358077 74.14048832654953 943.30457392334938 1482.6358902454376 679.25719678401947
leaf_count=23325 5779 6915 5544 6473 2937 61526 2050 2281 630 3747 1082 6914 8997 3918
internal_value=-0.00142553 0.0228965 0.0407911 -0.0117074 0.0261625 -0.0487384 -0.0280226 0.00660551 0.0492818 0.0484576 -0.051797 0.032733 0.0515753 0.0541172
internal_weight=12924.8 8536.49 5626.75 2909.74 2066.46 4388.33 564.564 883.835 3560.29 3478.12 3823.77 1772.11 2997.33 2161.89
internal_count=142118 71681 39602 32079 16766 70437 7829 8754 22836 22206 62608 13829 18459 12915
is_linear=0
shrinkage=0.05


Tree=10
num_leaves=15
num_cat=0
split_feature=0 1 1 1 1 0 0 0 0 1 1 0 1 1
split_gain=5480.53 1858.26 243.274 131.82 114.061 125.449 88.2533 60.5536 46.5152 27.2711 26.2594 15.7428 10.1273 9.09592
threshold=0.93372526764869701 0.12918587774038318 0.24947264790534976 0.07719269767403604 0.42631649971008306 0.996303290128708 0.51132199168205272 0.35221679508686071 0.7554031014442445 0.61620560288429271 0.35147787630558019 0.98079773783683788 0.12697615474462512 0.19559581577777865
decision_type=2 2 2 2 2 2 2 2 2 2 2 2 2 2
left_child=1 3 6 -1 11 -6 13 -5 10 -10 -4 12 -2 -3
right_child=4 2 8 7 5 -7 -8 -9 9 -11 -12 -13 -14 -15
leaf_value=-0.013568814524956764 -0.047861401692237265 0.0253932489606036 0.040652337145461896 0.013062375332911186 -0.013568814524956764 -0.040155109991410122 0.013062375332911186 -0.0037686815483522016 0.033145795281294022 0.039873390632106161 0.049815137608728709 -0.052991509358371928 -0.040155109991410122 0.033145795281294022
leaf_weight=2004.8563435524702 279.25550302118063 817.77263778448105 1204.4186019003391 687.46563722193241 198.37411426380277 420.53898691385984 302.38693242520094 203.4034064784646 388.04260047525167 217.97720154374838 2229.0993550121784 3159.3789512477815 144.78362942487001 618.41063949465752
leaf_count=23325 4289 6667 7943 6473 2729 7096 2940 2281 3074 1565 12916 54281 2042 4497
internal_value=-0.00148899 0.0212163 0.0375997 -0.011475 -0.048354 -0.0285328 0.0219612 0.00603145 0.0443304 0.0331458 0.046601 -0.0517774 -0.0427313 0.0288576
internal_weight=12876.2 8673.83 5778.11 2895.73 4202.33 618.913 1738.57 890.869 4039.54 606.02 3433.52 3583.42 424.039 1436.18
internal_count=142118 71681 39602 32079 70437 9825 14104 8754 25498 4639 20859 60612 6331 11164
is_linear=0
shrinkage=0.05


Tree=11
num_leaves=15
num_cat=0
split_feature=0 1 1 1 0 1 0 0 0 1 1 1 1 0
split_gain=5062.19 1638.89 212.46 128.832 116.733 107.534 82.2531 57.7646 41.3182 30.9658 25.0796 22.5705 7.79669 7.24242
threshold=0.93372526764869701 0.12918587774038318 0.24947264790534976 0.07719269767403604 0.98079773783683788 0.30407729744911199 0.51132199168205272 0.35221679508686071 0.7554031014442445 0.94780898094177257 0.61620560288429271 0.35614466667175299 0.19559581577777865 0.65557706356048595
decision_type=2 2 2 2 2 2 2 2 2 2 2 2 2 2
left_child=1 3 6 -1 5 -2 12 -5 11 -6 -10 -4 -3 -13
right_child=4 2 8 7 9 -7 -8 -9 10 -11 -12 13 -14 -15
leaf_value=-0.014124700200320202 -0.038724442627077867 0.02368115603228272 0.037828953799164372 0.011784078802702665 -0.05228215636869913 -0.014124700200320202 0.011784078802702665 -0.0042976734567530079 0.030624652876633005 -0.038724442627077867 0.036852999222728472 0.047556360363253461 0.030624652876633005 0.041978621494244445
leaf_weight=1982.9253867641091 363.27006306126714 832.65260963141918 1294.4382912516594 694.28984643518925 3424.1247143447399 168.82094825059175 305.38913556188345 202.79181418567896 396.88191228359938 69.435146868228912 223.58320805430412 1817.028389275074 632.21153520047665 414.35422691702843
leaf_count=23325 5779 6667 8297 6473 61526 2050 2940 2281 3074 1082 1565 10253 4497 2309
internal_value=-0.00153099 0.019722 0.0347795 -0.0112113 -0.0479714 -0.0261547 0.0202788 0.00552935 0.0409705 -0.0512942 0.0306247 0.0430813 0.0268699 0.0461283
internal_weight=12822.2 8796.55 5916.54 2880.01 4025.65 532.091 1770.25 897.082 4146.29 3493.56 620.465 3525.82 1464.86 2231.38
internal_count=142118 71681 39602 32079 70437 7829 14104 8754 25498 62608 4639 20859 11164 12562
is_linear=0
shrinkage=0.05


Tree=12
num_leaves=15
num_cat=0
split_feature=0 1 1 0 1 1 0 0 1 0 1 0 0 1
split_gain=4682.68 1482.61 200.949 121.098 102.424 98.841 93.7584 69.5679 45.1601 74.6955 25.7181 17.6875 16.2912 9.96101
threshold=0.94184920191764843 0.12497270479798318 0.23137938976287845 0.35221679508686071 0.05659505911171437 0.50234097242355358 0.99735042452812206 0.58589693903923046 0.47263513505458837 0.65557706356048595 0.75313511490821849 0.54329654574394237 0.98079773783683788 0.30859386920928961
decision_type=2 2 2 2 2 2 2 2 2 2 2 2 2 2
left_child=1 3 7 4 -1 12 -7 -3 9 13 11 -10 -2 -4
right_child=5 2 8 -5 -6 6 -8 -9 10 -11 -12 -13 -14 -15
leaf_value=-0.0088120721733632983 -0.041218423019300891 0.02337674572565962 0.033851833167098437 -0.01509434041334424 0.009694939104818702 -0.01509434041334424 -0.038997934117348476 0.0099960050365209691 0.056252299399867173 0.026998514895561689 0.069602272903178317 0.040660056512931149 -0.052521782002858668 0.03935392152224669
leaf_weight=1114.7485460937023 357.32948296144605 1383.0533933192492 940.83666511625051 726.30554787069559 990.14672978967428 154.15489542484283 311.24763892218471 237.0863116979599 162.88285620510578 450.04206138849258 96.960551366209984 1128.6945508942008 2954.0766442455351 1755.1465603113174
leaf_count=13082 5687 10618 6097 8912 10018 2297 5663 2421 882 3384 698 6616 55670 10073
internal_value=-0.00155385 0.018081 0.0318557 -0.0118637 -0.0025298 -0.0482697 -0.0266938 0.016741 0.037256 0.0339411 0.0447668 0.0429023 -0.0513021 0.0382017
internal_weight=12762.7 8985.9 6154.7 2831.2 2104.9 3776.81 465.403 1620.14 4534.56 3146.03 1388.54 1291.58 3311.41 2695.98
internal_count=142118 72801 40789 32012 23100 69317 7960 13039 27750 19554 8196 7498 61357 16170
is_linear=0
shrinkage=0.05


Tree=13
num_leaves=15
num_cat=0
split_feature=0 1 1 0 1 1 0 0 0 1 1 0 1 1
split_gain=4328.84 1325.05 182.008 122.53 100.794 93.6034 91.1344 68.7524 44.2261 23.4444 23.1654 15.539 9.21556 6.0871
threshold=0.94184920191764843 0.12285117805004121 0.23137938976287845 0.35221679508686071 0.48715169727802282 0.05659505911171437 0.99735042452812206 0.51132199168205272 0.7554031014442445 0.35147787630558019 0.61620560288429271 0.98079773783683788 0.12697615474462512 0.50234097242355358
decision_type=2 2 2 2 2 2 2 2 2 2 2 2 2 2
left_child=1 3 7 5 11 -1 -6 -3 9 -4 -10 12 -2 -11
right_child=4 2 8 -5 6 -7 -8 -9 10 13 -12 -13 -14 -15
leaf_value=-0.0091590809449272979 -0.04671465022419509 0.022056918439487126 0.031815531607735301 -0.015580567593619905 -0.015580567593619905 0.0087598773648354927 -0.038721439558654973 0.0087598773648354927 0.024932490115681563 0.038033113824543628 0.03079095429322766 -0.052362778050845271 -0.038721439558654973 0.043463737446480077
leaf_weight=1106.7943371236324 218.03891750052571 1378.8824720159173 1530.7417315617204 708.84730878099799 158.4775234349072 976.49375937134027 311.18572000041604 295.09611884132028 458.40172213315964 1645.0295450091362 247.73681192845106 2805.6526732295752 123.45008154585958 751.83046565949917
leaf_count=13082 3751 10408 9566 8814 2396 9833 5868 2914 3574 8997 1694 55408 1894 3919
internal_value=-0.00163996 0.0167514 0.0294455 -0.0119257 -0.0479126 -0.00273759 -0.0263058 0.0153146 0.0345504 0.0366494 0.0249325 -0.051137 -0.0410665 0.0397366
internal_weight=12716.7 9099.85 6307.72 2792.14 3616.8 2083.29 469.663 1673.98 4633.74 3927.6 706.139 3147.14 341.489 2396.86
internal_count=142118 72801 41072 31729 69317 22915 8264 13322 27750 22482 5268 61053 5645 12916
is_linear=0
shrinkage=0.05


Tree=14
num_leaves=15
num_cat=0
split_feature=0 1 1 1 0 0 0 1 0 1 0 1 1 1
split_gain=4008.52 1191.16 200.042 102.717 90.5018 86.5976 80.1555 60.3555 41.0597 24.4414 16.2026 13.8674 9.29508 9.21309
threshold=0.94184920191764843 0.10646418482065202 0.23137938976287845 0.48715169727802282 0.30755041539669042 0.99735042452812206 0.58589693903923046 0.055797813460230834 0.79787364602088939 0.35614466667175299 0.98079773783683788 0.61620560288429271 0.12697615474462512 0.50234097242355358
decision_type=2 2 2 2 2 2 2 2 2 2 2 2 2 2
left_child=1 4 6 10 7 -5 -3 -1 9 -4 12 -10 -2 -11
right_child=3 2 8 5 -6 -7 -8 -9 11 13 -12 -13 -14 -15
leaf_value=-0.01030092234066452 -0.046314821834899468 0.019543328357488884 0.029216223085506938 -0.015996405975782287 -0.015996405975782287 -0.038189131020602465 0.00636993686905189 0.0062087941421103028 0.022671145295699788 0.034869972308044971 -0.052196357362892465 0.028304428969413077 -0.038189131020602465 0.041268288850537217
leaf_weight=1062.462190836668 209.27059407159686 1682.6169096007943 1651.4504248350859 156.3883164934814 673.52648019045591 300.65271211788058 287.82460974156857 771.88101279735565 373.89503443986177 1649.2115517556667 2677.1141132451594 194.68318292498589 119.41166528686881 853.93185338377953
leaf_count=12652 3751 12890 10116 2396 8506 5868 2985 8018 2994 8856 55408 1370 1894 4414
internal_value=-0.0016974 0.0155593 0.0265709 -0.0475521 -0.013831 -0.0254682 0.0131884 -0.00460544 0.0321539 0.0339377 -0.0509101 0.0226711 -0.0404333 0.0370527
internal_weight=12664.3 9201.48 6693.61 3462.84 2507.87 457.041 1970.44 1834.34 4723.17 4154.59 3005.8 568.578 328.682 2503.14
internal_count=142118 72801 43625 69317 29176 8264 15875 20670 27750 23386 61053 4364 5645 13270
is_linear=0
shrinkage=0.05


Tree=15
num_leaves=15
num_cat=0
split_feature=0 1 0 1 0 1 1 1 0 0 0 1 1 1
split_gain=3718.17 1113.74 160.458 142.224 95.613 89.668 88.8716 35.1691 49.2953 28.7003 28.4118 16.3261 13.5542 11.4029
threshold=0.95333009958267223 0.12918587774038318 0.35221679508686071 0.27841281890869146 0.61319905519485485 0.055797813460230834 0.7796093523502351 0.75313511490821849 0.65557706356048595 0.99884316325187694 0.98079773783683788 0.518865466117859 0.15915804356336596 0.40275527536869055
decision_type=2 2 2 2 2 2 2 2 2 2 2 2 2 2
left_child=1 2 5 4 -3 -1 10 8 13 -8 12 -10 -2 -5
right_child=6 3 -4 7 -6 -7 9 -9 11 -11 -12 -13 -14 -15
leaf_value=-0.0094943168410838233 -0.043355423780453956 0.021448932221224196 -0.017033526730579285 0.030932193110988479 0.0070735160808937103 0.0070735160808937103 -0.017033526730579285 0.058887241308900176 0.023483384352838893 -0.033630294795942171 -0.051760796872394016 0.028690933999629267 -0.033630294795942171 0.03716289628332678
leaf_weight=1073.8786085397005 166.62431988120079 2004.1440478488803 764.22222708538175 1542.4293087869883 317.23434894531965 1079.5957193076611 65.081672731786966 111.67574862390757 529.51903213560581 114.90426952019334 2754.8726333528757 574.29956413805485 109.95082493126392 1401.5671329349279
leaf_count=12897 3125 14038 9962 8662 3212 10646 1109 779 3636 2252 59494 3460 1659 7187
internal_value=-0.00174533 0.0141254 -0.0115271 0.0256741 0.0157592 -0.00195511 -0.0481924 0.0312075 0.0304439 -0.0170335 -0.0502271 0.0234834 -0.0349501 0.0338985
internal_weight=12610 9398.57 2917.7 6480.87 2321.38 2153.47 3211.43 4159.49 4047.82 179.986 3031.45 1103.82 276.575 2944
internal_count=142118 74479 33505 40974 17250 23543 67639 23724 22945 3361 64278 7096 4784 15849
is_linear=0
shrinkage=0.05


Tree=16
num_leaves=15
num_cat=0
split_feature=0 1 1 1 0 0 1 0 0 0 1 0 1 1
split_gain=3451.45 1005.71 185.198 89.8136 89.6326 89.1058 38.9195 38.2487 29.4361 25.8174 19.1198 17.8967 14.7545 12.4527
threshold=0.95333009958267223 0.098321314901113524 0.23137938976287845 0.7796093523502351 0.54329654574394237 0.30755041539669042 0.055797813460230834 0.79787364602088939 0.98079773783683788 0.99884316325187694 0.50234097242355358 0.65557706356048595 0.61620560288429271 0.12697615474462512
decision_type=2 2 2 2 2 2 2 2 2 2 2 2 2 2
left_child=1 5 4 8 -3 6 -1 10 13 -5 11 -4 -9 -2
right_child=3 2 7 9 -6 -7 -8 12 -10 -11 -12 -13 -14 -15
leaf_value=-0.011508427301549273 -0.04288348267308658 0.017038796631390182 0.029688629222177073 -0.017373007020113497 0.003743998355485566 -0.017373007020113497 0.003743998355485566 0.019154787496624887 -0.051593396497399358 -0.033679697021935115 0.036199496613291464 0.024400011090014967 0.024400011090014967 -0.033679697021935115
leaf_weight=1045.4263831973076 147.07165218889713 1815.9978878945112 3133.9707931876183 64.123311657458544 366.70444435998797 663.14057833328843 667.58998667448759 413.55746981501579 2628.8043254986405 111.5038941539824 883.72625471651554 276.86806903779507 218.23036419600248 120.08587840944529
leaf_count=12652 2872 13713 17349 1109 3920 8875 7022 3366 59494 2252 4414 1623 1545 1912
internal_value=-0.00179903 0.0131182 0.0225309 -0.0478643 0.0104069 -0.0150429 -0.00564385 0.0279027 -0.0499864 -0.017373 0.0296452 0.0279471 0.0191548 -0.0341736
internal_weight=12556.8 9485.21 7109.06 3071.59 2182.7 2376.16 1713.02 4926.35 2895.96 175.627 4294.57 3410.84 631.788 267.158
internal_count=142118 74479 45930 67639 17633 28549 19674 28297 64278 3361 23386 18972 4911 4784
is_linear=0
shrinkage=0.05


Tree=17
num_leaves=15
num_cat=0
split_feature=0 1 1 0 1 0 1 0 0 0 1 1 1 0
split_gain=3206.07 906.542 149.251 116.739 90.6088 74.2426 47.2739 34.6986 30.464 22.8993 20.734 15.4318 11.4509 4.89658
threshold=0.95333009958267223 0.10646418482065202 0.23137938976287845 0.30755041539669042 0.7796093523502351 0.58589693903923046 0.055797813460230834 0.7554031014442445 0.98079773783683788 0.99884316325187694 0.61620560288429271 0.35147787630558019 0.12697615474462512 0.65557706356048595
decision_type=2 2 2 2 2 2 2 2 2 2 2 2 2 2
left_child=1 3 5 6 8 -3 -1 11 12 -6 -9 -4 -2 -13
right_child=4 2 7 -5 9 -7 -8 10 -10 -11 -12 13 -14 -15
leaf_value=-0.010910700170655674 -0.042570956959620189 0.016148198555757654 0.02407143638425531 -0.017674525282847665 -0.017674525282847665 0.0038657614941554315 0.0038657614941554315 0.018021442889900565 -0.051430986395875511 -0.033710927523364867 0.0229422482652651 0.031374561412363416 -0.033710927523364867 0.027177815239755099
leaf_weight=1035.617099493742 141.54123242199421 1746.0287014096975 1637.7476620823145 689.75324622914195 63.158145051449537 308.94579601660371 783.29888951033354 515.92082256823778 2508.2937640547752 108.18717443197966 282.68860405683517 2100.2260746955872 116.64613362401724 464.56205449998379
leaf_count=12652 2872 12890 9566 9310 1109 3312 8018 3946 59494 2252 1869 10589 1912 2327
internal_value=-0.00184784 0.0121845 0.0213629 -0.0136314 -0.0475336 0.0100186 -0.00414688 0.0260243 -0.0497473 -0.0176745 0.0180214 0.0278631 -0.0337109 0.0302842
internal_weight=12502.6 9564.79 7056.12 2508.67 2937.83 2054.97 1818.92 5001.15 2766.48 171.345 798.609 4202.54 258.187 2564.79
internal_count=142118 74479 44499 29980 67639 16202 20670 28297 64278 3361 5815 22482 4784 12916
is_linear=0
shrinkage=0.05


Tree=18
num_leaves=15
num_cat=0
split_feature=0 1 1 0 1 0 1 0 0 1 0 1 1 1
split_gain=2982.84 819.84 152.275 97.0506 91.2878 79.1547 33.8034 67.8085 31.424 28.1707 19.9887 14.9608 10.6081 6.99215
threshold=0.95333009958267223 0.096701957285404219 0.22768577933311465 0.26392500102519995 0.7796093523502351 0.54329654574394237 0.66777718067169201 0.65557706356048595 0.98079773783683788 0.055797813460230834 0.99884316325187694 0.40275527536869055 0.12697615474462512 0.75313511490821849
decision_type=2 2 2 2 2 2 2 2 2 2 2 2 2 2
left_child=1 3 5 9 8 -3 7 11 12 -1 -6 -4 -2 -8
right_child=4 2 6 -5 10 -7 13 -9 -10 -11 -12 -13 -14 -15
leaf_value=-0.010332756325026268 -0.042495028331509192 0.014806623406572003 0.024154433126782584 -0.017924978739673914 -0.017924978739673914 0.002474992382106668 0.034373709958842168 0.016409075816208388 -0.051273079902242238 0.002474992382106668 -0.033716976760776139 0.030617428489167011 -0.033716976760776139 0.050053198640705301
leaf_weight=1008.8589010238647 136.23237612843513 1834.2272940427065 2300.4932018145919 672.95197859033942 62.18887934461236 365.48407525569201 176.64501295238733 1059.6261459439993 2393.1262068152428 631.55642423033714 104.95466582104564 1466.0458026528358 113.28577983379364 119.00407104939222
leaf_count=12436 2872 13647 12817 9196 1109 3905 1019 6857 59494 6636 2252 7187 1912 779
internal_value=-0.00186991 0.0113493 0.0195478 -0.0145978 -0.0471993 0.00854478 0.0242734 0.023268 -0.049509 -0.00513761 -0.017925 0.02667 -0.033717 0.040685
internal_weight=12444.7 9634.89 7321.53 2313.37 2809.79 2199.71 5121.81 4826.17 2642.64 1640.42 167.144 3766.54 249.518 295.649
internal_count=142118 74479 46211 28268 67639 17552 28659 26861 64278 19072 3361 20004 4784 1798
is_linear=0
shrinkage=0.05


Tree=19
num_leaves=15
num_cat=0
split_feature=0 1 1 0 0 1 1 0 0 1 0 1 1 0
split_gain=2776.52 761.69 148.768 100.882 98.7441 77.3065 33.2784 48.9456 23.3569 21.921 19.5802 9.63991 7.91248 6.90951
threshold=0.96053418517112743 0.09216176345944406 0.24947264790534976 0.51132199168205272 0.26392500102519995 0.7796093523502351 0.75313511490821849 0.7554031014442445 0.98079773783683788 0.055797813460230834 0.99935436248779308 0.47981558740139013 0.15915804356336596 0.65557706356048595
decision_type=2 2 2 2 2 2 2 2 2 2 2 2 2 2
left_child=1 4 3 -3 9 8 7 11 12 -1 -7 13 -2 -4
right_child=5 2 6 -5 -6 10 -8 -9 -10 -11 -12 -13 -14 -15
leaf_value=-0.009902131939564485 -0.042635681965148643 0.014681210302424872 0.024411579245823309 0.0013605660825444872 -0.018574572810728631 -0.018574572810728631 0.048380558006873964 0.015830482138384949 -0.051119199166215573 0.0013605660825444872 -0.034152164764081713 0.029057374766518734 -0.034152164764081713 0.020369550285055243
leaf_weight=1000.3189435899258 112.85178694501519 2180.9707445204258 2830.3749475479126 479.17975792661309 664.78347251191735 68.066705066710711 127.59316834807396 694.37596082687378 2283.092313401401 567.5113383308053 90.391451932489872 1040.2769293785095 71.959954403340816 176.66546492278576
leaf_count=12436 2480 15804 14910 5076 9432 1302 846 5097 59494 6048 2000 4969 1245 979
internal_value=-0.00189555 0.0103822 0.0179875 0.00847874 -0.0152663 -0.0475314 0.0231822 0.0225042 -0.0497298 -0.00542017 -0.0185746 0.0249086 -0.0341522 0.0234734
internal_weight=12388.4 9762.05 7529.44 2660.15 2232.61 2626.36 4869.29 4741.69 2467.9 1567.83 158.458 4047.32 184.812 3007.04
internal_count=142118 75597 47681 20880 27916 66521 26801 25955 63219 18484 3302 20858 3725 15889
is_linear=0
shrinkage=0.05


Tree=20
num_leaves=15
num_cat=0
split_feature=0 1 0 1 1 0 1 1 0 0 1 1 1 0
split_gain=2587.95 722.343 240.102 75.2394 69.1303 77.0919 65.4868 53.062 29.1984 18.3388 7.57562 6.69551 5.26816 6.52202
threshold=0.97035363316535961 0.15175164490938189 0.42763166129589086 0.05659505911171437 0.30859386920928961 0.55109152197837841 0.94780898094177257 0.7796093523502351 0.65557706356048595 0.98430839180946361 0.518865466117859 0.15915804356336596 0.46491803228855139 0.54329654574394237
decision_type=2 2 2 2 2 2 2 2 2 2 2 2 2 2
left_child=1 2 3 -1 5 -3 9 8 12 11 -10 -2 -6 -14
right_child=6 4 -4 -5 7 -7 -8 -9 10 -11 -12 -13 13 -15
leaf_value=-0.0098278884250780508 -0.042726665277413561 0.017597558260113055 -0.019425006413955056 0.0047269811563974314 0.023748835743507082 0.0047269811563974314 -0.019425006413955056 0.05971763780835191 0.017823919438292708 -0.050869987789744525 0.021496344535844304 -0.034583342765082591 0.035824674026305132 0.026151031495487531
leaf_weight=1070.7696352750063 90.177238401025534 2107.146746776998 824.83076955378056 1440.5420696958899 1930.6021559387445 439.59172215312719 55.401488326489925 96.490792863070965 517.9273976162076 2224.4001329354942 673.05934238433838 53.76321903988719 224.1844781935215 585.79092752933502
leaf_count=13433 2225 13136 11815 13129 9777 4042 1104 692 3456 60417 3970 1098 1068 2756
internal_value=-0.00193166 0.00939417 -0.00955557 -0.00023077 0.0190095 0.0125616 -0.0482442 0.0230862 0.0221872 -0.0497417 0.0178239 -0.0345833 0.0251688 0.0285532
internal_weight=12334.7 9910.94 3336.14 2511.31 6574.79 2546.74 2423.74 4028.06 3931.56 2368.34 1190.99 143.94 2740.58 809.975
internal_count=142118 77274 38377 26562 38897 17178 64844 21719 21027 63740 7426 3323 13601 3824
is_linear=0
shrinkage=0.05


Tree=21
num_leaves=15
num_cat=0
split_feature=0 1 1 0 0 1 1 0 0 1 1 1 1 0
split_gain=2417.52 657.207 133.726 107.263 84.8292 64.9891 49.4589 50.5533 18.7714 15.463 11.3005 6.06895 4.28495 5.48461
threshold=0.97035363316535961 0.086329650133848204 0.22768577933311465 0.26392500102519995 0.58589693903923046 0.94780898094177257 0.7796093523502351 0.7554031014442445 0.98430839180946361 0.051333870738744743 0.35147787630558019 0.15915804356336596 0.64957258105278026 0.65557706356048595
decision_type=2 2 2 2 2 2 2 2 2 2 2 2 2 2
left_child=1 3 4 9 -3 8 7 10 11 -1 -4 -2 13 -12
right_child=5 2 6 -5 -6 -7 -8 -9 -10 -11 12 -13 -14 -15
leaf_value=-0.0095234814742754127 -0.042645101693394444 0.011813963058991371 0.018474948571810798 -0.019611328380700524 -0.00022741282219312792 -0.019611328380700524 0.054717300755282097 0.01284596810392135 -0.050716948237495223 -0.00022741282219312792 0.024471679039208872 -0.034573255149293658 0.03345004454761779 0.021047636007819028
leaf_weight=903.36524035781622 86.714002761989832 2085.6643349528313 1770.1937774419785 654.71622667089105 386.26599707826972 54.44737347215414 99.948900178074837 806.60317262634635 2122.1393350213766 569.85106488317251 2203.0058293044567 52.125342350453138 106.47343653440475 377.14458294212818
leaf_count=11415 2225 15482 9888 9892 4606 1104 692 6057 60417 6326 10588 1098 496 1832
internal_value=-0.00194806 0.00874729 0.0154395 -0.0158944 0.00581785 -0.0479699 0.0198741 0.0192124 -0.0495352 -0.00539945 0.0215766 -0.0345733 0.0236203 0.0232147
internal_weight=12278.7 9963.23 7835.3 2127.93 2471.93 2315.43 5363.37 5263.42 2260.98 1473.22 4456.82 138.839 2686.62 2580.15
internal_count=142118 77274 49641 27633 20088 64844 29553 28861 63740 17741 22804 3323 12916 12420
is_linear=0
shrinkage=0.05


Tree=22
num_leaves=15
num_cat=0
split_feature=0 1 0 1 0 1 1 0 0 1 1 0 1 1
split_gain=2256.99 597.498 118.465 114.186 110.565 64.4829 39.688 35.1521 19.1673 16.0182 11.2886 10.7274 6.40515 5.40335
threshold=0.97035363316535961 0.09216176345944406 0.26392500102519995 0.27841281890869146 0.58589693903923046 0.94780898094177257 0.7796093523502351 0.81047046184539806 0.98430839180946361 0.051333870738744743 0.50234097242355358 0.65557706356048595 0.15175164490938189 0.15915804356336596
decision_type=2 2 2 2 2 2 2 2 2 2 2 2 2 2
left_child=1 2 9 4 12 8 7 10 13 -1 11 -5 -3 -2
right_child=5 3 -4 6 -6 -7 -8 -9 -10 -11 -12 -13 -14 -15
leaf_value=-0.0091207694861933069 -0.042562653487710309 0.009182097504334184 -0.01978918202457422 0.021175544523166463 -7.6369961252546758e-05 -0.01978918202457422 0.050335633140185437 0.013515057747940701 -0.050566434793997805 -7.6369961252546758e-05 0.025688515020096087 0.017256103374022239 0.013515057747940701 -0.034558872181422805
leaf_weight=896.27441693097353 83.378113891929388 913.67894599586725 670.65600644797087 2705.5782276839018 487.70920957997441 53.498746536672115 103.13046542555094 543.11502527445555 2024.4992446191609 651.4755410477519 968.48246194422245 283.49713683128357 1791.4647107571363 50.531912259757519
leaf_count=11415 2225 7333 10255 13500 5412 1104 692 4252 60417 7069 4534 1519 11293 1098
internal_value=-0.00198158 0.00811402 -0.0147812 0.0146285 0.00736254 -0.0476924 0.0196676 0.0189648 -0.0493286 -0.00471278 0.0209971 0.0194771 0.0128656 -0.0345589
internal_weight=12227 10015.1 2218.41 7796.66 3192.85 2211.91 4603.8 4500.67 2158.41 1547.75 3957.56 2989.08 2705.14 133.91
internal_count=142118 77274 28739 48535 24038 64844 24497 23805 63740 18484 19553 15019 18626 3323
is_linear=0
shrinkage=0.05


Tree=23
num_leaves=15
num_cat=0
split_feature=0 1 1 0 0 1 1 0 0 1 1 1 1 1
split_gain=2107.87 543.942 114.392 107.323 72.4313 63.9911 37.0049 48.0475 19.5327 13.8617 11.1301 9.81109 4.70795 3.37161
threshold=0.97035363316535961 0.083593722432851805 0.21455393731594088 0.26392500102519995 0.54329654574394237 0.94780898094177257 0.7796093523502351 0.67754125595092785 0.98430839180946361 0.518865466117859 0.051333870738744743 0.35614466667175299 0.15915804356336596 0.42631649971008306
decision_type=2 2 2 2 2 2 2 2 2 2 2 2 2 2
left_child=1 3 4 10 -3 8 7 11 12 -9 -1 -4 -2 -10
right_child=5 2 6 -5 -6 -7 -8 9 13 -11 -12 -13 -14 -15
leaf_value=-0.0087322217372470673 -0.042475392778277693 0.010101083657625716 0.01672062073861481 -0.019944234589058363 -0.0010872625102853349 -0.019944234589058363 0.046462574292426242 0.010635604187382625 -0.051215326728382353 0.014954823905017884 -0.0010872625102853349 0.021500138725824392 -0.034532761934192441 -0.044943999898256412
leaf_weight=889.52378701418638 80.165685690939426 1942.3139674589038 2009.7897558361292 618.97557661309838 394.69644228368998 52.556271579116583 106.06153952330351 649.53359720855951 1685.7557234242558 617.51622565835714 528.29208628833294 2305.3117305487394 48.982277099043131 245.53387818858027
leaf_count=11415 2225 14452 11096 9689 4720 1104 692 4780 53306 3622 5946 10862 1098 7111
internal_value=-0.00201138 0.00752238 0.013379 -0.0155535 0.00406587 -0.0474108 0.0172053 0.0166494 -0.0491213 0.0106356 -0.00521554 0.019274 -0.0345328 -0.050418
internal_weight=12175 10062 8025.22 2036.79 2337.01 2112.99 5688.21 5582.15 2060.44 1267.05 1417.82 4315.1 129.148 1931.29
internal_count=142118 77274 50224 27050 19172 64844 31052 30360 63740 8402 17361 21958 3323 60417
is_linear=0
shrinkage=0.05


Tree=24
num_leaves=15
num_cat=0
split_feature=0 1 0 1 0 1 1 0 0 1 1 1 1 0
split_gain=1969.91 495.591 109.789 104.631 66.4159 63.5202 32.2731 47.7045 19.8724 10.0614 9.99842 3.98578 3.83333 4.59664
threshold=0.97035363316535961 0.083593722432851805 0.26392500102519995 0.20784864574670794 0.54329654574394237 0.94780898094177257 0.7796093523502351 0.7554031014442445 0.98430839180946361 0.051333870738744743 0.35147787630558019 0.15915804356336596 0.64957258105278026 0.65557706356048595
decision_type=2 2 2 2 2 2 2 2 2 2 2 2 2 2
left_child=1 2 9 4 -3 8 7 10 11 -1 -5 -2 13 -12
right_child=5 3 -4 6 -6 -7 -8 -9 -10 -11 12 -13 -14 -15
leaf_value=-0.008357568508688365 -0.04238236835550388 0.0093965511354594852 -0.020073255709924031 0.015133066465365129 -0.0013333683335885417 -0.020073255709924031 0.043013353829857354 0.0096765511462313103 -0.050271566514095457 -0.0013333683335885417 0.020468548128457949 -0.034493170196912296 0.028870825230491139 0.017415486260775482
leaf_weight=883.09761665761471 77.073149561882019 1863.5829332694411 608.46750601381063 2122.7158912345767 375.66097488626838 51.621255349367857 108.7652073726058 857.02658735960722 1842.321357075125 527.83182106167078 2262.6819473654032 47.476074200123549 109.37752829492092 386.20243807137012
leaf_count=11415 2225 13871 9689 11809 4535 1104 692 6401 60417 5946 10588 1098 496 1832
internal_value=-0.00202919 0.0069784 -0.0151786 0.0125119 0.00332137 -0.0471249 0.0160317 0.0155203 -0.0489131 -0.00494638 0.0177127 -0.0344932 0.0196979 0.0193191
internal_weight=12123.9 10105.4 2019.4 8086.01 2239.24 2018.49 5846.77 5738 1966.87 1410.93 4880.98 124.549 2758.26 2648.88
internal_count=142118 77274 27050 50224 18406 64844 31818 31126 63740 17361 24725 3323 12916 12420
is_linear=0
shrinkage=0.05


Tree=25
num_leaves=15
num_cat=0
split_feature=0 1 0 0 1 1 1 1 0 1 0 0 1 1
split_gain=1841.11 451.995 183.811 70.5589 63.0555 36.9105 29.6895 22.3569 20.187 13.5773 12.9615 10.6543 3.83385 3.70223
threshold=0.97035363316535961 0.12285117805004121 0.36773170530796057 0.83474835753440868 0.94780898094177257 0.27841281890869146 0.055797813460230834 0.518865466117859 0.98430839180946361 0.50234097242355358 0.65557706356048595 0.51132199168205272 0.19559581577777865 0.42631649971008306
decision_type=2 2 2 2 2 2 2 2 2 2 2 2 2 2
left_child=1 2 6 5 8 11 -1 -5 -2 10 -7 12 -3 -10
right_child=4 3 -4 7 -6 9 -8 -9 13 -11 -12 -13 -14 -15
leaf_value=-0.008450131640786205 -0.034443620214547346 0.0098330716539835814 -0.020184253692451543 0.001034467778112358 -0.020184253692451543 0.017718940804487212 0.001034467778112358 0.0078027794692345845 -0.051004863775021815 0.022331571688563357 0.013592183867287054 0.0078027794692345845 0.013592183867287054 -0.044132509954294956
leaf_weight=996.17268969118595 120.10996666923165 1057.8995981961489 701.51303120329976 437.70687075704336 50.695070039480925 2774.7451550513506 1054.0057461708784 309.16442710161209 1532.7249593213201 1059.8544147610664 333.20388892292976 299.39584496617317 1121.5827428549528 224.70078719221056
leaf_count=12970 3323 7342 11053 4536 1104 13500 10088 2275 53306 4882 1768 2322 6538 7111
internal_value=-0.00204721 0.00646499 -0.0108345 0.0129034 -0.0468335 0.0145711 -0.00170532 0.00103447 -0.048703 0.0174446 0.0157781 0.00973974 0.0118634 -0.0501262
internal_weight=12073.5 10145.2 2751.69 7393.55 1928.23 6646.68 2050.18 746.871 1877.54 4167.8 3107.95 2478.88 2179.48 1757.43
internal_count=142118 77274 34111 43163 64844 36352 23058 6811 63740 20150 15268 16202 13880 60417
is_linear=0
shrinkage=0.05


Tree=26
num_leaves=15
num_cat=0
split_feature=0 1 0 0 1 1 1 1 0 1 0 1 0 1
split_gain=1725.17 439.647 125.588 93.6185 59.9328 52.7971 33.7483 15.2483 17.5899 10.7136 10.1445 5.12618 8.15771 4.43776
threshold=0.98079773783683788 0.083593722432851805 0.36773170530796057 0.83474835753440868 0.94780898094177257 0.23137938976287845 0.48715169727802282 0.50234097242355358 0.65557706356048595 0.033470276743173606 0.54329654574394237 0.41991923749446874 0.99904778599739086 0.35614466667175299
decision_type=2 2 2 2 2 2 2 2 2 2 2 2 2 2
left_child=1 2 9 5 11 10 -5 8 13 -1 -3 -2 -13 -7
right_child=4 3 -4 6 -6 7 -8 -9 -10 -11 -12 12 -14 -15
leaf_value=-0.010922788406342311 -0.050813282606564418 0.0090497494685063198 -0.021002770351220633 -0.0020772816438032007 -0.021002770351220633 0.014294398449131499 0.005350668367672215 0.021045010501461986 0.011264474539704097 -0.0020772816438032007 0.005350668367672215 -0.035376447582825848 -0.046756171835790047 0.017670184746032568
leaf_weight=474.74310095608234 1485.5582829006016 2214.015509724617 567.16167766228318 505.45083054155111 48.446440868079662 1786.2621552497149 357.42492298781872 1068.1931000053883 377.82722659409046 981.26967573910952 230.92883276194334 79.130901014432311 144.86123978346586 1697.9466871768236
leaf_count=6239 54147 15868 9994 6220 1082 9445 2839 4882 2062 11904 2153 2505 4874 7904
internal_value=-0.00204039 0.00580036 -0.0150839 0.0109293 -0.0478059 0.0127786 -0.00207728 0.0157578 0.0142954 -0.00474492 0.0067712 -0.0497501 -0.0426991 0.0160398
internal_weight=12019.2 10261.2 2023.17 8238.05 1758 7375.17 862.876 4930.23 3862.04 1456.01 2444.94 1709.55 223.992 3484.21
internal_count=142118 79510 28137 51373 62608 42314 9059 24293 19411 18143 18021 61526 7379 17349
is_linear=0
shrinkage=0.05


Tree=27
num_leaves=15
num_cat=0
split_feature=0 1 0 1 0 1 1 0 1 1 1 1 0 1
split_gain=1617.19 403.16 116.198 94.2488 70.6573 59.6485 34.1857 38.6472 13.2886 6.63583 5.73345 5.32697 8.0796 1.92666
threshold=0.98079773783683788 0.07719269767403604 0.26392500102519995 0.20784864574670794 0.54329654574394237 0.94780898094177257 0.7796093523502351 0.67754125595092785 0.518865466117859 0.35614466667175299 0.033470276743173606 0.41991923749446874 0.99904778599739086 0.023054582998156551
decision_type=2 2 2 2 2 2 2 2 2 2 2 2 2 2
left_child=1 2 10 4 -3 11 7 9 -9 -5 13 -2 -13 -1
right_child=5 3 -4 6 -6 -7 -8 8 -10 -11 -12 12 -14 -15
leaf_value=-0.012909183545865486 -0.050709854084976497 0.0075511567504713871 -0.021097626096503033 0.013157177412783678 -0.0027594233462137057 -0.021097626096503033 0.040039227981813197 0.0075511567504713871 0.011352321504454447 0.01698121523240792 -0.0027594233462137057 -0.035346772061123799 -0.046488103487752924 -0.007256085803798485
leaf_weight=116.94715762138367 1415.916563257575 1997.1153984367847 582.67451500147581 2173.1280329525471 416.34719237685204 47.532700654119253 118.07446596026421 690.28710509091616 643.83162674307823 2373.5656526237726 846.40779155492783 76.555894915014505 138.63293110392988 334.51271653175354
leaf_count=1547 54147 14901 10254 11725 5462 1082 799 5272 3806 10862 10457 2505 4874 4425
internal_value=-0.00205545 0.00536595 -0.0155635 0.0100446 0.00170082 -0.0475612 0.0134015 0.0128667 0.00755116 0.0151535 -0.00472074 -0.0495959 -0.0422664 -0.00930223
internal_weight=11971.5 10292.9 1880.54 8412.35 2413.46 1678.64 5998.89 5880.81 1334.12 4546.69 1297.87 1631.11 215.189 451.46
internal_count=142118 79510 26683 52827 20363 62608 32464 31665 9078 22587 16429 61526 7379 5972
is_linear=0
shrinkage=0.05


Tree=28
num_leaves=15
num_cat=0
split_feature=0 1 0 1 0 1 1 1 0 1 0 1 0 1
split_gain=1515.99 370.968 198.41 59.3664 55.6028 27.5626 24.1521 20.4245 13.9285 9.69896 9.10086 5.53554 7.9848 4.03402
threshold=0.98079773783683788 0.12285117805004121 0.36773170530796057 0.94780898094177257 0.83474835753440868 0.30859386920928961 0.48715169727802282 0.055797813460230834 0.55109152197837841 0.50234097242355358 0.65557706356048595 0.41991923749446874 0.99904778599739086 0.19559581577777865
decision_type=2 2 2 2 2 2 2 2 2 2 2 2 2 2
left_child=1 2 7 11 5 8 -6 -1 13 10 -7 -2 -13 -3
right_child=3 4 -4 -5 6 9 -8 -9 -10 -11 -12 12 -14 -15
leaf_value=-0.0075420031284869852 -0.050608557948258692 0.008296208566217482 -0.021179529568243576 -0.021179529568243576 -4.5726194638965463e-05 0.01531205465885571 0.0060534551550340022 -4.5726194638965463e-05 0.0060534551550340022 0.018997896753870369 0.01178823262471989 -0.035310436943318597 -0.046215666432376713 0.01178823262471989
leaf_weight=978.89846937358379 1349.4897056296468 1094.6321561187506 714.42710435017943 46.630358003079891 431.80043889954686 2389.0379152446985 362.75783123448491 1060.6348945274949 320.78306592255831 1081.1933551281691 302.02436512708664 74.061028804630041 132.68943767808378 1587.6542235910892
leaf_count=12970 54147 7488 12372 1082 4889 11252 2839 10088 2358 4882 1555 2505 4874 8817
internal_value=-0.0020712 0.00495282 -0.0107611 -0.0473119 0.0106696 0.0121526 -4.57262e-05 -0.0014369 0.00857841 0.0149981 0.013391 -0.0494413 -0.0418228 0.010539
internal_weight=11926.7 10323.8 2753.96 1602.87 7569.88 6775.33 794.558 2039.53 3003.07 3772.26 2691.06 1556.24 206.75 2682.29
internal_count=142118 79510 35430 62608 44080 36352 7728 23058 18663 17689 12807 61526 7379 16305
is_linear=0
shrinkage=0.05


Tree=29
num_leaves=15
num_cat=0
split_feature=0 1 0 0 1 1 1 1 0 0 1 0 1 1
split_gain=1423.25 340.277 118.273 84.2452 59.1217 43.8369 37.6904 9.90346 12.5054 7.0566 5.75198 7.88014 5.13915 4.12062
threshold=0.98079773783683788 0.07719269767403604 0.26392500102519995 0.79787364602088939 0.94780898094177257 0.43237458169460302 0.20784864574670794 0.50234097242355358 0.65557706356048595 0.54329654574394237 0.41991923749446874 0.99904778599739086 0.023320428095757965 0.35147787630558019
decision_type=2 2 2 2 2 2 2 2 2 2 2 2 2 2
left_child=1 2 12 6 10 -5 9 8 13 -3 -2 -12 -1 -8
right_child=4 3 -4 5 -6 -7 7 -9 -10 -11 11 -13 -14 -15
leaf_value=-0.012735261073126787 -0.050509109239910255 0.0071522648279487601 -0.021227685019238853 -0.0030021315659151519 -0.021227685019238853 0.0038708921251864752 0.011735300694164445 0.017543184364002398 0.0091401195763696937 0.0038708921251864752 -0.035256850850198321 -0.045938432531863527 -0.0032040242377314823 0.014769307161575949
leaf_weight=123.77348574250937 1286.1383409388363 2013.6931445151567 562.237419731915 550.44294895976782 45.739967964589596 533.73624334856868 2107.9107935577631 993.17240606248379 325.83639393746853 172.04093386977911 71.644576489925385 127.01852171681821 1162.9726517871022 1799.4320100098848
leaf_count=1665 54147 14901 10254 6679 1082 3872 11251 4414 1768 1702 2505 4874 14764 8240
internal_value=-0.00205581 0.004602 -0.0148365 0.00883227 -0.0470574 -0.00300213 0.0107439 0.0130497 0.0119954 0.00523056 -0.049286 -0.0413678 -0.00424284 0.013243
internal_weight=11875.8 10345.2 1848.98 8496.26 1530.54 1084.18 7412.09 5226.35 4233.18 2185.73 1484.8 198.663 1286.75 3907.34
internal_count=142118 79510 26683 52827 62608 10551 42276 25673 21259 16603 61526 7379 16429 19491
is_linear=0
shrinkage=0.05


Tree=30
num_leaves=15
num_cat=0
split_feature=0 1 0 0 1 1 1 0 1 0 1 1 0 1
split_gain=1335.29 313.098 118.526 77.6312 58.863 37.7987 28.4814 12.6799 10.7577 13.0194 6.9146 5.97635 7.75784 3.51218
threshold=0.98079773783683788 0.07719269767403604 0.37566633522510534 0.83474835753440868 0.94780898094177257 0.24947264790534976 0.48715169727802282 0.54329654574394237 0.50234097242355358 0.65557706356048595 0.033470276743173606 0.41991923749446874 0.99904778599739086 0.64957258105278026
decision_type=2 2 2 2 2 2 2 2 2 2 2 2 2 2
left_child=1 2 10 5 11 7 -5 -3 9 -7 -1 -2 -13 -10
right_child=4 3 -4 6 -6 8 -8 -9 13 -11 -12 12 -14 -15
leaf_value=-0.0096007944636734097 -0.050411247736223658 0.0074831507072366356 -0.021272367526052077 -0.0031046188968395674 -0.021272367526052077 0.013039046623193785 0.003412854443353971 0.003412854443353971 0.015583523876469441 0.0090539721744065417 -0.0031046188968395674 -0.035200967758317429 -0.04565601109333435 0.022589493216904771
leaf_weight=462.34034287929535 1225.7280449625105 2627.4498285651207 497.73857625573874 516.80261927843094 44.86290392652154 3290.8682197332382 365.01477621495724 273.08173902332783 868.12785267829895 368.09327562153339 874.13747884333134 69.305481558665633 121.60838706977665 225.31705664098263
leaf_count=6254 54147 18365 9480 6495 1082 15795 2839 2507 3860 1944 10949 2505 4874 1022
internal_value=-0.00205413 0.00425239 -0.0144895 0.00828023 -0.0467971 0.00993033 -0.00310462 0.0054324 0.0126755 0.0113751 -0.00439473 -0.0491296 -0.0409008 0.0170272
internal_weight=11830.5 10369 1834.22 8534.76 1461.5 7652.94 881.817 2900.53 4752.41 3658.96 1336.48 1416.64 190.914 1093.44
internal_count=142118 79510 26683 52827 62608 43493 9334 20872 22621 17739 17203 61526 7379 4882
is_linear=0
shrinkage=0.05


Tree=31
num_leaves=15
num_cat=0
split_feature=0 1 0 1 1 0 1 1 0 1 0 0 0 1
split_gain=1252.53 289.572 237.155 58.602 34.5285 53.0219 28.1224 15.7425 19.5426 6.20873 7.62037 5.97599 5.36114 5.2981
threshold=0.98079773783683788 0.15175164490938189 0.54329654574394237 0.94780898094177257 0.7796093523502351 0.83474835753440868 0.055797813460230834 0.46491803228855139 0.65557706356048595 0.41991923749446874 0.99904778599739086 0.54329654574394237 0.26392500102519995 0.64957258105278026
decision_type=2 2 2 2 2 2 2 2 2 2 2 2 2 2
left_child=1 2 6 9 5 7 12 8 -3 -2 -11 -9 -1 -13
right_child=3 4 -4 -5 -6 -7 -8 11 -10 10 -12 13 -14 -15
leaf_value=-0.0059408780732503191 -0.050314708706095113 0.010626752272510767 -0.02130648862097978 -0.02130648862097978 0.035970340885128987 0.00055902580173730555 0.00055902580173730555 0.022306037728443577 0.0055860343224956536 -0.03513905515930358 -0.045367985425325011 0.012186728927136323 -0.010835493218338842 0.018014727077984103
leaf_weight=927.25912690162659 1168.1295339167118 4498.7700676247478 674.76126273162663 43.999207768589258 121.61230565235019 642.903046451509 1565.6061183437705 242.52614948153496 390.35199125111103 67.041639093309641 116.44767401367426 1031.9194380939007 88.437141329050064 206.9002869874239
leaf_count=12436 54147 23721 12090 1082 799 6241 13915 1068 2335 2505 4874 4611 1359 935
internal_value=-0.00205578 0.00391761 -0.00843813 -0.0465306 0.00955618 0.00909816 -0.000364498 0.010613 0.00924489 -0.0489716 -0.0404213 0.0151286 -0.00789006 0.0137234
internal_weight=11786.7 10391 3256.06 1395.62 7134.98 7013.37 2581.3 6370.47 4889.12 1351.62 183.489 1481.35 1015.7 1238.82
internal_count=142118 79510 39800 62608 39710 38911 27710 32670 26056 61526 7379 6614 13795 5546
is_linear=0
shrinkage=0.05


Tree=32
num_leaves=15
num_cat=0
split_feature=0 1 0 0 1 1 1 0 1 0 1 0 1 1
split_gain=1176.53 266.085 119.243 68.5678 58.3751 37.9258 27.982 8.44829 6.92877 8.35395 6.44922 7.47522 5.86287 4.80553
threshold=0.98079773783683788 0.07719269767403604 0.37566633522510534 0.79787364602088939 0.94780898094177257 0.43237458169460302 0.23137938976287845 0.54329654574394237 0.64957258105278026 0.65557706356048595 0.41991923749446874 0.99904778599739086 0.023054582998156551 0.40275527536869055
decision_type=2 2 2 2 2 2 2 2 2 2 2 2 2 2
left_child=1 2 12 6 10 -5 7 -3 9 13 -2 -12 -1 -8
right_child=4 3 -4 5 -6 -7 8 -9 -10 -11 11 -13 -14 -15
leaf_value=-0.012627764931826178 -0.050219245519534897 0.0064696576878436485 -0.021309239443762538 -0.0032537263980500666 -0.021309239443762538 0.0028767456852132837 0.010431500750237197 0.0028767456852132837 0.021049219334051961 0.0080127265888187468 -0.035060526981990373 -0.045073960723671515 -0.0032537263980500666 0.01391648965182821
leaf_weight=118.01036367565393 1113.2184659931809 2382.0663514882326 480.08814749494195 545.96412636712193 43.149195771664381 539.44169139862061 2520.3077941834927 211.04904077202082 173.0465645045042 600.58880290389061 64.851205946877599 111.52543860860169 1207.7287649661303 1628.2579805403948
leaf_count=1633 54147 16898 9480 6679 1082 3872 12511 1992 765 2924 2505 4874 15570 7186
internal_value=-0.00202588 0.00363873 -0.0138097 0.00730223 -0.0462572 -0.00325373 0.00900722 0.00480378 0.0112217 0.0108636 -0.0488118 -0.0399287 -0.00394629 0.0117993
internal_weight=11739.3 10406.5 1805.83 8600.72 1332.74 1085.41 7515.32 2593.12 4922.2 4749.15 1289.6 176.377 1325.74 4148.57
internal_count=142118 79510 26683 52827 62608 10551 42276 18890 23386 22621 61526 7379 17203 19697
is_linear=0
shrinkage=0.05


Tree=33
num_leaves=15
num_cat=0
split_feature=0 1 0 1 0 1 1 1 1 0 0 1 1 1
split_gain=1104.14 245.58 145.057 58.129 50.5405 69.11 14.1687 12.4779 6.69783 7.31312 3.57657 3.56553 1.89725 1.5135
threshold=0.98079773783683788 0.098321314901113524 0.54329654574394237 0.94780898094177257 0.65557706356048595 0.51091969013214122 0.24947264790534976 0.033470276743173606 0.41991923749446874 0.99904778599739086 0.20799379050731662 0.40275527536869055 0.19559581577777865 0.023054582998156551
decision_type=2 2 2 2 2 2 2 2 2 2 2 2 2 2
left_child=1 2 7 8 6 -6 12 10 -2 -10 13 -8 -3 -1
right_child=3 4 -4 -5 5 -7 11 -9 9 -11 -12 -13 -14 -15
leaf_value=-0.0096814690717614404 -0.050124602415796631 0.0054643002118665331 -0.021310591588795603 -0.021310591588795603 -0.0020401143894026408 0.0048676400487003054 0.01008210757844334 -0.0020401143894026408 -0.034980182549780893 -0.044773565587405285 -0.012177310637889726 0.01315040243199752 0.0084058282702230962 -0.006185055290817333
leaf_weight=108.05833987891674 1060.8755389228463 1566.6569852530956 478.58429971523583 42.313962038606405 1022.7310311682522 892.89770621061325 2248.8938480615616 1256.5315870568156 62.732962965965271 106.83118662983179 54.878786839544773 1635.3323778957129 843.2135958969593 316.44700092077255
leaf_count=1505 54147 11117 9670 1082 9144 5119 10957 14763 2505 4874 843 7187 4887 4318
internal_value=-0.00201258 0.00335522 -0.0114213 -0.0459764 0.00734104 0.000229951 0.00950533 -0.00304403 -0.0486498 -0.0394225 -0.01033 0.0113739 0.00649354 -0.00718563
internal_weight=11697 10424.2 2214.5 1272.75 8209.73 1915.63 6294.1 1735.92 1230.44 169.564 479.384 3884.23 2409.87 424.505
internal_count=142118 79510 31099 62608 48411 14263 34148 21429 61526 7379 6666 18144 16004 5823
is_linear=0
shrinkage=0.05


Tree=34
num_leaves=15
num_cat=0
split_feature=0 1 0 1 0 1 1 0 1 0 1 1 0 1
split_gain=1037.94 231.949 120.647 59.5558 93.5194 55.2068 28.6389 9.51749 6.06266 8.97095 5.95294 5.07873 4.63576 2.29354
threshold=0.98266574740409862 0.07719269767403604 0.37566633522510534 0.30859386920928961 0.58589693903923046 0.94780898094177257 0.7796093523502351 0.82243704795837413 0.28261865675449377 0.99904778599739086 0.64957258105278026 0.023054582998156551 0.64410024881362926 0.47263513505458837
decision_type=2 2 2 2 2 2 2 2 2 2 2 2 2 2
left_child=1 2 11 4 -3 8 7 10 -2 -10 12 -1 13 -5
right_child=5 3 -4 6 -6 -7 -8 -9 9 -11 -12 -13 -14 -15
leaf_value=-0.012491785166513685 -0.050432503554091103 0.0063859972094356416 -0.021410591328996486 0.01056804974602274 -0.0034077123626766407 -0.021410591328996486 0.034121669959634705 0.0063859972094356416 -0.035021075829233007 -0.045912635436661881 0.019228258017239146 -0.0034077123626766407 0.0086111710991530355 0.013753289721850623
leaf_weight=115.78891173750162 930.99488981068134 3571.0572615340352 469.00229265168309 2161.7274624109268 654.17704780586064 41.189235050231218 125.04907752387226 499.36227111704648 84.22983936406672 147.39288235083222 200.22480756044388 1201.1572014465928 684.93323360383511 765.19458237290382
leaf_count=1633 49893 23084 9780 9950 7701 1075 819 4106 3792 7289 890 15570 3235 3301
internal_value=-0.0019614 0.00310425 -0.0133026 0.00648715 0.00223876 -0.0459254 0.0105332 0.00984908 -0.0486316 -0.0413928 0.0108363 -0.00357298 0.0103711 0.0114008
internal_weight=11651.5 10447.7 1785.95 8661.73 4225.23 1203.81 4436.49 4311.44 1162.62 231.623 3812.08 1316.95 3611.86 2926.92
internal_count=142118 80069 26983 53086 30785 62049 22301 21482 60974 11081 17376 17203 16486 13251
is_linear=0
shrinkage=0.05


Tree=35
num_leaves=15
num_cat=0
split_feature=0 1 0 1 1 0 1 1 0 0 1 1 0 1
split_gain=973.578 214.547 225.904 55.036 30.4596 41.109 18.3905 12.9733 20.6315 5.67372 4.84694 3.27824 5.46968 2.61371
threshold=0.98266574740409862 0.15175164490938189 0.54329654574394237 0.75313511490821849 0.7796093523502351 0.83474835753440868 0.050670415163040168 0.50234097242355358 0.65557706356048595 0.24163264036178592 0.30859386920928961 0.28261865675449377 0.99830192327499401 0.64957258105278026
decision_type=2 2 2 2 2 2 2 2 2 2 2 2 2 2
left_child=1 2 6 11 5 7 9 8 10 -1 -3 -2 -13 -9
right_child=3 4 -4 -5 -6 -7 -8 13 -10 -11 -12 12 -14 -15
leaf_value=-0.0052515029186805976 -0.050358093179035293 0.0073441936227411457 -0.021403497324912955 -0.021403497324912955 0.031857129405163241 -0.00015303737588932625 -0.00015303737588932625 0.012269594802608131 0.004173799910217736 -0.010830788380671665 0.010476798624332193 -0.035271355812572069 -0.046567274910654377 0.018466312672145404
leaf_weight=814.27286230027676 886.86550885252655 2445.7739682272077 644.77853303775191 92.995714912191033 127.18397882953286 647.81459957361221 1674.7552612349391 883.59622149169445 464.1909561753273 84.648733746260405 2466.6949120610952 47.851302087306976 122.0406999643892 210.75403545796871
leaf_count=11141 49893 13944 12482 3389 819 6388 15230 3860 2679 1339 11252 2326 6441 935
internal_value=-0.00196606 0.00283242 -0.00790991 -0.0456394 0.00760384 0.00717053 -0.000258079 0.00850064 0.00749062 -0.00730688 0.00892147 -0.0491392 -0.0427765 0.013463
internal_weight=11614.2 10464.5 3218.46 1149.75 7246.01 7118.82 2573.68 6471.01 5376.66 898.922 4912.47 1056.76 169.892 1094.35
internal_count=142118 80069 40192 62049 39877 39058 27710 32670 27875 12480 25196 58660 8767 4795
is_linear=0
shrinkage=0.05


Tree=36
num_leaves=15
num_cat=0
split_feature=0 1 0 0 1 1 1 0 1 0 0 1 0 1
split_gain=915.149 199.311 88.0755 71.5585 55.1421 43.5986 21.5167 8.62737 4.46065 5.41496 4.09085 3.41176 5.4377 2.85328
threshold=0.98266574740409862 0.058228731155395515 0.26392500102519995 0.78302362561225902 0.75313511490821849 0.43237458169460302 0.20784864574670794 0.54329654574394237 0.47981558740139013 0.65557706356048595 0.54329654574394237 0.28261865675449377 0.99830192327499401 0.64957258105278026
decision_type=2 2 2 2 2 2 2 2 2 2 2 2 2 2
left_child=1 2 -1 6 11 -5 7 -3 9 -8 -10 -2 -13 -12
right_child=4 3 -4 5 -6 -7 8 -9 10 -11 13 12 -14 -15
leaf_value=-0.0049770477326975806 -0.050284754855755467 0.0048268920909707823 -0.021368260194631249 -0.0049770477326975806 -0.021368260194631249 0.0010233607057910017 0.0088456429190789162 0.0010233607057910017 0.018806990951389182 0.0060575945566784381 0.009765590919294305 -0.035187651392474588 -0.046333858084692127 0.014576649238467191
leaf_weight=954.71196918189526 844.81207035854459 2393.9423927515745 406.52160802856088 622.10400267131627 91.143684787675738 592.99376860260963 3825.7335388362408 183.81069125235081 165.06081789731979 265.91943016648293 907.40455025434494 46.261282594874501 116.69365397654474 155.32163767516613
leaf_count=12972 49893 18756 8579 8269 3389 4146 18606 1996 707 1433 3934 2326 6441 671
internal_value=-0.00194155 0.00261292 -0.0152329 0.00527881 -0.0453494 -0.00497705 0.00702377 0.00327461 0.00884058 0.00804744 0.0114837 -0.049007 -0.042383 0.0103463
internal_weight=11572.4 10473.5 1361.23 9112.29 1098.91 1215.1 7897.19 2577.75 5319.44 4091.65 1227.79 1007.77 162.955 1062.73
internal_count=142118 80069 21551 58518 62049 12415 46103 20752 25351 20039 5312 58660 8767 4605
is_linear=0
shrinkage=0.05


Tree=37
num_leaves=15
num_cat=0
split_feature=0 1 0 0 1 1 1 0 1 0 1 0 1 1
split_gain=859.582 184.617 87.9719 66.1266 55.2211 42.2371 19.6358 8.08079 4.25195 6.90934 3.55026 5.39631 2.15037 1.93166
threshold=0.98266574740409862 0.058228731155395515 0.26392500102519995 0.78302362561225902 0.75313511490821849 0.43237458169460302 0.20453680306673053 0.54329654574394237 0.50234097242355358 0.65557706356048595 0.28261865675449377 0.99830192327499401 0.35147787630558019 0.64957258105278026
decision_type=2 2 2 2 2 2 2 2 2 2 2 2 2 2
left_child=1 2 -1 6 10 -5 7 -3 9 12 -2 -12 -8 -10
right_child=4 3 -4 5 -6 -7 8 -9 13 -11 11 -13 -14 -15
leaf_value=-0.0049642183947801316 -0.050212301002732732 0.0045121988162184689 -0.021329375706758857 -0.0049642183947801316 -0.021329375706758857 0.00082402656780701945 0.0074998663650003424 0.00082402656780701945 0.010326208191368102 0.0056504021437684829 -0.035101143546622172 -0.046095053277220494 0.0094684866546148345 0.016390609954740551
leaf_weight=950.72869193553925 804.74067259579897 2352.5006432831287 398.83651331067085 619.7303912434727 89.329153433442116 593.33309598267078 2237.0756481140852 181.1697221249342 831.9326103925705 307.59693157672882 44.725448416545987 111.59721384197474 1857.187346175313 155.91832146048546
leaf_count=12972 49893 18464 8579 8269 3389 4146 11551 1974 3574 1629 2326 6441 8240 671
internal_value=-0.00192776 0.0023919 -0.0148701 0.00494171 -0.0450506 -0.00496422 0.00661227 0.00298193 0.00831887 0.00765358 -0.0488729 -0.0419778 0.00857155 0.0112834
internal_weight=11536.4 10486 1349.57 9136.44 1050.39 1213.06 7923.38 2533.67 5389.71 4401.86 961.063 156.323 4094.26 987.851
internal_count=142118 80069 21551 58518 62049 12415 46103 20438 25665 21420 58660 8767 19791 4245
is_linear=0
shrinkage=0.05


Tree=38
num_leaves=15
num_cat=0
split_feature=0 1 0 1 1 0 1 0 1 1 0 1 0 1
split_gain=807.747 173.694 119.299 54.0594 51.3029 71.2823 16.1031 10.0197 4.80953 4.21218 4.54008 3.66165 5.30921 3.61307
threshold=0.98430839180946361 0.07719269767403604 0.37566633522510534 0.8072650432586671 0.8072650432586671 0.79787364602088939 0.27841281890869146 0.61319905519485485 0.43237458169460302 0.64957258105278026 0.64410024881362926 0.28261865675449377 0.99904778599739086 0.023054582998156551
decision_type=2 2 2 2 2 2 2 2 2 2 2 2 2 2
left_child=1 2 13 11 5 6 7 -3 -7 10 -8 -2 -13 -1
right_child=3 4 -4 -5 -6 8 9 -9 -10 -11 -12 12 -14 -15
leaf_value=-0.012506053900767373 -0.050199624350361273 0.0051625438506318205 -0.021408295191800038 -0.021408295191800038 0.042922783371810443 -0.0036038126097347072 0.0089793564642810866 0.001403381651888096 0.001403381651888096 0.016000246187288306 0.0061548804074697322 -0.035078024436850166 -0.046047618658994323 -0.0036038126097347072
leaf_weight=112.91722943633795 759.27725706528872 3215.4538646489382 442.85634716041386 74.157632149755955 88.445814743638039 542.9906307309866 3423.6865682899952 192.96033374220133 463.7216720264405 177.52036808431149 657.47794225811958 59.367632241919637 101.51236493419856 1188.4373468980193
leaf_count=1633 49447 21245 10079 2750 604 7058 15483 1724 3408 765 3059 3196 6097 15570
internal_value=-0.00190974 0.00216667 -0.0122426 -0.0449833 0.00503498 0.00464864 0.00641058 0.00384921 -0.00360381 0.00846055 0.00813259 -0.0487478 -0.0418956 -0.00360381
internal_weight=11500.8 10506.5 1744.21 994.315 8762.26 8673.81 7667.1 3408.41 1006.71 4258.68 4081.16 920.157 160.88 1301.35
internal_count=142118 80628 27282 61490 53346 52742 42276 22969 10466 19307 18542 58740 9293 17203
is_linear=0
shrinkage=0.05


Tree=39
num_leaves=15
num_cat=0
split_feature=0 1 0 1 1 0 1 1 0 0 1 0 1 1
split_gain=758.383 161.646 237.866 54.1174 25.6082 25.8307 13.4962 9.6781 14.6102 3.64567 3.11604 5.18852 3.00613 1.91825
threshold=0.98430839180946361 0.1669825688004494 0.55966520309448253 0.75313511490821849 0.7796093523502351 0.83474835753440868 0.033470276743173606 0.50234097242355358 0.65557706356048595 0.20799379050731662 0.21134921163320544 0.99884316325187694 0.35147787630558019 0.64957258105278026
decision_type=2 2 2 2 2 2 2 2 2 2 2 2 2 2
left_child=1 2 6 10 5 7 9 8 12 -1 -2 -12 -3 -9
right_child=3 4 -4 -5 -6 -7 -8 13 -10 -11 11 -13 -14 -15
leaf_value=-0.0056784208571181473 -0.050384635604762501 0.0062864656933928663 -0.021355053002380123 -0.021355053002380123 0.028153506699930941 -0.0002624663540353421 -0.0002624663540353421 0.01018412953042979 0.0033486145287199565 -0.010808759678207732 -0.035080503555593112 -0.046744233384487237 0.0086272627516005788 0.015455291019630899
leaf_weight=412.54994844645262 677.74964295141399 2851.0488770753145 648.24134686216712 84.985078815370798 131.83515954762697 627.11245957389474 2365.3421498313546 892.8048237413168 451.74234154075384 54.247973926365376 63.884153950959444 123.75663012452424 1867.7601339071989 213.95870624482632
leaf_count=5823 46339 15306 13194 3369 837 6215 22768 3860 2547 903 3788 7994 8240 935
internal_value=-0.00190076 0.00196467 -0.0068493 -0.0446748 0.00632436 0.00590755 -0.000262466 0.0069597 0.00605138 -0.00887571 -0.048806 -0.0431038 0.00731657 0.0112031
internal_weight=11467 10516.6 3480.38 950.376 7036.26 6904.43 2832.14 6277.31 5170.55 466.798 865.39 187.641 4718.81 1106.76
internal_count=142118 80628 42688 61490 37940 37103 29494 30888 26093 6726 58121 11782 23546 4795
is_linear=0
shrinkage=0.05


Tree=40
num_leaves=15
num_cat=0
split_feature=0 1 0 0 1 1 1 1 0 1 1 0 1 1
split_gain=713.098 154.342 90.0564 57.5354 68.7819 48.9726 10.0625 5.40733 5.48133 3.03715 0.773395 0.870614 0.627536 0.368927
threshold=0.98720023036003124 0.058228731155395515 0.26392500102519995 0.65557706356048595 0.51091969013214122 0.94780898094177257 0.19559581577777865 0.42631649971008306 0.9992174804210664 0.40275527536869055 0.21134921163320544 0.99884316325187694 0.022805105894804004 0.098321314901113524
decision_type=2 2 2 2 2 2 2 2 2 2 2 2 2 2
left_child=1 2 12 6 -5 7 13 10 -9 -8 -2 -12 -1 -3
right_child=5 3 -4 4 -6 -7 9 8 -10 -11 11 -13 -14 -15
leaf_value=-0.010861166228627418 -0.050400846134935742 0.002515984025436058 -0.021516473867006381 -0.0050477831411137319 0.0014553768357874403 -0.021516473867006381 0.0065760802173343152 -0.034819649591037435 -0.044125362652226191 0.0092111561324041968 -0.044125362652226191 -0.048011469000909107 -0.0050477831411137319 0.0038895486532365062
leaf_weight=97.376795016229153 633.64781730622053 704.58824049308896 388.82348558027297 1147.7947848802432 920.25142924301326 36.080304022878408 3169.2814653515816 47.633564477786422 76.824438997544348 1669.5544395893812 31.587107548490167 66.137109055183828 843.52698574960232 1596.6291795149446
leaf_count=1422 45496 7358 9304 12639 5325 1062 15844 2421 4573 7187 2147 4673 11550 11117
internal_value=-0.00186913 0.00176426 -0.0141593 0.00406376 -0.00328008 -0.0447972 0.00619083 -0.0481228 -0.0384884 0.00748527 -0.0497623 -0.0456221 -0.00504778 0.00346899
internal_weight=11429.7 10537.8 1329.73 9208.1 2068.05 891.91 7140.05 855.83 124.458 4838.84 731.372 97.7242 940.904 2301.22
internal_count=142118 81746 22276 59470 17964 60372 41506 59310 6994 23031 52316 6820 12972 18475
is_linear=0
shrinkage=0.05


Tree=41
num_leaves=15
num_cat=0
split_feature=0 1 0 0 1 1 1 0 1 0 1 0 1 1
split_gain=670.524 143.085 89.523 52.6087 48.8507 37.5407 12.9252 7.80361 5.61631 5.35286 3.33273 5.01688 1.58629 1.45928
threshold=0.98720023036003124 0.058228731155395515 0.26392500102519995 0.78302362561225902 0.94780898094177257 0.43237458169460302 0.20784864574670794 0.54329654574394237 0.42631649971008306 0.9992174804210664 0.50234097242355358 0.65557706356048595 0.40275527536869055 0.64957258105278026
decision_type=2 2 2 2 2 2 2 2 2 2 2 2 2 2
left_child=1 2 -1 6 8 -5 7 -3 -2 -10 11 12 -8 -12
right_child=4 3 -4 5 -6 -7 10 -9 9 -11 13 -13 -14 -15
leaf_value=-0.0049654674051974532 -0.049679722592379766 0.0038535236318957542 -0.021420625151049453 -0.0049654674051974532 -0.021420625151049453 0.00017878602432358574 0.0062597059027632157 0.00017878602432358574 -0.034690760568735962 -0.043817428320880869 0.0084999948379152184 0.0045750691329070605 0.0077287505863745127 0.013740345346883998
leaf_weight=936.43092580139637 696.7249400857836 2422.923304066062 381.34539717715234 619.76602479629219 35.36547851935029 603.10210236161947 2976.5394451767206 181.96257549524307 46.06800789013505 73.617966210469604 839.10605396330357 307.15580090880394 1114.7720514982939 157.83840940892696
leaf_count=12972 52316 18756 9304 9025 1062 4342 14653 1996 2421 4573 3574 1615 4838 671
internal_value=-0.00180883 0.00163932 -0.0137722 0.00384127 -0.0444806 -0.00496547 0.00532304 0.00243068 -0.0479609 -0.0379551 0.00671946 0.00612784 0.00695366 0.00932966
internal_weight=11392.7 10540.9 1317.78 9223.17 851.776 1222.87 8000.3 2604.89 816.411 119.686 5395.41 4398.47 4091.31 996.944
internal_count=142118 81746 22276 59470 60372 13367 46103 20752 59310 6994 25351 21106 19491 4245
is_linear=0
shrinkage=0.05


Tree=42
num_leaves=15
num_cat=0
split_feature=0 1 0 1 1 0 1 0 1 1 0 0 1 1
split_gain=629.408 133.505 195.13 48.7531 47.5737 30.0184 9.49925 15.4277 7.74358 5.20721 4.70834 4.66508 2.86217 1.58782
threshold=0.98720023036003124 0.14005187153816226 0.57688105106353771 0.91447648406028759 0.8072650432586671 0.83474835753440868 0.50234097242355358 0.65557706356048595 0.033470276743173606 0.42631649971008306 0.20799379050731662 0.9992174804210664 0.30859386920928961 0.64957258105278026
decision_type=2 2 2 2 2 2 2 2 2 2 2 2 2 2
left_child=1 2 8 9 5 6 7 12 10 -2 -1 -11 -3 -8
right_child=3 4 -4 -5 -6 -7 13 -9 -10 11 -12 -13 -14 -15
leaf_value=-0.0049034187250868357 -0.049596760252943614 0.0049438892636929589 -0.021332771374710711 -0.021332771374710711 0.040556744512320282 -0.0012887186550907684 0.0089107264143439991 0.0021937463181209201 -0.0012887186550907684 -0.034642675453605991 -0.011310745014900739 -0.04363312371478132 0.0072891685219099393 0.013550857842847578
leaf_weight=406.63498041033745 663.82619236968458 2693.4064750596881 539.08228502143174 43.645802238956094 92.845061961561441 695.1999030970037 898.15672466158867 479.73612669110298 1938.7116415277123 41.564611349254847 54.746030665934086 64.575661386363208 2516.2548116743565 231.98668575286865
leaf_count=5823 52316 15257 12706 1534 639 7378 3860 2805 20066 2285 956 4237 11252 1004
internal_value=-0.00178061 0.00148819 -0.00756225 -0.0441537 0.00498481 0.00454532 0.00567621 0.0048445 -0.00128872 -0.0479526 -0.0080442 -0.0376695 0.00607665 0.00986322
internal_weight=11360.4 10546.8 2939.17 813.612 7607.59 7514.74 6819.54 5689.4 2400.09 769.966 461.381 106.14 5209.66 1130.14
internal_count=142118 81746 39551 60372 42195 41556 34178 29314 26845 58838 6779 6522 26509 4864
is_linear=0
shrinkage=0.05


Tree=43
num_leaves=15
num_cat=0
split_feature=0 1 0 0 1 1 1 1 0 1 1 1 0 1
split_gain=590.662 124.253 83.8577 49.3691 60.7098 48.6328 7.2681 5.40535 4.53454 1.6376 0.915246 0.891903 0.932521 0.325087
threshold=0.98720023036003124 0.05659505911171437 0.26392500102519995 0.65557706356048595 0.51091969013214122 0.91447648406028759 0.24947264790534976 0.42631649971008306 0.9992174804210664 0.40275527536869055 0.19559581577777865 0.21134921163320544 0.99884316325187694 0.46491803228855139
decision_type=2 2 2 2 2 2 2 2 2 2 2 2 2 2
left_child=1 2 -1 6 -5 7 10 11 -9 -8 -3 -2 -13 -11
right_child=5 3 -4 4 -6 -7 9 8 -10 13 -12 12 -14 -15
leaf_value=-0.0050265691165774246 -0.050251720294062323 0.0030103711944233051 -0.021236425842556063 -0.0050265691165774246 0.00091284873784701662 -0.021236425842556063 0.0058551551128179571 -0.03451309255146081 -0.043313880715589941 0.0071531939665556536 0.0049063072075768849 -0.043313880715589941 -0.047496222136817104 0.0085482907916056283
leaf_weight=899.71091657876968 547.71092845499516 2346.715946406126 359.54623979795724 1143.8960082335398 925.39048891700804 42.780503869056702 2320.8702575862408 40.2009780369699 61.901190093718469 775.23005467653275 873.47827139496803 27.476980450563133 57.304535355418921 905.08949775993824
leaf_count=12615 45496 18881 9092 12802 5325 1534 10957 2285 4237 3363 4887 2147 4673 3824
internal_value=-0.0017553 0.00134403 -0.0133949 0.00334174 -0.00346712 -0.0438169 0.00529281 -0.0477898 -0.0371148 0.00671585 0.00352464 -0.049513 -0.0447407 0.00790465
internal_weight=11327.3 10549.9 1259.26 9290.67 2069.29 777.375 7221.38 734.595 102.102 4001.19 3220.19 632.492 84.7815 1680.32
internal_count=142118 81746 21707 60039 18127 60372 41912 58838 6522 18144 23768 52316 6820 7187
is_linear=0
shrinkage=0.05


Tree=44
num_leaves=15
num_cat=0
split_feature=0 1 0 1 1 0 1 0 1 0 1 0 1 1
split_gain=554.811 115.429 220.435 48.6597 41.3202 18.7541 7.83758 10.6081 7.16127 4.62866 4.20916 5.95473 2.07643 1.58016
threshold=0.98720023036003124 0.1669825688004494 0.57688105106353771 0.8072650432586671 0.8072650432586671 0.83474835753440868 0.50234097242355358 0.65557706356048595 0.033470276743173606 0.20799379050731662 0.21134921163320544 0.99904778599739086 0.40275527536869055 0.64957258105278026
decision_type=2 2 2 2 2 2 2 2 2 2 2 2 2 2
left_child=1 2 8 10 5 6 7 12 9 -1 -2 -12 -3 -8
right_child=3 4 -4 -5 -6 -7 13 -9 -10 -11 11 -13 -14 -15
leaf_value=-0.0044463577336991723 -0.050203130024674497 0.0049972742769593447 -0.021111958095106586 -0.021111958095106586 0.037669643331126053 -0.00069884148551677865 0.0081577213985542397 0.0023197271714632804 -0.00069884148551677865 -0.010905399790311682 -0.034573441034074524 -0.045549856442526231 0.0068138274140214384 0.012778161680820632
leaf_weight=403.21902248263359 521.49037238955498 3657.3724756240845 600.49194301851094 62.825596805661917 94.796659391373396 652.98196576908231 901.22352594137192 451.11947680264711 2382.2497453726828 53.342459958046675 57.615542940795422 100.78240462671965 1121.6968646794558 232.8536721020937
leaf_count=5823 45496 18708 13754 2715 639 6673 3860 2547 22944 956 4090 8071 4838 1004
internal_value=-0.00169723 0.00124295 -0.00627737 -0.0434669 0.00487969 0.00443673 0.0053383 0.00452124 -0.000698841 -0.00751427 -0.0480349 -0.0408966 0.00561418 0.00910641
internal_weight=11294.1 10551.3 3439.3 742.714 7112.04 7017.25 6364.27 5230.19 2838.81 456.561 679.888 158.398 4779.07 1134.08
internal_count=142118 81746 43477 60372 38269 37630 30957 26093 29723 6779 57657 12161 23546 4864
is_linear=0
shrinkage=0.05


Tree=45
num_leaves=15
num_cat=0
split_feature=0 1 0 1 0 1 1 0 1 0 1 0 1 1
split_gain=521.354 115.391 87.2044 51.3232 68.4561 43.0803 11.424 12.2381 5.12101 4.72208 3.3778 4.11306 1.41455 1.05475
threshold=0.99183067679405224 0.05659505911171437 0.26392500102519995 0.8072650432586671 0.83474835753440868 0.94780898094177257 0.24947264790534976 0.51132199168205272 0.50234097242355358 0.65557706356048595 0.42631649971008306 0.9992174804210664 0.64957258105278026 0.40275527536869055
decision_type=2 2 2 2 2 2 2 2 2 2 2 2 2 2
left_child=1 2 -1 4 6 10 7 -3 9 13 -2 -12 -10 -8
right_child=5 3 -4 -5 -6 -7 8 -9 12 -11 11 -13 -14 -15
leaf_value=-0.0051015026193556058 -0.049647255891148379 0.003572195331468775 -0.021576538154889642 0.038718098951956326 -0.0051015026193556058 -0.021576538154889642 0.0052894501035575005 -0.00047338119850257043 0.0077341078710943187 0.0038038779998216909 -0.034845188155230834 -0.044612948258397116 0.012099265897503368 0.0067203068798785326
leaf_weight=893.9949886277318 546.94475823547691 3064.4202503934503 360.64965938031673 99.355588315054774 861.19091058429331 31.369011221453547 2330.5040102601051 339.67356591299176 903.00882317125797 375.14815659821033 35.54476691223681 62.718312497250736 233.60336174070835 1123.7431255280972
leaf_count=12615 49831 22258 10331 745 12588 1025 10957 3401 3860 1944 2148 4573 1004 4838
internal_value=-0.00166025 0.00105955 -0.0131769 0.00297385 0.00258914 -0.0442126 0.00415474 0.00192365 0.00568411 0.00480935 -0.0481138 -0.0395786 0.00863126 0.00593422
internal_weight=11261.9 10585.3 1254.64 9330.65 9231.29 676.577 8370.1 3404.09 4966.01 3829.4 645.208 98.2631 1136.61 3454.25
internal_count=142118 84541 22946 61595 60850 57577 48262 25659 22603 17739 56552 6721 4864 15795
is_linear=0
shrinkage=0.05


Tree=46
num_leaves=15
num_cat=0
split_feature=0 1 0 1 0 1 1 1 1 0 0 1 0 1
split_gain=489.036 106.16 89.9783 45.386 63.7349 42.9652 32.2882 5.29166 3.51279 4.04519 2.56819 1.28777 0.587008 0.514579
threshold=0.99183067679405224 0.058228731155395515 0.26392500102519995 0.8072650432586671 0.67754125595092785 0.94780898094177257 0.48715169727802282 0.19559581577777865 0.42631649971008306 0.9992174804210664 0.54329654574394237 0.35614466667175299 0.55109152197837841 0.21134921163320544
decision_type=2 2 2 2 2 2 2 2 2 2 2 2 2 2
left_child=1 2 -1 4 7 8 -6 10 13 -10 -3 12 -9 -2
right_child=5 3 -4 -5 6 -7 -8 11 9 -11 -12 -13 -14 -15
leaf_value=-0.0048906276834169045 -0.050197718374527162 0.0030435401283989104 -0.021481161433102407 0.036071592075178176 -0.0048906276834169045 -0.021481161433102407 -0.00020538260993552759 0.0049878616863923949 -0.034723800221063542 -0.044333817228841256 -0.00020538260993552759 0.0061881367953073871 0.0039504015630233815 -0.045612256186373455
leaf_weight=920.74872467666864 450.20925657078624 2246.2758441418409 362.33426467142999 101.26168731972575 989.03585703205317 30.741022953763604 807.85314145870507 2343.4508680701256 34.367969117127359 60.055667463690042 93.455695636570454 2523.5539735108614 201.62669054418802 70.804526043124497
leaf_count=12972 43306 17621 10576 745 12915 1025 4870 11832 2148 4573 1047 10862 1101 6525
internal_value=-0.00165546 0.000921306 -0.0125614 0.00278016 0.00241394 -0.0438836 -0.00489063 0.00447986 -0.0479664 -0.0390931 0.00251303 0.00538777 0.00459417 -0.0495746
internal_weight=11235.8 10589.6 1283.08 9306.51 9205.25 646.178 1796.89 7408.36 615.437 94.4236 2339.73 5068.63 2545.08 521.014
internal_count=142118 84541 23548 60993 60248 57577 17785 42463 56552 6721 18668 23795 12933 49831
is_linear=0
shrinkage=0.05


Tree=47
num_leaves=15
num_cat=0
split_feature=0 0 1 1 1 1 0 1 1 0 0 1 0 1
split_gain=459.111 98.8153 129.534 42.865 42.5121 10.1411 13.1986 4.37172 3.65176 3.97401 3.56987 1.29586 1.24392 0.802228
threshold=0.99183067679405224 0.83474835753440868 0.32243853807449346 0.94780898094177257 0.055797813460230834 0.27841281890869146 0.54329654574394237 0.50234097242355358 0.42631649971008306 0.9992174804210664 0.65557706356048595 0.64957258105278026 0.26392500102519995 0.40275527536869055
decision_type=2 2 2 2 2 2 2 2 2 2 2 2 2 2
left_child=1 4 -3 8 12 6 -6 10 -2 -10 13 -9 -1 -7
right_child=3 2 -4 -5 5 7 -8 11 9 -11 -12 -13 -14 -15
leaf_value=-0.0025617437464463067 -0.049501011344335988 -0.021361233861839614 -0.0053380002607792722 -0.021361233861839614 0.0032967751649867413 0.0048355925537047354 -0.00082566011911278385 0.0071098334818237175 -0.034588002800713384 -0.04404684131228194 0.0035650402805241068 0.011250795442583259 -0.0053380002607792722 0.0061847072658196296
leaf_weight=871.99799183756113 496.32228798232973 557.82499948143959 570.86229875870049 30.127460913732648 3561.2963913157582 1884.6639814972878 354.59071362018585 905.47928094863892 33.232719917781651 57.51865526009351 348.30450235307217 238.74057734012604 170.0113907456398 1127.5631701946259
leaf_count=12436 49831 15003 5137 1025 24934 8662 3419 3860 2148 4573 1768 1022 3462 4838
internal_value=-0.00162289 0.000819935 -0.0131639 -0.0435424 0.0024879 0.00368668 0.00182562 0.00530446 -0.0478148 -0.0385927 0.00439557 0.00797384 -0.005338 0.00549697
internal_weight=11208.5 10591.3 1128.69 617.201 9462.65 8420.64 3915.89 4504.75 587.074 90.7514 3360.53 1144.22 1042.01 3012.23
internal_count=142118 84541 20140 57577 64401 48503 28353 20150 56552 6721 15268 4882 15898 13500
is_linear=0
shrinkage=0.05


Tree=48
num_leaves=15
num_cat=0
split_feature=0 1 0 1 1 0 1 1 0 1 1 0 1 1
split_gain=430.807 94.0319 146.435 42.758 39.484 30.0251 21.3716 3.79465 3.89688 2.62691 1.6841 1.16928 1.04828 0.564609
threshold=0.99183067679405224 0.10646418482065202 0.54329654574394237 0.94780898094177257 0.8072650432586671 0.65557706356048595 0.51091969013214122 0.42631649971008306 0.9992174804210664 0.40275527536869055 0.023054582998156551 0.61319905519485485 0.19559581577777865 0.21134921163320544
decision_type=2 2 2 2 2 2 2 2 2 2 2 2 2 2
left_child=1 2 10 7 5 9 -7 13 -9 11 -1 12 -3 -2
right_child=3 4 -4 -5 -6 6 -8 8 -10 -11 -12 -13 -14 -15
leaf_value=-0.011429755299350254 -0.050113142364864111 0.0028364663028082231 -0.021231271017576062 -0.021231271017576062 0.033978840147603273 -0.0025697585925997797 0.00092113809933723478 -0.034444872097392512 -0.04375170811858229 0.0060999269929108441 -0.0025697585925997797 0.00092113809933723478 0.0044586844131147456 -0.045079447165607626
leaf_weight=112.26761921495199 408.30264385975897 1458.6510894969106 437.38492388930172 29.528672862797976 102.7764106746763 994.0415739249438 836.07368093915284 32.137977005913854 55.101476024836302 1694.5887933671474 1710.5602204613388 105.94647934287786 3138.8135766685009 64.508970076218247
leaf_count=1745 43306 9792 13194 1025 745 10230 4842 2148 4573 7187 20787 632 15387 6525
internal_value=-0.00158992 0.00072576 -0.00831923 -0.0431883 0.00317971 0.002795 -0.00256976 -0.0476585 -0.0380771 0.00441203 -0.00256976 0.00380391 0.003944 -0.0494264
internal_weight=11180.7 10591.1 2260.21 589.58 8330.89 8228.12 1830.12 560.051 87.2395 6398 1822.83 4703.41 4597.46 472.812
internal_count=142118 84541 35726 57577 48815 48070 15072 56552 6721 32998 22532 25811 25179 49831
is_linear=0
shrinkage=0.05


Tree=49
num_leaves=15
num_cat=0
split_feature=0 1 0 1 1 0 1 0 1 0 1 1 1 1
split_gain=404.304 87.1624 209.206 42.6546 33.1681 12.0124 6.22522 8.33451 3.94154 3.8155 2.35201 2.04156 1.56945 1.36587
threshold=0.99183067679405224 0.1669825688004494 0.57688105106353771 0.94780898094177257 0.8072650432586671 0.83474835753440868 0.50234097242355358 0.61319905519485485 0.42631649971008306 0.9992174804210664 0.033470276743173606 0.48715169727802282 0.023054582998156551 0.64957258105278026
decision_type=2 2 2 2 2 2 2 2 2 2 2 2 2 2
left_child=1 2 10 8 5 6 7 -3 -2 -10 12 -7 -1 -8
right_child=3 4 -4 -5 -6 11 13 -9 9 -11 -12 -13 -14 -15
leaf_value=-0.01107710156111219 -0.049350503964397746 0.0043916874317038506 -0.021083955191692223 -0.021083955191692223 0.031754712035877597 -0.0010702479305321553 0.0065331075427631155 0.0014982813973220543 -0.03429062036696455 -0.043448160534338975 -0.0010702479305321553 0.0014982813973220543 -0.0046406428145794928 0.0108101446856083
leaf_weight=112.56199644505978 450.42708222288638 4631.1233374923468 582.64831209834665 28.944564133882523 104.43188168667257 355.0541565567255 907.72043041884899 644.37812566757202 31.08247753418982 52.798587036319077 2385.4524896517396 297.00956584326923 333.85814341530204 234.98877611756325
leaf_count=1775 49831 22620 15803 1025 745 4695 3860 3473 2148 4573 22944 2618 5004 1004
internal_value=-0.00154275 0.00065287 -0.0059228 -0.0428208 0.0037823 0.00336913 0.00406681 0.00334208 -0.0474973 -0.0375458 -0.00107025 -0.00107025 -0.00636614 0.00741265
internal_weight=11152.5 10589.2 3414.52 563.253 7174.71 7070.27 6418.21 5275.5 534.308 83.8811 2831.87 652.064 446.42 1142.71
internal_count=142118 84541 45526 57577 39015 38270 30957 26093 56552 6721 29723 7313 6779 4864
is_linear=0
shrinkage=0.05


Tree=50
num_leaves=15
num_cat=0
split_feature=0 0 1 1 1 0 1 1 0 1 0 1 1 0
split_gain=379.086 83.4657 121.029 42.538 34.2145 7.86747 10.031 4.09235 3.7361 3.08594 2.36788 0.9039 0.619062 0.674491
threshold=0.99183067679405224 0.83474835753440868 0.32243853807449346 0.94780898094177257 0.055797813460230834 0.65557706356048595 0.50234097242355358 0.42631649971008306 0.99943006038665783 0.24947264790534976 0.26392500102519995 0.46491803228855139 0.21134921163320544 0.99884316325187694
decision_type=2 2 2 2 2 2 2 2 2 2 2 2 2 2
left_child=1 4 -3 7 10 9 -7 12 -9 -6 -1 -11 -2 -14
right_child=3 2 -4 -5 5 6 -8 8 -10 11 -12 -13 13 -15
leaf_value=-0.0020981795488031448 -0.050029962528458621 -0.020930115200665279 -0.0051597354553148816 -0.020930115200665279 0.0026147984904332086 -0.0010008722978853274 0.0015162022035971046 -0.034130470695389215 -0.043135889438261125 0.0042764717643940589 -0.0051597354553148816 0.0060629593695969396 -0.043135889438261125 -0.047268665998479988
leaf_weight=864.85940803587437 370.31285928748548 534.54347155615687 572.0664946809411 28.375226588919759 3269.3669921793044 547.44710709154606 582.54847550392151 34.155259968712926 46.514518737792969 3135.4408076405525 165.19302733242512 914.57271836698055 17.386817594058812 41.415268090553582
leaf_count=12436 43306 15003 5137 1025 23980 3846 2533 2518 4203 14320 3462 3824 1852 4673
internal_value=-0.00150218 0.000578925 -0.0124153 -0.0424392 0.00209585 0.00315799 -0.000725069 -0.0473308 -0.0369986 0.00375747 -0.00515974 0.0046799 -0.0492732 -0.0445074
internal_weight=11124.2 10586 1106.61 538.16 9479.43 8449.38 1130 509.785 80.6698 7319.38 1030.05 4050.01 429.115 58.8021
internal_count=142118 84541 20140 57577 64401 48503 6379 56552 6721 42124 15898 18144 49831 6525
is_linear=0
shrinkage=0.05


Tree=51
num_leaves=15
num_cat=0
split_feature=0 1 0 1 1 0 1 0 1 1 0 1 1 1
split_gain=355.433 78.0762 73.4244 42.4244 33.6499 49.4177 12.0916 5.48943 6.01506 4.24401 3.65249 3.03439 0.815607 0.647094
threshold=0.99183067679405224 0.051333870738744743 0.26392500102519995 0.94780898094177257 0.8072650432586671 0.78302362561225902 0.43237458169460302 0.65557706356048595 0.51091969013214122 0.42631649971008306 0.99943006038665783 0.24947264790534976 0.46491803228855139 0.21134921163320544
decision_type=2 2 2 2 2 2 2 2 2 2 2 2 2 2
left_child=1 2 -1 9 5 7 -7 11 -9 13 -11 -3 -13 -2
right_child=3 4 -4 -5 -6 6 -8 8 -10 10 -12 12 -14 -15
leaf_value=-0.0050887916298580265 -0.049988314258321648 0.0024073018578195313 -0.020757837952393089 -0.020757837952393089 0.030031245765522144 -0.0050887916298580265 -0.0010029867064818832 -0.0010029867064818832 0.0013973670467028439 -0.033958152079769315 -0.042817757561066698 0.0040565768255090362 0.0057524758247083953 -0.044211365537822948
leaf_weight=788.59742464870214 352.53865093737841 3357.6547919884324 299.81605517026037 27.820439890027046 105.72276513278484 613.9531760988757 512.27124893665314 417.70601565763354 431.77216255664825 33.040493474341929 44.593471933156252 3140.0133969634771 915.70896701514721 56.201942895539105
leaf_count=11415 43306 25159 9480 1025 745 10991 3906 2862 1839 2518 4203 14320 3824 6525
internal_value=-0.00144605 0.000526343 -0.012158 -0.042042 0.00198038 0.00166452 -0.00508879 0.00308282 -0.000724335 -0.0471585 -0.0364415 0.00351907 0.00443948 -0.049194
internal_weight=11097.4 10583.2 1088.41 514.195 9494.8 9389.08 1126.22 8262.86 849.478 486.375 77.634 7413.38 4055.72 408.741
internal_count=142118 84541 20895 57577 63646 62901 14897 48004 4701 56552 6721 43303 18144 49831
is_linear=0
shrinkage=0.05


Tree=52
num_leaves=15
num_cat=0
split_feature=0 0 1 1 1 1 0 1 0 0 1 1 0 1
split_gain=332.973 75.3671 121.75 37.3074 29.2229 7.64989 19.5498 3.55047 5.21082 3.07745 2.22745 1.26475 0.669334 0.370488
threshold=0.99353677034378063 0.83474835753440868 0.32243853807449346 0.91447648406028759 0.055797813460230834 0.50234097242355358 0.65557706356048595 0.21134921163320544 0.9992174804210664 0.26392500102519995 0.27841281890869146 0.64957258105278026 0.54329654574394237 0.40275527536869055
decision_type=2 2 2 2 2 2 2 2 2 2 2 2 2 2
left_child=1 4 -3 7 9 6 10 -2 -9 -1 12 -7 -6 -12
right_child=3 2 -4 -5 5 11 -8 8 -10 -11 13 -13 -14 -15
leaf_value=-0.0017821516263230204 -0.050086294868036466 -0.020937467666747367 -0.0050328740106927198 -0.020937467666747367 0.0026591615215526992 0.0057737396716660049 -0.001098767909247384 -0.034161069477697328 -0.045037713266816631 -0.0050328740106927198 0.0037131357101683154 0.0098526489103510501 0.0010955233806534835 0.0044323215503131487
leaf_weight=860.06335935741663 325.387779943645 531.43279184680432 574.66998511832207 32.350951098836958 3586.19097359851 910.53296774625778 546.52893475815654 42.09977141302079 76.765834553167224 161.63020441681147 1899.1371169090271 240.17309120297432 152.84030994772911 1134.959782525897
leaf_count=12436 41986 16432 5385 1443 24934 3860 3846 3987 8484 3462 8662 1022 1341 4838
internal_value=-0.00141521 0.000423325 -0.0119284 -0.0422983 0.00186266 0.00283534 0.00223956 -0.0473847 -0.0399891 -0.00503287 0.00328981 0.00662508 0.00247302 0.00429638
internal_weight=11074.8 10598.2 1106.1 476.604 9492.06 8470.36 7319.66 444.253 118.866 1021.69 6773.13 1150.71 3739.03 3034.1
internal_count=142118 86218 21817 55900 64401 48503 43621 54457 12471 15898 39775 4882 26275 13500
is_linear=0
shrinkage=0.05


Tree=53
num_leaves=15
num_cat=0
split_feature=0 1 0 1 1 0 1 1 0 1 1 1 1 0
split_gain=312.151 70.8906 111.931 37.2296 34.2763 27.8394 21.0993 3.68954 5.18027 1.87931 0.579022 0.342149 0.114498 0.0569785
threshold=0.99353677034378063 0.083593722432851805 0.4354174286127091 0.91447648406028759 0.8072650432586671 0.65557706356048595 0.51091969013214122 0.21134921163320544 0.9992174804210664 0.35147787630558019 0.19559581577777865 0.46491803228855139 0.090634688735008254 0.99806669354438793
decision_type=2 2 2 2 2 2 2 2 2 2 2 2 2 2
left_child=1 2 -1 7 5 9 -7 13 -9 10 12 -11 -3 -2
right_child=3 4 -4 -5 -6 6 -8 8 -10 11 -12 -13 -14 -15
leaf_value=-0.0032970734905189364 -0.048627064206664378 0.00057060900309581627 -0.020769374978117386 -0.020769374978117386 0.030141337258668185 -0.0032970734905189364 1.3715355612460914e-05 -0.033994429708522185 -0.044793759662393379 0.0039734609293756206 0.0032032981517781511 0.0051896251234548477 0.0021441768033164227 -0.050374391248496866
leaf_weight=1381.990996196866 57.230271538719535 123.69441150873899 382.25438742525876 31.713229628279805 108.35064784251153 1036.9130876790732 838.49262420181185 40.716701713390648 73.445331140421331 1563.7661782056093 2475.1814616322517 917.72132328152657 1767.1617307662964 252.49777445569634
leaf_count=18567 7758 1093 13293 1443 804 12215 4928 3987 8484 6765 12442 3824 12287 34228
internal_value=-0.00137844 0.000364089 -0.00878621 -0.0419028 0.00219207 0.0018449 -0.00329707 -0.0472195 -0.039536 0.0033245 0.00270003 0.00442323 0.00204124 -0.0500515
internal_weight=11051.1 10595.5 1764.25 455.603 8831.28 8722.93 1875.41 423.89 114.162 6847.53 4366.04 2481.49 1890.86 309.728
internal_count=142118 86218 31860 55900 54358 53554 17143 54457 12471 36411 25822 10589 13380 41986
is_linear=0
shrinkage=0.05


Tree=54
num_leaves=15
num_cat=0
split_feature=0 1 0 1 1 1 0 1 0 0 1 1 1 1
split_gain=292.512 66.3564 196.797 37.1458 28.0264 8.39479 17.9784 3.83275 5.14481 2.45361 2.74283 0.918934 0.813753 0.543114
threshold=0.99353677034378063 0.18079877644777301 0.57688105106353771 0.91447648406028759 0.8072650432586671 0.47981558740139013 0.67754125595092785 0.21134921163320544 0.9992174804210664 0.53460946679115307 0.64957258105278026 0.023054582998156551 0.518865466117859 0.35614466667175299
decision_type=2 2 2 2 2 2 2 2 2 2 2 2 2 2
left_child=1 2 11 7 5 6 13 -2 -9 -7 12 -1 -11 -3
right_child=3 4 -4 -5 -6 9 -8 8 -10 10 -12 -13 -14 -15
leaf_value=-0.010418577511852092 -0.050016926063823991 0.0028932156121623492 -0.02058812687849218 -0.02058812687849218 0.02823752829936579 0.012347493553750383 -0.00098517812667586204 -0.03381829564624194 -0.044542602301215144 0.0037903938360946583 0.00880579011221185 -0.00098517812667586204 0.0053676503096208262 0.0037903938360946583
leaf_weight=110.01971885189414 294.82121767196804 2816.9124214798212 591.02985992096364 31.092412265948951 109.83338774554431 132.53072169423103 650.07534296996891 39.384503821842372 70.282801161054522 339.69193275924772 370.84113738033921 2941.1038654409349 866.00783146452159 1664.2666949033737
leaf_count=1775 41986 14409 17575 1443 804 551 6403 3987 8484 1688 2176 29320 4335 7182
internal_value=-0.00133552 0.000315817 -0.005151 -0.0414921 0.00318064 0.00277831 0.00176742 -0.0470485 -0.0390683 0.00581337 0.00526409 -0.000985178 0.0041059 0.00333985
internal_weight=11027.9 10592.3 3642.15 435.581 6950.16 6840.33 5131.25 404.489 109.667 1709.07 1576.54 3051.12 1205.7 4481.18
internal_count=142118 86218 48670 55900 37548 36744 27994 54457 12471 8750 8199 31095 6023 21591
is_linear=0
shrinkage=0.05


Tree=55
num_leaves=15
num_cat=0
split_feature=0 0 1 1 1 1 0 1 0 0 1 1 0 1
split_gain=273.752 64.1498 112.795 37.0444 23.7337 6.27164 17.3938 3.98012 5.10273 2.67245 1.57823 1.09949 0.507177 0.319407
threshold=0.99353677034378063 0.83474835753440868 0.30859386920928961 0.91447648406028759 0.050670415163040168 0.50234097242355358 0.65557706356048595 0.21134921163320544 0.9992174804210664 0.24163264036178592 0.27841281890869146 0.64957258105278026 0.54329654574394237 0.40275527536869055
decision_type=2 2 2 2 2 2 2 2 2 2 2 2 2 2
left_child=1 4 -3 7 9 6 10 -2 -9 -1 12 -7 -6 -12
right_child=3 2 -4 -5 5 11 -8 8 -10 -11 13 -13 -14 -15
leaf_value=-0.0015162064050687817 -0.049982399619335316 -0.020402319200012009 -0.0048369213786098901 -0.020402319200012009 0.0023301311556801676 0.0050375567550640914 -0.0012175744803514716 -0.033636797527156093 -0.044284008209544534 -0.0048369213786098901 0.0031780837433964706 0.0088331261915564185 0.00081968158624044036 0.0038500133011579382
leaf_weight=761.35064156353474 280.63148365542293 495.28520733304322 590.88516030460596 30.488406748510897 3688.8495657332242 913.26941204071045 548.44464202225208 38.10155198071152 67.270787415560335 149.28203000128269 1905.9182661473751 241.18833902478218 154.9087071493268 1138.613417044282
leaf_count=11141 41986 16246 5571 1443 26249 3860 3974 3987 8484 3256 8662 1022 1399 4838
internal_value=-0.0013034 0.000260685 -0.0112504 -0.0410653 0.00157653 0.00240177 0.0018695 -0.0468713 -0.0385856 -0.00483692 0.00285694 0.00583052 0.00218337 0.00370733
internal_weight=11004.5 10588 1086.17 416.492 9501.83 8591.19 7436.73 386.004 105.372 910.633 6888.29 1154.46 3843.76 3044.53
internal_count=142118 86218 21817 55900 64401 50004 45122 54457 12471 14397 41148 4882 27648 13500
is_linear=0
shrinkage=0.05


Tree=56
num_leaves=15
num_cat=0
split_feature=0 1 0 1 1 0 1 1 0 1 0 1 0 0
split_gain=256.004 59.7758 69.3214 36.9333 28.7226 37.1847 24.9387 4.13165 5.05557 1.71231 1.90655 0.492245 0.318185 0.256241
threshold=0.99353677034378063 0.051333870738744743 0.26392500102519995 0.91447648406028759 0.8072650432586671 0.67754125595092785 0.48715169727802282 0.21134921163320544 0.9992174804210664 0.19559581577777865 0.54329654574394237 0.35614466667175299 0.55109152197837841 0.39825916290283209
decision_type=2 2 2 2 2 2 2 2 2 2 2 2 2 2
left_child=1 2 -1 7 5 9 -7 -2 -9 10 -3 12 -11 -13
right_child=3 4 -4 -5 -6 6 -8 8 -10 11 -12 13 -14 -15
leaf_value=-0.0047856025208007531 -0.049947867577859018 0.0020107181613891007 -0.020205401940480441 -0.020205401940480441 0.026754263336293549 -0.0047856025208007531 -0.0010483933929975652 -0.033446491867237901 -0.044017743824701513 0.0030756064100460282 -0.0010483933929975652 0.0059645818842641888 0.002412598370046658 0.0035921631740220977
leaf_weight=779.35590612143278 267.12486494891346 2400.9552886895835 283.14989545568824 29.900859149172902 110.97938337549567 964.27241329476237 812.01870463602245 36.866101319901645 64.402186588384211 2381.3337577432394 95.447724740952253 119.39984023571014 204.18908310681581 2434.094551935792
leaf_count=11415 41986 19344 10167 1443 804 14585 4968 3987 8484 11832 1140 520 1101 10342
internal_value=-0.00126958 0.000211149 -0.0110374 -0.040622 0.00146622 0.00116804 -0.0047856 -0.0466876 -0.0380876 0.00268882 0.00161451 0.00321069 0.00272437 0.0037031
internal_weight=10983.5 10585.2 1062.51 398.294 9522.69 9411.71 1776.29 368.393 101.268 7635.42 2496.4 5139.02 2585.52 2553.49
internal_count=142118 86218 21582 55900 64636 63832 19553 54457 12471 44279 20484 23795 12933 10862
is_linear=0
shrinkage=0.05


Tree=57
num_leaves=15
num_cat=0
split_feature=0 0 1 1 1 1 0 1 0 0 1 1 0 1
split_gain=239.168 55.9966 108.231 36.8096 20.1156 5.70929 15.4767 4.28735 5.0031 3.90347 1.2505 1.06046 0.960956 0.606437
threshold=0.99353677034378063 0.83474835753440868 0.30859386920928961 0.91447648406028759 0.055797813460230834 0.50234097242355358 0.65557706356048595 0.21134921163320544 0.9992174804210664 0.26392500102519995 0.30859386920928961 0.64957258105278026 0.54329654574394237 0.023320428095757965
decision_type=2 2 2 2 2 2 2 2 2 2 2 2 2 2
left_child=1 4 -3 7 9 6 10 -2 -9 13 12 -7 -6 -1
right_child=3 2 -4 -5 5 11 -8 8 -10 -11 -12 -13 -14 -15
leaf_value=-0.0029381073215856432 -0.049913242545052625 -0.019999042878155036 -0.0046435170860154116 -0.019999042878155036 0.0023072090556325209 0.0046658800142299912 -0.0012326975571558749 -0.033248038208113007 -0.043743585579510288 -0.0046435170860154116 0.0034765900196824409 0.0083903481988065222 0.00068713428619800838 -0.0012326975571558749
leaf_weight=105.59825969487429 254.26889924425632 482.26789645245299 589.54988223128021 29.329607201740146 4042.6372203826904 914.59174145758152 541.5366713181138 35.676583845634013 61.670215411111712 153.70040915906429 2572.2529101669788 241.60821720957756 194.2191351018846 745.34838229417801
leaf_count=1665 41986 16246 5571 1443 26979 3860 3846 3987 8484 3462 11252 1022 1544 10771
internal_value=-0.00123782 0.000163227 -0.0106712 -0.0401613 0.00138412 0.00217812 0.0016644 -0.046497 -0.0375739 -0.00464352 0.00260697 0.00544417 0.00207901 -0.0012327
internal_weight=10964.3 10583.3 1071.82 380.945 9511.49 8506.85 7350.65 351.616 97.3468 1004.65 6809.11 1156.2 4236.86 850.947
internal_count=142118 86218 21817 55900 64401 48503 43621 54457 12471 15898 39775 4882 28523 12436
is_linear=0
shrinkage=0.05


Tree=58
num_leaves=15
num_cat=0
split_feature=0 1 0 1 1 1 0 0 1 0 1 1 1 1
split_gain=224.442 82.233 103.447 72.6682 22.5974 20.517 11.7025 6.84811 10.1558 3.67216 2.33869 1.30715 0.536966 0.428933
threshold=0.99735042452812206 0.84021082520484935 0.85655853152275097 0.30407729744911199 0.97800299525260936 0.050670415163040168 0.24163264036178592 0.65557706356048595 0.50234097242355358 0.99891343712806713 0.14925328642129901 0.24947264790534976 0.022805105894804004 0.40275527536869055
decision_type=2 2 2 2 2 2 2 2 2 2 2 2 2 2
left_child=1 2 5 -4 9 6 12 11 -9 10 -2 -7 -1 -13
right_child=4 -3 3 -5 -6 7 -8 8 -10 -11 -12 13 -14 -15
leaf_value=-0.004867965669992173 -0.04224645253846198 0.05113079655175358 -0.021373788629095627 -0.0076962657842337056 -0.021373788629095627 0.001752440120584339 -0.0076962657842337056 -0.0020396655557506404 0.00048214331796861171 -0.049553129729171974 -0.034219922776138299 0.0026447252772392425 -0.0020396655557506404 0.0036829027675730785
leaf_weight=88.628574885427952 30.342494323384017 78.134940050542355 463.82403479609638 437.52817248832434 11.025858804583548 3396.8256317302585 154.09187016263604 609.7331477291882 645.92750798165798 252.59439314063638 21.464041935745627 2374.5964788645506 667.69234293699265 1712.3682084977627
leaf_count=1407 5262 786 21652 5536 475 25353 3485 4560 2829 40383 2512 10957 9734 7187
internal_value=-0.00120823 2.52035e-05 -0.000353249 -0.0165524 -0.0427728 0.00115984 -0.00598329 0.00190396 -0.00151298 -0.0470661 -0.0349398 0.00247727 -0.00203967 0.0030797
internal_weight=10944.8 10629.4 10551.2 901.352 315.427 9649.86 910.413 8739.45 1255.66 304.401 51.8065 7483.79 756.321 4086.96
internal_count=142118 93486 92700 27188 48632 65512 14626 50886 7389 48157 7774 43497 11141 18144
is_linear=0
shrinkage=0.05


Tree=59
num_leaves=15
num_cat=0
split_feature=0 1 0 1 1 1 0 0 1 0 1 1 1 1
split_gain=210.596 72.2422 95.3792 72.5081 22.5347 19.1947 11.2887 6.29958 9.85812 3.80375 2.25081 1.17955 0.425062 0.387146
threshold=0.99735042452812206 0.84021082520484935 0.85655853152275097 0.26577670872211462 0.97800299525260936 0.050670415163040168 0.24163264036178592 0.65557706356048595 0.50234097242355358 0.99891343712806713 0.14925328642129901 0.24947264790534976 0.022805105894804004 0.40275527536869055
decision_type=2 2 2 2 2 2 2 2 2 2 2 2 2 2
left_child=1 2 5 -4 9 6 12 11 -9 10 -2 -7 -1 -13
right_child=4 -3 3 -5 -6 7 -8 8 -10 -11 -12 13 -14 -15
leaf_value=-0.004743338809698289 -0.041909590089195745 0.047258806124387633 -0.02119929265457466 -0.0074692207074503626 -0.02119929265457466 0.0016629071507156608 -0.0074692207074503626 -0.0020174569119462155 0.00043719501586543855 -0.049496835091724721 -0.034045443639667931 0.0025100568832665351 -0.0020174569119462155 0.0034959497615212362
leaf_weight=88.256079912185669 29.101292755454779 80.252559144049883 416.37085990561172 473.7028687344864 10.803563894703982 3400.6277122348547 153.02147386968136 609.01641976460814 646.01067231595516 240.54168512532488 20.756014172919095 2376.837838023901 666.53312873467803 1713.7088515758514
leaf_count=1407 5262 786 20871 6317 475 25353 3485 4560 2829 40383 2512 10957 9734 7187
internal_value=-0.00116958 -7.47286e-07 -0.000360447 -0.0160219 -0.0423978 0.0010835 -0.0058367 0.00180178 -0.00147664 -0.0468916 -0.0343223 0.00235103 -0.00201746 0.00292309
internal_weight=10925.5 10624.3 10544.1 890.074 301.203 9654.01 907.811 8746.2 1255.03 290.399 49.8573 7491.17 754.789 4090.55
internal_count=142118 93486 92700 27188 48632 65512 14626 50886 7389 48157 7774 43497 11141 18144
is_linear=0
shrinkage=0.05


Tree=60
num_leaves=15
num_cat=0
split_feature=0 1 0 1 1 1 0 0 1 0 1 1 1 1
split_gain=197.442 63.65 88.1672 67.2906 22.4664 18.4698 11.8773 6.5607 9.73438 3.93824 2.17557 1.06443 0.35542 0.266953
threshold=0.99735042452812206 0.84021082520484935 0.86675652861595165 0.26577670872211462 0.97800299525260936 0.050670415163040168 0.24163264036178592 0.65557706356048595 0.50234097242355358 0.99891343712806713 0.14925328642129901 0.24947264790534976 0.46491803228855139 0.42631649971008306
decision_type=2 2 2 2 2 2 2 2 2 2 2 2 2 2
left_child=1 2 5 -4 9 6 -1 11 -9 10 -2 -7 -13 -11
right_child=4 -3 3 -5 -6 7 -8 8 -10 13 -12 12 -14 -15
leaf_value=-0.0020801597857646125 -0.041651524688309453 0.043798947981269466 -0.021016758152863489 -0.0075781709646227553 -0.021016758152863489 0.0015780427580325926 -0.0075781709646227553 -0.0020801597857646125 0.00031359191458809108 -0.05026727959997989 -0.0338636641421068 0.002523223667590461 0.0036380597969026644 -0.045920272484416706
leaf_weight=753.28257929161191 27.919618359766901 82.209635500796139 388.7766614574939 430.78467879630625 10.587293669581411 3404.2367722205818 156.67694354057312 639.91659785807133 669.7496892362833 185.44292442081496 20.074328785762191 3170.8965279310942 923.03592151403427 43.626664772164077
leaf_count=11141 5262 786 20542 6097 475 25353 3614 4863 2946 35095 2512 14320 3824 5288
internal_value=-0.00113307 -2.59035e-05 -0.000367813 -0.0161167 -0.0420076 0.00096039 -0.00582135 0.00166103 -0.00160416 -0.0467106 -0.0338637 0.00223134 0.00277458 -0.0494394
internal_weight=10907.2 10619.6 10537.4 819.561 287.651 9717.8 909.96 8807.84 1309.67 277.064 47.9939 7498.17 4093.93 229.07
internal_count=142118 93486 92700 26639 48632 66061 14755 51306 7809 48157 7774 43497 18144 40383
is_linear=0
shrinkage=0.05


Tree=61
num_leaves=15
num_cat=0
split_feature=0 1 0 1 1 1 0 1 0 0 1 1 1 1
split_gain=185.514 85.6033 85.4754 83.2293 17.9492 16.9802 11.2948 6.44049 16.8818 1.48785 1.37305 1.26289 1.2011 0.390336
threshold=0.99840649962425243 0.87855866551399242 0.85655853152275097 0.26577670872211462 0.97800299525260936 0.055797813460230834 0.26392500102519995 0.518865466117859 0.61319905519485485 0.99904778599739086 0.64957258105278026 0.45187492668628698 0.22441358119249347 0.19559581577777865
decision_type=2 2 2 2 2 2 2 2 2 2 2 2 2 2
left_child=1 2 5 -4 9 6 -1 8 11 12 -9 13 -2 -7
right_child=4 -3 3 -5 -6 7 -8 10 -10 -11 -12 -13 -14 -15
leaf_value=-0.0017557146530359441 -0.04326671255410014 0.062047551119460788 -0.021988829625893463 -0.0069996276440558005 -0.021988829625893463 0.0014720003654119832 -0.0069996276440558005 0.004259484131702608 -0.0017557146530359441 -0.049589127521179784 0.0083541177044532105 0.0032559780852379457 -0.03509475005198559 0.0022884686240855672
leaf_weight=845.76162061095238 17.080952086485926 55.117172548547387 419.08563974825665 504.17482420243323 9.6997615844011289 2386.2574774213135 159.78322285413742 773.8979070931673 872.92199959233403 211.86300935270265 278.38482841849327 559.63561759889126 9.0520385629497451 3787.0352376103401
leaf_count=12436 3360 685 24424 7329 446 18779 3719 3291 5846 39275 1192 2342 1078 17916
internal_value=-0.00109853 -0.000102901 -0.000426466 -0.0149615 -0.0438748 0.000962196 -0.00518789 0.00167646 0.00116922 -0.0482007 0.00534273 0.00223588 -0.0369443 0.00197287
internal_weight=10889.8 10642.1 10586.9 923.26 247.696 9663.68 1005.54 8658.13 7605.85 237.996 1052.28 6732.93 26.133 6173.29
internal_count=142118 97959 97274 31753 44159 65521 16155 49366 44883 43713 4483 39037 4438 36695
is_linear=0
shrinkage=0.05


Tree=62
num_leaves=15
num_cat=0
split_feature=0 1 0 1 1 1 0 1 0 0 1 1 0 1
split_gain=174.335 74.4658 78.4622 77.9426 17.9301 16.339 10.825 5.79588 17.7701 1.54526 1.16145 0.936772 1.25981 0.708006
threshold=0.99840649962425243 0.87855866551399242 0.86675652861595165 0.26577670872211462 0.97800299525260936 0.050670415163040168 0.24163264036178592 0.50234097242355358 0.65557706356048595 0.99904778599739086 0.22441358119249347 0.35147787630558019 0.55109152197837841 0.66777718067169201
decision_type=2 2 2 2 2 2 2 2 2 2 2 2 2 2
left_child=1 2 5 -4 9 6 -1 8 11 10 -2 12 -7 -9
right_child=4 -3 3 -5 -6 7 -8 13 -10 -11 -12 -13 -14 -15
leaf_value=-0.002037631892483452 -0.042962818656016533 0.056782739352575676 -0.021841696367889366 -0.0070869300394197339 -0.021841696367889366 0.0018601750340966725 -0.0070869300394197339 0.004060092521939538 -0.002037631892483452 -0.049539222280112608 -0.034962468557268693 0.002807617447904183 -2.0655542822544012e-05 0.0070657733987488829
leaf_weight=750.81842705234885 16.364761511329565 57.160455563105643 391.5047146268189 458.71028963150457 9.4979937281459552 4765.2947281263769 154.58222580328584 1004.4044381380081 638.16084419190884 201.72829669201747 8.7456985334865731 1928.0279459059238 245.27695690467954 243.40603795647621
leaf_count=11141 3360 685 24095 7098 446 31124 3614 4268 4863 39275 1078 8240 1784 1047
internal_value=-0.00107644 -0.000132763 -0.000440254 -0.0150064 -0.0435506 0.000832552 -0.00556411 0.00148885 0.000968835 -0.0480832 -0.0363864 0.00199632 0.00163336 0.0046464
internal_weight=10873.7 10637.3 10580.2 850.215 236.337 9729.97 905.401 8824.57 7576.76 226.839 25.1105 6938.6 5010.57 1247.81
internal_count=142118 97959 97274 31193 44159 66081 14755 51326 46011 43713 4438 41148 32908 5315
is_linear=0
shrinkage=0.05


Tree=63
num_leaves=15
num_cat=0
split_feature=0 1 0 1 1 1 0 1 0 0 1 1 1 1
split_gain=163.661 65.0738 71.9448 81.7612 17.9047 14.8083 10.4046 5.44192 15.4157 1.60444 1.15406 1.11918 1.09468 0.338452
threshold=0.99840649962425243 0.87855866551399242 0.85655853152275097 0.26577670872211462 0.97800299525260936 0.055797813460230834 0.26392500102519995 0.518865466117859 0.61319905519485485 0.99904778599739086 0.64957258105278026 0.22441358119249347 0.45187492668628698 0.19559581577777865
decision_type=2 2 2 2 2 2 2 2 2 2 2 2 2 2
left_child=1 2 5 -4 9 6 -1 8 12 11 -9 -2 13 -7
right_child=4 -3 3 -5 -6 7 -8 10 -10 -11 -12 -13 -14 -15
leaf_value=-0.0017485148742805033 -0.042649277392983853 0.052174251038891818 -0.021691066176139605 -0.0065840121931624628 -0.021691066176139605 0.0013040817812862734 -0.0065840121931624628 0.0038361752845484896 -0.0017485148742805033 -0.049488247621527134 0.0075846276332544073 -0.034826303519571021 0.0029127873581148191 0.0020636006943312904
leaf_weight=843.28700894117355 15.683034524787219 59.047622845508158 402.67036615917459 499.43919475376606 9.3015407864004356 2391.5624159947038 157.84512928128242 775.30017039179802 871.59344981610775 192.08261051960289 279.30899675190449 8.4506318131461722 560.35696643590927 3793.0953113138676
leaf_count=12436 3360 685 24424 7329 446 18779 3719 3291 5846 39275 1192 1078 2342 17916
internal_value=-0.00106318 -0.00016926 -0.000461546 -0.013966 -0.0432129 0.000797972 -0.00495976 0.00146273 0.000996637 -0.0479615 0.00482894 -0.0358103 0.00202288 0.0017699
internal_weight=10859 10633.5 10574.5 902.11 225.518 9672.35 1001.13 8671.22 7616.61 216.216 1054.61 24.1337 6745.01 6184.66
internal_count=142118 97959 97274 31753 44159 65521 16155 49366 44883 43713 4483 4438 39037 36695
is_linear=0
shrinkage=0.05


Tree=64
num_leaves=15
num_cat=0
split_feature=0 1 0 1 1 1 0 0 1 0 1 1 0 1
split_gain=153.618 57.0485 65.8473 76.6327 17.8799 14.2857 9.92381 5.39597 8.0104 1.66542 1.07521 0.765055 0.404464 0.219159
threshold=0.99840649962425243 0.87855866551399242 0.86675652861595165 0.26577670872211462 0.97800299525260936 0.050670415163040168 0.24163264036178592 0.65557706356048595 0.50234097242355358 0.99904778599739086 0.22441358119249347 0.27841281890869146 0.54329654574394237 0.09216176345944406
decision_type=2 2 2 2 2 2 2 2 2 2 2 2 2 2
left_child=1 2 5 -4 9 6 -1 11 -9 10 -2 12 13 -7
right_child=4 -3 3 -5 -6 7 -8 8 -10 -11 -12 -13 -14 -15
leaf_value=-0.0020105322519435808 -0.04232582986991789 0.048104563241254755 -0.021526495791713479 -0.0066525675398678751 -0.021526495791713479 0.00076204682304931203 -0.0066525675398678751 -0.0020105322519435808 7.3821345609824746e-05 -0.049436087775536749 -0.034680906577096202 0.002331081864145997 7.3821345609824746e-05 0.0016414188769804585
leaf_weight=748.39267283678055 15.034118670504542 60.793650710955262 375.90826350357383 454.22785362834111 9.1102849934250099 735.61296380311251 152.63678185641766 636.43841763958335 677.30264230072498 182.90260907169431 8.1664353688247484 3639.9713813811541 155.76611590757966 2991.3277310729027
leaf_count=11141 3360 685 24095 7098 446 8050 3614 4863 2966 39275 1078 15849 1399 18199
internal_value=-0.00103898 -0.000192134 -0.000469977 -0.0139876 -0.0428609 0.000682423 -0.00531503 0.00129397 -0.00166267 -0.0478353 -0.0352156 0.00181031 0.00132209 0.00145027
internal_weight=10843.6 10628.4 10567.6 830.136 215.213 9737.45 901.029 8836.42 1313.74 206.103 23.2006 7522.68 3882.71 3726.94
internal_count=142118 97959 97274 31193 44159 66081 14755 51326 7829 43713 4438 43497 27648 26249
is_linear=0
shrinkage=0.05


Tree=65
num_leaves=15
num_cat=0
split_feature=0 1 0 1 1 1 0 1 0 1 1 1 0 1
split_gain=144.208 53.0438 64.3039 81.0682 14.8845 13.4064 9.92519 5.07342 12.2241 1.97076 0.522112 0.35209 0.837318 0.141561
threshold=0.99891343712806713 0.87855866551399242 0.86675652861595165 0.245969332754612 0.97800299525260936 0.050670415163040168 0.24163264036178592 0.30859386920928961 0.55109152197837841 0.518865466117859 0.66777718067169201 0.42631649971008306 0.99943006038665783 0.47263513505458837
decision_type=2 2 2 2 2 2 2 2 2 2 2 2 2 2
left_child=1 2 5 -4 11 6 -1 8 -7 13 -11 -2 -13 -9
right_child=4 -3 3 -5 -6 7 -8 9 -10 10 -12 12 -14 -15
leaf_value=-0.0019834678560778679 -0.050208713021707402 0.045114276643574251 -0.022331880903320011 -0.0065940674610311476 -0.022331880903320011 0.0012838374396617121 -0.0065940674610311476 0.0016928219237543653 -0.0019834678560778679 0.0037285684687435451 0.0063564246998457728 -0.03573130723427894 -0.047395560101053474 0.0025982444977552944
leaf_weight=747.10714266449213 145.13094801083207 64.084875581786036 365.98004336608574 470.3159203552641 8.3706158790737373 4186.4537254013121 151.71555789932609 2590.5746238082647 465.01024812087417 836.98842452466488 244.15428954362869 5.4870025827549389 28.909865015652031 518.02216623723507
leaf_count=11141 35095 793 26232 8209 420 28411 3614 11568 4530 3558 1047 776 4512 2212
internal_value=-0.00100464 -0.000237869 -0.00051267 -0.0138179 -0.0444259 0.000629738 -0.00518814 0.0012212 8.44544e-05 0.00248322 0.00432202 -0.0491307 -0.0445824 0.0018437
internal_weight=10828.3 10640.4 10576.3 836.296 187.898 9740.03 898.823 8841.2 4651.46 4189.74 1081.14 179.528 34.3969 3108.6
internal_count=142118 101315 100522 34441 40803 66081 14755 51326 32941 18385 4605 40383 5288 13780
is_linear=0
shrinkage=0.05


Tree=66
num_leaves=15
num_cat=0
split_feature=0 1 0 1 1 1 0 1 0 1 1 1 0 1
split_gain=135.652 46.7362 58.723 84.1153 14.8918 12.1559 9.50229 4.63284 13.6682 1.01083 0.946724 0.369872 0.838289 0.268416
threshold=0.99891343712806713 0.87855866551399242 0.85655853152275097 0.26577670872211462 0.97800299525260936 0.055797813460230834 0.26392500102519995 0.518865466117859 0.61319905519485485 0.64957258105278026 0.45187492668628698 0.42631649971008306 0.99943006038665783 0.19559581577777865
decision_type=2 2 2 2 2 2 2 2 2 2 2 2 2 2
left_child=1 2 5 -4 11 6 -1 8 10 -9 13 -2 -13 -7
right_child=4 -3 3 -5 -6 7 -8 9 -10 -11 -12 12 -14 -15
leaf_value=-0.0017079973286417225 -0.050198490840921831 0.041788852384968989 -0.022193389955863955 -0.0061072080227484752 -0.022193389955863955 0.0011060304314186725 -0.0061072080227484752 0.0033834768193735753 -0.0017079973286417225 0.0068869892252544362 0.0025459694841483312 -0.035628439836137935 -0.047248410465737294 0.0017816189054490343
leaf_weight=839.55512409284711 138.08022634638473 65.682241315022111 390.76173774711788 497.25136293191463 8.1931165084242803 2397.7692144028842 155.18406933173537 776.72235071659088 870.19208282977343 280.12799435853958 561.206329241395 5.2975033326074472 27.591470905579627 3800.66004152596
leaf_count=12436 35095 793 27043 7958 420 18779 3719 3291 5846 1192 2342 776 4512 17916
internal_value=-0.000984242 -0.000257406 -0.000518697 -0.0128244 -0.0441294 0.000610029 -0.00462557 0.00120957 0.000779824 0.00431212 0.00176203 -0.0490635 -0.0442983 0.00152028
internal_weight=10814.3 10635.1 10569.4 888.013 179.162 9681.42 994.739 8686.68 7629.83 1056.85 6759.64 170.969 32.889 6198.43
internal_count=142118 101315 100522 35001 40803 65521 16155 49366 44883 4483 39037 40383 5288 36695
is_linear=0
shrinkage=0.05


Tree=67
num_leaves=15
num_cat=0
split_feature=0 1 0 1 1 1 0 0 1 1 1 0 1 1
split_gain=127.555 43.9919 154.8 31.2521 14.8982 7.29879 13.0031 3.15975 2.39861 0.566752 0.388308 0.838559 0.273455 0.139197
threshold=0.99891343712806713 0.14005187153816226 0.57688105106353771 0.84021082520484935 0.97800299525260936 0.47263513505458837 0.67754125595092785 0.53460946679115307 0.61620560288429271 0.518865466117859 0.42631649971008306 0.99943006038665783 0.35614466667175299 0.19559581577777865
decision_type=2 2 2 2 2 2 2 2 2 2 2 2 2 2
left_child=1 2 -1 5 10 6 12 -7 9 -9 -2 -12 13 -3
right_child=4 3 -4 -5 -6 7 -8 8 -10 -11 11 -13 -14 -15
leaf_value=-0.001976618480261478 -0.050188775328615376 0.0008555746465472823 -0.022045095215954186 0.029677933965214218 -0.022045095215954186 0.010483874682693054 -0.001976618480261478 0.0022440988725045776 0.0060970020727893004 0.0036525690585960317 -0.035519569268343591 -0.047096222140909423 0.0021625990322500332 0.0015645489606294395
leaf_weight=2371.7210595160723 131.37076118658297 942.21139208227396 452.40087428828701 98.307105626910925 8.0202922970056516 172.76659362018108 697.90172094479203 392.15228290576488 550.24037051899359 734.30412034969777 5.1149629284627762 26.336155110038817 1606.6987547129393 2610.4171187207103
leaf_count=26845 35095 5892 25998 1060 420 714 11141 2156 3730 3970 776 4512 6876 12933
internal_value=-0.00095922 -0.000270319 -0.00561784 0.0016646 -0.0438199 0.00130726 0.000442614 0.00404558 0.00338218 0.0022441 -0.048994 -0.0440037 0.00162132 0.00137652
internal_weight=10800 10629.1 2824.12 7805 170.842 7706.69 5857.23 1849.46 1676.7 1126.46 162.822 31.4511 5159.33 3552.63
internal_count=142118 101315 52843 48472 40803 47412 36842 10570 9856 6126 40383 5288 25701 18825
is_linear=0
shrinkage=0.05


Tree=68
num_leaves=15
num_cat=0
split_feature=0 1 0 1 1 1 0 1 1 1 0 1 1 1
split_gain=119.819 39.9674 136.926 28.1076 14.9001 7.20344 12.7642 3.11171 0.717201 0.407421 0.837946 0.142212 0.0731889 0.0605199
threshold=0.99891343712806713 0.12285117805004121 0.55966520309448253 0.84021082520484935 0.97800299525260936 0.30859386920928961 0.55109152197837841 0.518865466117859 0.64957258105278026 0.42631649971008306 0.99943006038665783 0.47263513505458837 0.94780898094177257 0.61620560288429271
decision_type=2 2 2 2 2 2 2 2 2 2 2 2 2 2
left_child=1 2 -1 5 9 6 -3 11 13 -2 -11 -7 -12 -9
right_child=4 3 -4 -5 -6 7 -8 8 -10 10 12 -13 -14 -15
leaf_value=-0.0022168709071644028 -0.050179532638811079 0.00086719628172647698 -0.021893284046674153 0.027790764173438322 -0.021893284046674153 0.0014107499035745194 -0.0022168709071644028 0.0034700557717503703 0.006171089408783771 -0.03540775448398361 -0.046938751057298195 0.0022893470525614935 -0.041173252770640906 0.0046093589048550173
leaf_weight=2074.5456729009748 124.98616506974213 2930.7776005715132 410.97956433147192 99.696536952629685 7.8520861361175767 2727.0198777685873 527.42239834694192 746.33712378516793 413.24621569272131 4.9391461438499418 20.687306196428839 554.16576279187575 4.453636882826685 138.13681851699948
leaf_count=24718 35095 16305 24804 1060 420 14226 9632 4016 2905 776 4203 2824 309 825
internal_value=-0.000942486 -0.000289817 -0.00583903 0.00140528 -0.0434968 0.00107798 -0.000644463 0.00237886 0.00445145 -0.0489222 -0.043698 0.00155914 -0.0469388 0.00364799
internal_weight=10785.2 10622.3 2485.53 8136.8 162.918 8037.11 3458.2 4578.91 1297.72 155.066 30.0801 3281.19 25.1409 884.474
internal_count=142118 101315 49522 51793 40803 50733 25937 24796 7746 40383 5288 17050 4512 4841
is_linear=0
shrinkage=0.05


Tree=69
num_leaves=15
num_cat=0
split_feature=0 1 0 1 1 1 0 1 1 1 0 1 1 1
split_gain=112.554 36.4319 115.446 25.3981 14.9027 8.12596 16.5863 2.80089 0.643423 0.426678 0.837216 0.128211 0.0752989 0.0543365
threshold=0.99891343712806713 0.099902357906103148 0.54329654574394237 0.84021082520484935 0.97800299525260936 0.30859386920928961 0.55109152197837841 0.518865466117859 0.64957258105278026 0.42631649971008306 0.99943006038665783 0.47263513505458837 0.94780898094177257 0.61620560288429271
decision_type=2 2 2 2 2 2 2 2 2 2 2 2 2 2
left_child=1 2 -1 5 9 6 -3 11 13 -2 -11 -7 -12 -9
right_child=4 3 -4 -5 -6 7 -8 8 -10 10 12 -13 -14 -15
leaf_value=-0.0025971511308435008 -0.050170746479592035 0.00070584217831024237 -0.021728995779413673 0.0260529226353437 -0.021728995779413673 0.0013395801754597393 -0.0025971511308435008 0.0032934991293001301 0.0058497577302507988 -0.035288645677499335 -0.046779110444932825 0.0021735718548911262 -0.041033878061216084 0.0043722866995147954
leaf_weight=1678.9531072564423 118.91081578214653 3316.239677451551 351.02135444479063 100.99475093372166 7.6883915513753882 2728.2764065577649 586.01765533676371 747.01154730282724 414.12565290322527 4.7698091757483807 19.747868932317946 554.49070948176086 4.2790378192439666 138.34014715906233
leaf_count=21654 35095 19215 22685 1060 420 14226 11905 4016 2905 776 4203 2824 309 825
internal_value=-0.000915755 -0.000297348 -0.00632126 0.00112696 -0.0431606 0.000830256 -0.000846521 0.00225821 0.00422299 -0.0488483 -0.0433875 0.00148045 -0.0467791 0.00346206
internal_weight=10770.9 10615.5 2029.97 8585.5 155.396 8484.5 3902.26 4582.24 1299.48 147.708 28.7967 3282.77 24.0269 885.352
internal_count=142118 101315 44339 56976 40803 55916 31120 24796 7746 40383 5288 17050 4512 4841
is_linear=0
shrinkage=0.05


Tree=70
num_leaves=15
num_cat=0
split_feature=0 1 0 1 0 1 1 0 1 0 1 0 0 1
split_gain=105.637 33.832 71.2839 29.7611 16.2557 19.1541 14.902 0.479763 0.44663 0.835724 0.271331 0.429036 0.15127 2.04322
threshold=0.99891343712806713 0.051333870738744743 0.4354174286127091 0.87855866551399242 0.67754125595092785 0.34157374501228338 0.97800299525260936 0.65557706356048595 0.42631649971008306 0.99943006038665783 0.40275527536869055 0.61319905519485485 0.55109152197837841 0.45187492668628698
decision_type=2 2 2 2 2 2 2 2 2 2 2 2 2 2
left_child=1 2 -1 4 7 -6 8 10 -2 -10 11 -3 13 -12
right_child=6 3 -4 -5 5 -7 -8 -9 9 -11 12 -13 -14 -15
leaf_value=-0.0041797662088073253 -0.050162388537178804 0.0013653239118639046 -0.021558119927133468 0.033060890298257928 -0.0041797662088073253 -0.0012532859729665145 -0.021558119927133468 -0.0011619674018257667 -0.035164893877025531 -0.046613922447056803 0.00203667227800155 0.00013806885731767991 0.0016316661533642071 0.0056167425020513181
leaf_weight=795.90720752999187 113.12983507756144 5685.7775833643973 222.17275817878544 70.151506534777582 587.21528696035966 1227.3613646640442 7.5291693471372119 181.70133255049586 4.606736300513151 22.965323623735458 501.43720525503159 115.24505579099059 812.12545143067837 410.20668737590313
leaf_count=12191 35095 35319 15304 793 18817 9931 420 976 776 4512 2119 797 3364 1704
internal_value=-0.000892207 -0.000306544 -0.0089729 0.000613363 0.000374289 -0.00388337 -0.0428097 0.0013768 -0.0487717 -0.0430655 0.00143811 0.00127444 0.00198889 0.00244168
internal_weight=10757.5 10609.3 1018.08 9591.22 9521.07 1814.58 148.231 7706.49 140.702 27.5721 7524.79 5801.02 1723.77 911.644
internal_count=142118 101315 27495 73820 73027 28748 40803 44279 40383 5288 43303 36116 7187 3823
is_linear=0
shrinkage=0.05


Tree=71
num_leaves=15
num_cat=0
split_feature=0 1 0 1 1 1 1 1 1 1 0 1 1 1
split_gain=99.1964 32.8187 166.714 21.4203 11.5023 4.5727 1.30401 0.65676 0.190324 0.1146 0.102561 0.0810086 0.0746018 0.0616175
threshold=0.9992174804210664 0.18079877644777301 0.57688105106353771 0.84021082520484935 0.97800299525260936 0.51091969013214122 0.30859386920928961 0.64957258105278026 0.94780898094177257 0.20784864574670794 0.99943006038665783 0.47263513505458837 0.44537897408008581 0.61620560288429271
decision_type=2 2 2 2 2 2 2 2 2 2 2 2 2 2
left_child=1 2 -1 5 8 6 9 13 10 -3 12 -8 -2 -7
right_child=4 3 -4 -5 -6 7 11 -9 -10 -11 -12 -13 -14 -15
leaf_value=-0.0013001009045083864 -0.047390051272930701 -0.00090489503276543518 -0.02222657913490151 0.024097019772542184 -0.02222657913490151 0.0029941097934746627 0.0012129828218519179 0.005527737873159258 -0.039052691163670501 -5.3184062225432819e-05 -0.050164983680526999 0.0019285357739731116 -0.044400436869114511 0.0041318799883473143
leaf_weight=3043.5858876109123 7.3394969003275019 502.38230644818395 530.03291296330281 104.6202690997161 6.8582493197172871 840.71992252068594 2730.9228861825541 415.39474899554625 4.308953338302671 1846.8869969344232 110.84362625656649 462.52811431884766 1.6609263615682719 138.6166899879463
leaf_count=31095 2392 4046 30550 1167 391 4596 14425 3011 337 12003 34531 2369 356 849
internal_value=-0.00087268 -0.000339024 -0.00424161 0.00164141 -0.0441141 0.00130277 0.000658835 0.00386178 -0.049377 -0.000235319 -0.0497482 0.00131662 -0.0446151 0.00315515
internal_weight=10746.7 10615.7 3573.62 7042.07 131.011 6937.45 5542.72 1394.73 124.153 2349.27 119.844 3193.45 9.00042 979.337
internal_count=142118 104111 61645 42466 38007 41299 32843 8456 37616 16049 37279 16794 2748 5445
is_linear=0
shrinkage=0.05


Tree=72
num_leaves=15
num_cat=0
split_feature=0 1 0 1 0 1 1 0 1 1 0 0 1 1
split_gain=93.3867 30.2426 71.781 27.0204 15.5167 17.3317 11.5208 0.438474 0.198736 0.148362 0.398999 0.125062 1.85451 0.21539
threshold=0.9992174804210664 0.051333870738744743 0.4354174286127091 0.87855866551399242 0.67754125595092785 0.34157374501228338 0.97800299525260936 0.65557706356048595 0.94780898094177257 0.40275527536869055 0.61319905519485485 0.55109152197837841 0.45187492668628698 0.47263513505458837
decision_type=2 2 2 2 2 2 2 2 2 2 2 2 2 2
left_child=1 2 -1 4 7 -6 8 9 -2 10 -3 12 -11 -14
right_child=6 3 -4 -5 5 -7 -8 -9 -10 11 -12 -13 13 -15
leaf_value=-0.004004418026691727 -0.049718926066806987 0.0013153451396558267 -0.02206395486401181 0.030776125951101543 -0.004004418026691727 -0.0012780491052791837 -0.02206395486401181 -0.0011369116377487553 -0.038577403153968876 0.0018376485402436947 0.00010666185681402893 0.0014932565332050252 0.0037374011429311261 0.0061108326549641212
leaf_weight=792.16995825245976 114.04549983749166 5687.6942103020847 216.88827472599223 73.350871025118977 583.53841538284905 1230.6595364746172 6.712765170261263 181.47917019203305 4.1480369390919796 501.81282812356949 114.86183862388134 812.68399542570114 151.37050151824951 259.40011888742447
leaf_count=12191 37279 35319 16386 883 20029 10343 391 976 337 2119 797 3364 637 1067
internal_value=-0.000826482 -0.000320291 -0.00855431 0.000545473 0.000312633 -0.00384779 -0.0438076 0.00129169 -0.0493279 0.00135024 0.0012292 0.00175731 0.00218204 0.00523621
internal_weight=10730.8 10605.9 1009.06 9596.85 9523.5 1814.2 124.906 7709.3 118.194 7527.82 5802.56 1725.27 912.583 410.771
internal_count=142118 104111 28577 75534 74651 30372 38007 44279 37616 43303 36116 7187 3823 1704
is_linear=0
shrinkage=0.05


Tree=73
num_leaves=15
num_cat=0
split_feature=0 0 1 1 1 0 1 0 1 1 0 1 0 1
split_gain=87.7604 28.7897 125.893 11.5316 5.28357 2.87503 1.6835 0.673347 0.207309 0.122351 0.464088 0.151029 0.112877 0.101251
threshold=0.9992174804210664 0.78302362561225902 0.26577670872211462 0.97800299525260936 0.033470276743173606 0.65557706356048595 0.51091969013214122 0.20799379050731662 0.94780898094177257 0.40275527536869055 0.51132199168205272 0.35147787630558019 0.99943006038665783 0.098321314901113524
decision_type=2 2 2 2 2 2 2 2 2 2 2 2 2 2
left_child=1 4 -3 8 7 9 -7 -1 12 10 13 -12 -2 -6
right_child=3 2 -4 -5 5 6 -8 -9 -10 -11 11 -13 -14 -15
leaf_value=-0.0011325359595530254 -0.044040173359089635 -0.021909273344157629 -0.0032179483760570978 -0.021909273344157629 0.000893294703006245 -0.0011325359595530254 6.3680428473588018e-05 -0.0032179483760570978 -0.038091236247967904 0.001632277674524351 6.3680428473588018e-05 0.00068077105384214878 -0.050149302846891897 0.0013943364052179002
leaf_weight=374.4234014749527 8.1771119295153749 460.91835586819798 904.2260208115913 6.571287164464592 1217.022688254714 417.93454060703516 438.1400411427021 69.991191409528255 3.9948328128084531 1726.0772527456284 394.63290252909064 185.73226651549339 100.36984893190674 4412.7347681224346
leaf_count=5823 2748 30892 11058 391 14612 3225 1839 1725 337 7187 2923 803 34531 24024
internal_value=-0.000809563 -0.00033006 -0.00710752 -0.0434885 0.000671621 0.000952876 -0.00113254 -0.00321795 -0.0492774 0.0012599 0.0011564 6.36804e-05 -0.0496891 0.00129786
internal_weight=10720.9 10601.8 1365.14 119.113 9236.69 8792.27 856.075 444.415 112.542 7936.2 6210.12 580.365 108.547 5629.76
internal_count=142118 104111 41950 38007 62161 54613 5064 7548 37616 49549 42362 3726 37279 38636
is_linear=0
shrinkage=0.05


Tree=74
num_leaves=15
num_cat=0
split_feature=0 1 0 1 1 1 1 1 1 0 1 1 1 1
split_gain=82.5189 27.2939 151.986 17.4403 11.546 4.40089 1.13141 0.632252 0.216034 0.117859 0.0971264 0.0871144 0.0821475 0.0583159
threshold=0.9992174804210664 0.18079877644777301 0.57688105106353771 0.84021082520484935 0.97800299525260936 0.518865466117859 0.30859386920928961 0.64957258105278026 0.94780898094177257 0.99943006038665783 0.20784864574670794 0.47981558740139013 0.44537897408008581 0.61620560288429271
decision_type=2 2 2 2 2 2 2 2 2 2 2 2 2 2
left_child=1 2 -1 5 8 6 10 13 9 12 -3 -8 -2 -7
right_child=4 3 -4 -5 -6 7 11 -9 -10 -11 -12 -13 -14 -15
leaf_value=-0.001200244418153135 -0.046950949584000187 -0.00088033060020503348 -0.021733800112143264 0.02154531488577022 -0.021733800112143264 0.0028706037103740627 0.0010687661408091559 0.0054083252763046834 -0.037594246384910997 -0.050142000772238661 -9.5957350099369921e-05 0.0018071645413748041 -0.043626377949567072 0.0039868537445711455
leaf_weight=3041.0001895353198 6.3784989439882329 501.94096557190642 507.03337017237209 106.74249696033075 6.433648392558097 748.42874480737373 2823.1432095696218 415.62520966073498 3.8489787355065337 95.48830229183659 1846.6853883417789 465.26642210129648 1.4483874998986719 138.68621327588335
leaf_count=31095 2392 4046 30550 1167 391 4107 14896 3011 337 34531 12003 2387 356 849
internal_value=-0.000766913 -0.000312413 -0.00388889 0.0014884 -0.0431552 0.0011799 0.000574596 0.00379907 -0.0492252 -0.0496585 -0.000263591 0.00117324 -0.0437599 0.00304511
internal_weight=10708.2 10594.6 3548.03 7046.52 113.598 6939.78 5637.04 1302.74 107.164 103.315 2348.63 3288.41 7.82689 887.115
internal_count=142118 104111 61645 42466 38007 41299 33332 7967 37616 37279 16049 17283 2748 4956
is_linear=0
shrinkage=0.05


Tree=75
num_leaves=15
num_cat=0
split_feature=0 1 0 1 0 1 1 0 1 0 1 1 0 1
split_gain=77.5187 25.1863 67.1385 22.2805 12.4041 15.4851 11.5585 0.369481 0.224901 0.123379 0.0845441 0.0821778 0.0750027 4.04224
threshold=0.9992174804210664 0.051333870738744743 0.4354174286127091 0.87855866551399242 0.67754125595092785 0.34157374501228338 0.97800299525260936 0.65557706356048595 0.94780898094177257 0.99943006038665783 0.44537897408008581 0.058228731155395515 0.53460946679115307 0.47263513505458837
decision_type=2 2 2 2 2 2 2 2 2 2 2 2 2 2
left_child=1 2 -1 4 7 -6 8 11 9 10 -2 -3 13 -13
right_child=6 3 -4 -5 5 -7 -8 -9 -10 -11 -12 12 -14 -15
leaf_value=-0.0036890277419766673 -0.046793569224775261 6.0676391399194264e-05 -0.021549642221243948 0.027606292175661698 -0.0036890277419766673 -0.0011552368680099558 -0.021549642221243948 -0.0010816922971975025 -0.037086511355575405 -0.050135058344581519 -0.043356752824759072 0.0010976742459710184 0.00089374149484629727 0.0088188338650408583
leaf_weight=788.48125216364861 6.0874391715042284 132.24334088712931 205.50652677891776 75.168925225269049 569.83881903789006 1230.3518212861381 6.299861339852213 181.20928027480841 3.710129363462328 90.843546878546476 1.387051807483658 5841.6936933174729 1387.0560135729611 173.70693378150463
leaf_count=12191 2392 1797 16386 883 20029 10343 391 976 337 34531 356 34213 6579 714
internal_value=-0.000724185 -0.000293528 -0.00786968 0.000491624 0.000277441 -0.00345986 -0.0428058 0.00114939 -0.049171 -0.049627 -0.0434521 0.00120305 0.00122518 0.00130161
internal_weight=10693.6 10585.3 993.988 9591.27 9516.1 1800.19 108.328 7715.91 102.028 98.318 7.47449 7534.7 7402.46 6015.4
internal_count=142118 104111 28577 75534 74651 30372 38007 44279 37616 37279 2748 43303 41506 34927
is_linear=0
shrinkage=0.05


Tree=76
num_leaves=15
num_cat=0
split_feature=0 0 1 1 1 0 1 0 1 0 0 1 1 1
split_gain=72.6931 23.7627 115.854 11.5646 4.37173 2.47579 1.45968 0.721571 0.233908 0.129136 0.0921965 3.6411 0.471296 0.37929
threshold=0.9992174804210664 0.78302362561225902 0.26577670872211462 0.97800299525260936 0.033470276743173606 0.65557706356048595 0.51091969013214122 0.20799379050731662 0.94780898094177257 0.99943006038665783 0.53460946679115307 0.47263513505458837 0.35614466667175299 0.45187492668628698
decision_type=2 2 2 2 2 2 2 2 2 2 2 2 2 2
left_child=1 4 -3 8 7 10 -7 -1 9 -2 11 13 -12 -6
right_child=3 2 -4 -5 5 6 -8 -9 -10 -11 12 -13 -14 -15
leaf_value=-0.0010408849290415012 -0.043131561239822785 -0.021367818129202108 -0.0029461149895647376 -0.021367818129202108 0.0010051976115537889 -0.0010408849290415012 5.4532877519092308e-05 -0.0029461149895647376 -0.036568164505705207 -0.050128454741803441 5.4532877519092308e-05 0.0083658360051039656 0.0010051976115537889 0.0036891604368230768
leaf_weight=372.48465182259679 7.139153870753943 440.83905300032347 905.0451440170873 6.1698625143617383 6234.4072873070836 415.51336511969566 438.37923043966293 68.322389643639326 3.5779548278078428 86.424152480205521 310.72416723147035 173.95078098773956 1088.8505444377661 132.35246270895004
leaf_count=5823 2748 30892 11058 391 41362 3225 1839 1725 337 34531 2390 714 4527 556
internal_value=-0.000702504 -0.000294975 -0.00650183 -0.0424407 0.000609596 0.000864345 -0.00104088 -0.00294611 -0.0491148 -0.0495946 0.00114995 0.00122876 0.000781632 0.00103377
internal_weight=10684.2 10580.9 1345.88 103.311 9234.98 8794.18 853.893 440.807 97.1413 93.5633 7940.29 6540.71 1399.57 6366.76
internal_count=142118 104111 41950 38007 62161 54613 5064 7548 37616 37279 49549 42632 6917 41918
is_linear=0
shrinkage=0.05


Tree=77
num_leaves=15
num_cat=0
split_feature=0 1 0 1 1 1 1 1 1 1 0 1 1 1
split_gain=68.1874 22.6972 137.67 14.3527 11.5728 4.49211 1.09386 0.645717 0.243058 0.142226 0.134715 0.0895886 0.0606961 0.0463499
threshold=0.9992174804210664 0.1669825688004494 0.62303113937377941 0.84021082520484935 0.97800299525260936 0.518865466117859 0.30859386920928961 0.64957258105278026 0.94780898094177257 0.20784864574670794 0.99943006038665783 0.44537897408008581 0.61620560288429271 0.47981558740139013
decision_type=2 2 2 2 2 2 2 2 2 2 2 2 2 2
left_child=1 2 -1 5 8 6 9 12 10 -3 11 -2 -7 -8
right_child=4 3 -4 -5 -6 7 13 -9 -10 -11 -12 -13 -14 -15
leaf_value=-0.0012366665221555985 -0.046470504365685138 -0.00092949188106080923 -0.021169319461902994 0.01930844510526895 -0.021169319461902994 0.0027148894694194719 0.0009410686497270844 0.0052804904386325258 -0.036039373902857101 -0.00011694153938783456 -0.050122177342641294 -0.042800342049526666 0.0038534233131453316 0.0014794445838449488
leaf_weight=2839.4621468819678 5.5663630331400773 760.33176741492935 425.53061468224041 108.64108498347923 6.0435219546779981 748.70072708465159 2824.6390548748896 415.88609734270722 3.452140111476182 1846.1757351499982 82.219232582719997 1.2729712352156637 138.75442403461784 465.68594358954579
leaf_count=30269 2392 6266 29156 1167 391 4107 14896 3011 337 12003 34531 356 849 2387
internal_value=-0.00066369 -0.000277844 -0.0037438 0.00127047 -0.0420608 0.000998298 0.000411156 0.00365476 -0.0490567 -0.000353967 -0.0495613 -0.0428188 0.0028929 0.00101727
internal_weight=10672.4 10573.8 3264.99 7308.81 98.5542 7200.17 5896.83 1303.34 92.5107 2606.51 89.0586 6.83933 887.455 3290.32
internal_count=142118 104111 59425 44686 38007 43519 35552 7967 37616 18269 37279 2748 4956 17283
is_linear=0
shrinkage=0.05


Tree=78
num_leaves=15
num_cat=0
split_feature=0 1 0 1 1 1 0 1 1 1 0 1 1 1
split_gain=63.8781 21.0046 83.7339 18.1358 11.578 5.87271 14.8827 2.33985 0.518216 0.252327 0.140946 0.0920805 0.0545651 0.0418058
threshold=0.9992174804210664 0.07719269767403604 0.4354174286127091 0.87855866551399242 0.97800299525260936 0.30859386920928961 0.61319905519485485 0.518865466117859 0.64957258105278026 0.94780898094177257 0.99943006038665783 0.44537897408008581 0.61620560288429271 0.47981558740139013
decision_type=2 2 2 2 2 2 2 2 2 2 2 2 2 2
left_child=1 2 -1 5 9 6 -3 13 12 10 11 -2 -9 -7
right_child=4 3 -4 -5 -6 7 -8 8 -10 -11 -12 -13 -14 -15
leaf_value=-0.0025236788331738391 -0.046314900388452845 0.00040250514572404323 -0.020962771408331179 0.024845151755331932 -0.020962771408331179 0.00089373860130721359 -0.0025236788331738391 0.0025773190129554473 0.0048297223938589193 -0.035500354344523213 -0.050116204232088381 -0.042513596544817317 0.0036562119498754356 0.0014049535348605695
leaf_weight=1240.1414474770427 5.3147369902580968 3829.8922922834754 281.38986128289253 76.799283733591437 5.9208235731348386 2825.4908659455832 508.66498062084429 749.21722959307954 449.39468896109611 3.3323846524581304 78.218439554562792 1.220011514611542 138.92227798700333 465.85299666877836
leaf_count=17570 2392 23429 21913 883 391 14896 14782 4107 3295 337 34531 356 849 2387
internal_value=-0.000628324 -0.000263234 -0.00569851 0.000651155 -0.0416623 0.000443952 -0.00087771 0.00168272 0.00344616 -0.0489962 -0.0495268 -0.0425136 0.00274608 0.000966095
internal_weight=10659.8 10565.8 1521.53 9044.23 94.0064 8967.44 4338.56 4628.88 1337.53 88.0856 84.7532 6.53475 888.14 3291.34
internal_count=142118 104111 39483 64628 38007 63745 38211 25534 8251 37616 37279 2748 4956 17283
is_linear=0
shrinkage=0.05


Tree=79
num_leaves=14
num_cat=0
split_feature=0 0 1 1 1 0 0 1 0 1 1 1 0
split_gain=59.7264 20.5767 126.917 11.5794 2.60635 0.296156 0.147447 0.301336 0.132867 3.13891 0.509188 0.316283 2.0093e-09
threshold=0.9992174804210664 0.65557706356048595 0.26577670872211462 0.94780898094177257 0.033470276743173606 0.20799379050731662 0.99943006038665783 0.44537897408008581 0.53460946679115307 0.47263513505458837 0.35614466667175299 0.45187492668628698 0.99999514222145092
decision_type=2 2 2 2 2 2 2 2 2 2 2 2 2
left_child=1 4 -3 6 5 -1 7 -2 9 11 -10 -6 -8
right_child=3 2 -4 -5 8 -7 12 -9 10 -11 -12 -13 -14
leaf_value=-0.00038819856226195691 -0.046111086917565151 -0.020757047447109378 -0.0018544741377438557 -0.020757047447109378 0.00094011725270901157 -0.0018544741377438557 -0.050110489422764776 -0.035124130506366064 -0.00038819856226195691 0.0077935216020608086 0.0009043045724753039 0.0034087037795265404 -0.050112651009259039
leaf_weight=370.94486036151648 5.0752231611404559 575.4106456504669 1623.0775167758111 9.0201017484068853 6234.7078333869576 50.149483118206263 73.320827436400577 1.1695731664076445 309.9500717446208 174.24794587492943 1089.6879243403673 132.51138871908188 1.0910771980416019
leaf_count=5823 2392 33272 14278 728 41362 1189 34029 356 2390 714 4527 556 502
internal_value=-0.000613152 -0.000268115 -0.00457249 -0.041246 0.000863538 -0.00185447 -0.0494912 -0.0421117 0.00107808 0.00117268 0.000635928 0.000991492 -0.0501105
internal_weight=10650.4 10560.7 2198.49 89.6768 8362.2 421.094 80.6567 6.2448 7941.11 6541.47 1399.64 6367.22 74.4119
internal_count=142118 104111 47550 38007 56561 7012 37279 2748 49549 42632 6917 41918 34531
is_linear=0
shrinkage=0.05


Tree=80
num_leaves=15
num_cat=0
split_feature=0 1 0 1 1 0 1 0 0 1 0 1 1 1
split_gain=55.9343 18.5782 59.27 16.5629 11.598 8.42556 12.7341 0.248938 0.153978 0.299792 0.0547489 2.87706 0.291201 0.273428
threshold=0.9992174804210664 0.051333870738744743 0.4354174286127091 0.87855866551399242 0.94780898094177257 0.67754125595092785 0.34157374501228338 0.65557706356048595 0.99943006038665783 0.44537897408008581 0.53460946679115307 0.47263513505458837 0.45187492668628698 0.35614466667175299
decision_type=2 2 2 2 2 2 2 2 2 2 2 2 2 2
left_child=1 2 -1 5 8 7 -7 10 9 -2 11 12 -3 -12
right_child=4 3 -4 -5 -6 6 -8 -9 -10 -11 13 -13 -14 -15
leaf_value=-0.0031970118959461359 -0.0459265087640989 0.00089161369024802224 -0.020527224607530391 0.023429003098563869 -0.020527224607530391 -0.0031970118959461359 -0.00095120735297320321 -0.00087778834502546654 -0.05010512195993784 -0.034990836170957211 6.1722443103883354e-05 0.0073949923504317552 0.0032358324125176898 0.00089161369024802224
leaf_weight=783.50347412377596 4.8474429182242593 5845.5094274580479 188.22159001836553 77.652313421480358 8.8395694801583868 548.08215162600391 1230.5150260727387 180.48316425830126 70.790229898411781 1.1294682896696029 301.16400810703635 174.4511950314045 132.60858774185181 1089.8706462830305
leaf_count=12191 2392 35375 16386 883 728 20029 10343 976 34531 356 2131 714 556 4527
internal_value=-0.000563905 -0.000237339 -0.00682485 0.000430827 -0.0408171 0.000242895 -0.00285974 0.000957327 -0.0494544 -0.0417479 0.00100123 0.00106528 0.000891614 0.000717946
internal_weight=10637.7 10552.1 971.725 9580.34 85.6067 9502.68 1778.6 7724.09 76.7671 5.97691 7543.6 6152.57 5978.12 1391.03
internal_count=142118 104111 28577 75534 38007 74651 30372 44279 37279 2748 43303 36645 35931 6658
is_linear=0
shrinkage=0.05


Tree=81
num_leaves=14
num_cat=0
split_feature=0 1 0 0 1 1 1 1 0 0 0 0 0
split_gain=52.5999 18.932 41.9815 12.8466 56.4276 7.40418 3.69383 2.09926 0.112988 0.0741814 0.00352642 1.58245e-09 2.79456e-11
threshold=0.9995265305042268 0.87855866551399242 0.98079773783683788 0.65557706356048595 0.33196504414081579 0.94780898094177257 0.25331699848175054 0.033470276743173606 0.53460946679115307 0.20799379050731662 0.55109152197837841 0.99999514222145092 0.99990192055702221
decision_type=2 2 2 2 2 2 2 2 2 2 2 2 2
left_child=1 2 3 7 -5 11 -4 9 -9 -1 -10 12 -2
right_child=5 -3 6 4 -6 -7 -8 8 10 -11 -12 -13 -14
leaf_value=-0.00023478811668765348 -0.050099859498505685 0.024009663480487511 -0.0217263518002552 -0.010898921927283423 -0.0014532274362898693 -0.0217263518002552 -0.010898921927283423 0.0010708342205115226 0.00075578843804470681 -0.0014532274362898693 0.00054090112572299657 -0.05010191283203496 -0.050099926272732478
leaf_weight=369.79849635437131 28.945979853044264 79.763504672329873 88.11894246225711 616.410649003461 1364.3586322255433 7.7056191628798834 43.828486821148545 6546.45348700881 228.08592996373773 49.576138442382216 1171.6932546161115 0.98745573090854932 34.172389654326253
leaf_count=5823 14852 1040 22985 14737 7960 647 5305 42632 1075 1189 5842 502 17529
internal_value=-0.000547623 -0.000257553 -0.000442281 -7.14921e-05 -0.00369227 -0.0431952 -0.0217264 0.00078582 0.000983651 -0.00145323 0.000575916 -0.0500999 -0.0500999
internal_weight=10629.9 10558.1 10478.3 10346.4 1980.77 71.8114 131.947 8365.61 7946.23 419.375 1399.78 64.1058 63.1184
internal_count=142118 108588 107548 79258 22697 33530 28290 56561 49549 7012 6917 32883 32381
is_linear=0
shrinkage=0.05


Tree=82
num_leaves=15
num_cat=0
split_feature=0 1 0 1 1 1 1 1 1 1 1 1 1 1
split_gain=49.4399 17.6057 126.057 14.993 7.43089 3.99759 0.759464 0.532858 0.119921 0.0560736 0.0186305 0.0162251 0.00518371 0.00374893
threshold=0.9995265305042268 0.1669825688004494 0.62303113937377941 0.87855866551399242 0.94780898094177257 0.518865466117859 0.30859386920928961 0.61620560288429271 0.20784864574670794 0.64957258105278026 0.47981558740139013 0.27841281890869146 0.18079877644777301 0.66777718067169201
decision_type=2 2 2 2 2 2 2 2 2 2 2 2 2 2
left_child=1 2 -1 5 -2 6 8 -7 12 -9 -8 -10 -3 -11
right_child=4 3 -4 -5 -6 7 10 9 11 13 -12 -13 -14 -15
leaf_value=-0.0011066119323034521 -0.050095044781831848 -0.0010402618336122324 -0.021554042950393995 0.022542088905026396 -0.021554042950393995 0.0024510112557289488 0.0007649185648281741 0.0035829477635739766 -0.00020869479919657927 0.0043836551710717316 0.0011060496792206914 0.00011511962473874756 -0.00076453954543339025 0.0047916313748985377
leaf_weight=2835.1748704947531 60.985141485580243 258.49599728896283 402.14534646295942 80.684075435856357 7.5441028261557213 749.52330866083503 2827.403460188536 139.01520898658782 1292.5550840240903 65.983182506170124 466.24127529468387 552.07097756466828 500.5629877964966 384.06012092484161
leaf_count=30269 32883 2290 32224 1040 647 4216 15222 890 8942 437 2433 3365 4171 3089
internal_value=-0.000525637 -0.000250767 -0.00332086 0.00110763 -0.0428573 0.000868628 0.000308719 0.00333539 -0.000329456 0.00446069 0.000813208 -0.000111782 -0.000858436 0.00473182
internal_weight=10622.4 10553.9 3237.32 7316.6 68.5292 7235.91 5897.33 1338.58 2603.69 589.059 3293.64 1844.63 759.059 450.043
internal_count=142118 108588 62493 46095 33530 45055 36423 8632 18768 4416 17655 12307 6461 3526
is_linear=0
shrinkage=0.05


Tree=83
num_leaves=14
num_cat=0
split_feature=0 0 1 1 1 0 1 0 0 0 0 0 0
split_gain=46.457 16.3891 83.6891 7.45691 3.88211 2.11985 2.59299 0.934735 0.129155 0.00326349 7.79351e-07 1.17353e-09 2.07976e-11
threshold=0.9995265305042268 0.83474835753440868 0.26577670872211462 0.94780898094177257 0.033470276743173606 0.65557706356048595 0.50234097242355358 0.20799379050731662 0.53460946679115307 0.55109152197837841 0.42763166129589086 0.99999514222145092 0.99990192055702221
decision_type=2 2 2 2 2 2 2 2 2 2 2 2 2
left_child=1 4 -3 11 7 8 -7 -1 10 -10 -6 12 -2
right_child=3 2 -4 -5 5 6 -8 -9 9 -11 -12 -13 -14
leaf_value=-0.0011313963984628361 -0.050090340263981459 -0.021369183932585543 -0.0029099635095537401 -0.021369183932585543 0.0010307969234488532 -0.0011313963984628361 -9.7051390456321873e-05 -0.0029099635095537401 0.0006743813638106674 0.00046768835530178876 0.0010295248333415704 -0.050092199055164412 -0.050090400805951042
leaf_weight=369.37033567205071 26.196255924645811 347.30042767326813 680.05984178092331 7.3871286101639262 4957.859631434083 535.76644769124687 593.34689496457577 72.27558915130794 228.15787286311388 1171.747094348073 1590.2190501764417 0.89365748688578506 30.926188623416238
leaf_count=5823 14852 33247 10940 647 35064 4512 2533 1984 1075 5842 7568 502 17529
internal_value=-0.000494414 -0.000233882 -0.0062336 -0.0425045 0.000413669 0.000647171 -0.0011314 -0.00290996 0.000937294 0.000501375 0.00103049 -0.0500904 -0.0500904
internal_weight=10611.5 10546.1 1027.36 65.4032 9518.74 9077.1 1129.11 441.646 7947.98 1399.9 6548.08 58.0161 57.1224
internal_count=142118 108588 44187 33530 64401 56594 7045 7807 49549 6917 42632 32883 32381
is_linear=0
shrinkage=0.05


Tree=84
num_leaves=15
num_cat=0
split_feature=0 1 0 1 1 0 1 1 0 1 0 1 1 0
split_gain=43.6156 15.6329 58.133 14.4414 7.48089 6.49765 5.06128 1.40079 2.85213 0.402303 0.0599421 1.41761 0.422983 1.01352e-09
threshold=0.9995265305042268 0.051333870738744743 0.4354174286127091 0.87855866551399242 0.94780898094177257 0.83474835753440868 0.34157374501228338 0.64957258105278026 0.67754125595092785 0.50234097242355358 0.53460946679115307 0.45187492668628698 0.35614466667175299 0.99999514222145092
decision_type=2 2 2 2 2 2 2 2 2 2 2 2 2 2
left_child=1 2 -1 5 13 7 -7 8 10 -10 11 -3 -12 -2
right_child=4 3 -4 -5 -6 6 -8 -9 9 -11 12 -13 -14 -15
leaf_value=-0.0029538436410117028 -0.050085957028805174 0.00073991342269475379 -0.021177505755704373 0.021356548422166898 -0.021177505755704373 -0.0029538436410117028 -0.0011610860647025673 0.0043558305788759339 -0.0011610860647025673 -0.00015884349558149184 -0.00015884349558149184 0.0024394859128682531 0.00073991342269475379 -0.050087696868564839
leaf_weight=780.74917883425951 54.341219903901219 5852.588852211833 180.23504924029112 81.437221636064351 7.2346461396664372 316.1976327606244 517.67121707042679 245.34706321358681 434.28529479727149 266.39522729814053 340.29014981165528 307.49967381358147 1217.8964936733246 0.85014780075289209
leaf_count=12191 32381 35375 18077 1040 647 19687 7804 1022 3373 1169 2498 1270 5082 502
internal_value=-0.000465782 -0.000218992 -0.00629857 0.000390884 -0.042136 0.000211125 -0.00295384 0.000631672 0.000523141 -0.00116109 0.000843399 0.000913479 0.000566348 -0.050086
internal_weight=10603 10540.6 960.984 9579.61 62.426 9498.17 833.869 8664.3 8418.96 700.681 7718.28 6160.09 1558.19 55.1914
internal_count=142118 108588 30268 78320 33530 77280 27491 49789 48767 4542 44225 36645 7580 32883
is_linear=0
shrinkage=0.05


Tree=85
num_leaves=14
num_cat=0
split_feature=0 1 0 1 1 1 0 1 1 1 1 0 0
split_gain=40.8789 14.636 94.7226 12.3769 7.50098 4.24293 6.95732 0.477809 0.387093 0.0455266 0.0053742 8.67971e-10 1.71028e-11
threshold=0.9995265305042268 0.12285117805004121 0.57688105106353771 0.87855866551399242 0.94780898094177257 0.518865466117859 0.61319905519485485 0.61620560288429271 0.47263513505458837 0.64957258105278026 0.66777718067169201 0.99999514222145092 0.99990192055702221
decision_type=2 2 2 2 2 2 2 2 2 2 2 2 2
left_child=1 2 -1 5 11 6 8 -7 -3 -9 -11 12 -2
right_child=4 3 -4 -5 -6 7 -8 9 -10 10 -12 -13 -14
leaf_value=-0.0014445307061273617 -0.050081728427531773 0.00083134696088260802 -0.020986553436634227 0.02008123815827563 -0.020986553436634227 0.0023205324703066189 -0.0014445307061273617 0.0034322386268146061 0.0016173675524218441 0.0040504575895899701 0.0045386610999818503 -0.050083410426844999 -0.050081786128181552
leaf_weight=2060.6556609235704 23.707324820803478 5245.3792213499546 317.5847680803854 82.256852458929643 7.0865622851997605 749.76509218243882 1129.1368784641381 139.09688369138166 362.50053042173386 66.055951617192477 384.45244152657688 0.8087530325865363 27.987866319948807
leaf_count=24898 14852 26478 29120 1040 647 4216 16930 890 1490 437 3089 502 17529
internal_value=-0.000455386 -0.000221841 -0.00367333 0.000784266 -0.0417513 0.000587729 7.67407e-05 0.00315799 0.000980716 0.00422294 0.00446708 -0.0500818 -0.0500818
internal_weight=10596.5 10536.9 2378.24 8158.64 59.5905 8076.39 6737.02 1339.37 5607.88 589.605 450.508 52.5039 51.6952
internal_count=142118 108588 54018 54570 33530 53530 44898 8632 27968 4416 3526 32883 32381
is_linear=0
shrinkage=0.05


Tree=86
num_leaves=15
num_cat=0
split_feature=0 1 0 1 0 1 1 0 1 0 0 0 0 0
split_gain=38.2876 13.4426 34.1059 11.7333 11.5177 7.51974 6.92507 1.94582 3.76774 0.120379 0.00200886 0.00199671 7.52159e-10 1.31877e-11
threshold=0.9995265305042268 0.033470276743173606 0.26392500102519995 0.87855866551399242 0.83474835753440868 0.94780898094177257 0.34157374501228338 0.65557706356048595 0.50234097242355358 0.53460946679115307 0.55109152197837841 0.42763166129589086 0.99999514222145092 0.99990192055702221
decision_type=2 2 2 2 2 2 2 2 2 2 2 2 2 2
left_child=1 2 -1 4 7 12 -6 9 -9 11 -11 -3 13 -2
right_child=5 3 -4 -5 6 -7 -8 8 -10 10 -12 -13 -14 -15
leaf_value=-0.0040367245634699254 -0.05007773600004805 0.00095071876519063191 -0.020784882594602441 0.018895382965706847 -0.0040367245634699254 -0.020784882594602441 -0.0017335644932784527 -0.0017335644932784527 -0.00026471511364505512 0.00055997722953480915 0.00039783648233759049 0.00088635241969637127 -0.050079339664586525 -0.050077787957768266
leaf_weight=376.63504765182734 22.55285742203705 4961.1325166486204 119.92749302345328 83.027769562089816 354.44062770751771 6.9427336575463405 517.80784824769944 533.26088397577405 593.91509632766247 228.25192604959011 1171.5115556325763 1591.3302621953189 0.76937067729886521 26.624953203019686
leaf_count=5972 14852 35064 11101 1040 26077 647 7804 4512 2533 1075 5842 7568 502 17529
internal_value=-0.000441213 -0.000220225 -0.0082506 0.000177155 2.09867e-05 -0.0413495 -0.00403672 0.000569596 -0.0013746 0.000845173 0.000424276 0.000935087 -0.0500778 -0.0500778
internal_weight=10588.1 10531.2 496.563 10034.7 9951.65 56.8899 872.248 9079.4 1127.18 7952.23 1399.76 6552.46 49.9472 49.1778
internal_count=142118 108588 17073 91515 90475 33530 33881 56594 7045 49549 6917 42632 32883 32381
is_linear=0
shrinkage=0.05


Tree=87
num_leaves=15
num_cat=0
split_feature=1 0 1 1 0 1 0 1 1 1 0 0 0 0
split_gain=36.7227 81.5843 30.7724 15.9118 9.69211 68.4262 3.69443 1.33631 1.25687 0.504178 0.375898 0.369218 0.124161 0.10849
threshold=0.91447648406028759 0.98430839180946361 0.94780898094177257 0.21134921163320544 0.65557706356048595 0.1669825688004494 0.99943006038665783 0.033470276743173606 0.33196504414081579 0.26577670872211462 0.9884038269519807 0.20799379050731662 0.99806669354438793 0.53460946679115307
decision_type=2 2 2 2 2 2 2 2 2 2 2 2 2 2
left_child=1 4 -2 10 7 -6 -5 11 9 -7 -3 -1 -12 -9
right_child=2 3 -4 6 5 8 -8 13 -10 -11 12 -13 -14 -15
leaf_value=-0.00024320806005642535 0.019704778264729054 -0.036929760821459733 0.074490944687342187 -0.017953893472182913 -0.017953893472182913 -0.009508804043022687 -0.032840096510102189 0.00088790453413304738 -0.0012889948908314274 -0.0054096758550059038 -0.046440960602428409 -0.0012889948908314274 -0.050091134870190006 0.00040301558301824263
leaf_weight=366.3287769369781 22.384260431863368 7.4783530985005191 33.317754162475467 45.833894001785666 293.87846214836463 165.47624241188169 13.272719621425493 6555.5408392101526 1399.1357593126595 137.2168827727437 39.963120121974498 47.816406264901161 55.8628680317197 1399.9200725164264
leaf_count=5823 559 1294 1118 5788 12022 2390 7814 42632 8268 1259 10817 1189 34228 6917
internal_value=-0.000433486 -0.000647722 0.0400573 -0.035811 -9.67591e-05 -0.00322782 -0.0179539 0.000649834 -0.00128899 -0.00765059 -0.0477263 -0.00128899 -0.0485689 0.000802579
internal_weight=10583.4 10527.7 55.702 162.411 10365.3 1995.71 59.1066 8369.61 1701.83 302.693 103.304 414.145 95.826 7955.46
internal_count=142118 140441 1677 59941 80500 23939 13602 56561 11917 3649 46339 7012 45045 49549
is_linear=0
shrinkage=0.05


Tree=88
num_leaves=15
num_cat=0
split_feature=0 1 0 0 1 1 1 1 0 0 0 0 0 0
split_gain=34.3984 32.3099 34.4957 8.14839 45.6969 7.32537 3.16636 1.24578 0.276141 0.0977834 0.00181216 0.00177451 8.48196e-10 1.17097e-11
threshold=0.9995265305042268 0.91447648406028759 0.98079773783683788 0.65557706356048595 0.26577670872211462 0.94780898094177257 0.25331699848175054 0.033470276743173606 0.20799379050731662 0.53460946679115307 0.55109152197837841 0.42763166129589086 0.99999514222145092 0.99990192055702221
decision_type=2 2 2 2 2 2 2 2 2 2 2 2 2 2
left_child=1 2 3 7 -5 12 -4 8 -1 11 -11 -9 13 -2
right_child=5 -3 6 4 -6 -7 -8 9 -10 10 -12 -13 -14 -15
leaf_value=-0.00020496391960650933 -0.050070976497035104 0.039958974405352156 -0.02043683420844053 -0.010253105111614992 -0.0011720766848211629 -0.02043683420844053 -0.010253105111614992 0.00085785185170986818 -0.0011720766848211629 0.00051169258186201094 0.0003577137001452139 0.00079719229437201923 -0.050072756963344789 -0.05007102783050224
leaf_weight=366.25174150243402 20.525640558218583 49.841376637108624 76.654008514829911 446.73367514647543 1530.2792574781924 7.3166203387081614 46.478507353109308 4966.2687515541911 47.760302234441042 228.30960696563125 1171.7591551151127 1592.1751088947058 0.7011121369432648 24.230911037768237
leaf_count=5823 14852 739 22985 13529 9306 647 5468 35064 1189 1075 5842 7568 502 17529
internal_value=-0.000404662 -0.000202712 -0.000393849 -6.9376e-05 -0.00295652 -0.040671 -0.0204368 0.000612369 -0.00117208 0.000762149 0.000382823 0.000843126 -0.050071 -0.050071
internal_weight=10575.3 10522.5 10472.7 10349.5 1977.01 52.7743 123.133 8372.52 414.012 7958.51 1400.07 6558.44 45.4577 44.7566
internal_count=142118 108588 107849 79396 22835 33530 28453 56561 7012 49549 6917 42632 32883 32381
is_linear=0
shrinkage=0.05


Tree=89
num_leaves=15
num_cat=0
split_feature=0 1 0 1 0 1 1 1 1 0 0 0 0 0
split_gain=32.151 28.4439 33.0597 7.34101 7.31574 32.9261 3.32483 1.7666 0.919196 1.39082 0.482137 0.0881378 0.00163491 0.0015898
threshold=0.9995265305042268 0.91447648406028759 0.98079773783683788 0.94780898094177257 0.78302362561225902 0.34157374501228338 0.25331699848175054 0.033470276743173606 0.66777718067169201 0.65557706356048595 0.20799379050731662 0.53460946679115307 0.55109152197837841 0.42763166129589086
decision_type=2 2 2 2 2 2 2 2 2 2 2 2 2 2
left_child=1 2 4 -2 7 -6 -4 10 9 11 -1 13 -13 -9
right_child=3 -3 6 -5 5 -7 -8 8 -10 -11 -12 12 -14 -15
leaf_value=-0.00059484364284230159 -0.050067562893192454 0.03702302457453667 -0.020212837574282973 -0.020212837574282973 -0.010140105234387426 -0.0017476466233936182 -0.010140105234387426 0.00081455515337205411 0.0048968494971071723 -0.00059484364284230159 -0.0017476466233936182 0.00048604117541173168 0.0003397958491380344 0.00075714788477047673
leaf_weight=366.18680555745959 43.243586587836035 51.071029527578503 75.115470236167312 7.1720848716795436 397.02132766228169 719.4065905995667 46.017998348688707 4968.6653019785881 120.39540129899979 721.15526321902871 61.981651272624731 228.34022179991007 1171.8696727398783 1592.5541557334363
leaf_count=5823 32883 739 22985 647 12177 5058 5468 35064 494 4570 1725 1075 5842 7568
internal_value=-0.000391639 -0.000200739 -0.000382333 -0.0402249 -6.73729e-05 -0.00389027 -0.0202128 0.000394973 0.000557959 0.000497795 -0.00174765 0.000723768 0.000363645 0.000800621
internal_weight=10570.2 10519.8 10468.7 50.4157 10347.6 1116.43 121.133 9231.15 8802.98 8682.58 428.168 7961.43 1400.21 6561.22
internal_count=142118 108588 107849 33530 79396 17235 28453 62161 54613 54119 7548 49549 6917 42632
is_linear=0
shrinkage=0.05


Tree=90
num_leaves=15
num_cat=0
split_feature=0 1 0 1 1 0 0 1 1 0 0 0 0 0
split_gain=30.0127 25.0997 31.6613 7.35421 6.86658 12.57 3.74807 10.7583 3.46377 0.133546 0.0461671 0.00147505 0.00142484 6.25285e-10
threshold=0.9995265305042268 0.91447648406028759 0.98079773783683788 0.94780898094177257 0.033470276743173606 0.20799379050731662 0.67754125595092785 0.33196504414081579 0.25331699848175054 0.53460946679115307 0.65557706356048595 0.55109152197837841 0.42763166129589086 0.99999514222145092
decision_type=2 2 2 2 2 2 2 2 2 2 2 2 2 2
left_child=1 2 4 13 5 -1 9 -8 -4 12 11 -11 -6 -2
right_child=3 -3 8 -5 6 -7 7 -9 -10 10 -12 -13 -14 -15
leaf_value=-0.0028832979798468325 -0.050064241365361778 0.0343750206475072 -0.019980953158313299 -0.019980953158313299 0.00077346403816316378 -0.010024973949248278 -0.0028832979798468325 -0.00061984826503702964 -0.010024973949248278 0.00046167856625375123 -0.00050386963069881468 0.00032277532938766393 0.0007191242877195394 -0.050065823253764276
leaf_weight=365.99843430146575 40.502734676934779 52.223931818269193 73.623935188399628 7.0318753067404023 4970.9410125091672 103.28461570106447 484.43328003399074 1247.2703582346439 45.566924512502737 228.3692832775414 180.6549133118242 1171.97460504435 1592.9138430282474 0.63447918614838172
leaf_count=5823 32381 739 22985 647 35064 4454 11076 7463 5468 1075 1031 5842 7568 502
internal_value=-0.000382457 -0.000202108 -0.00037466 -0.0397598 -6.89947e-05 -0.00597838 0.000211789 -0.00190061 -0.019981 0.000660913 0.000248382 0.000345428 0.000760277 -0.0500643
internal_weight=10565.4 10517.3 10465 48.1691 10345.8 469.283 9876.56 1731.7 119.191 8144.85 1581 1400.34 6563.85 41.1372
internal_count=142118 108588 107849 33530 79396 10277 69119 18539 28453 50580 7948 6917 42632 32883
is_linear=0
shrinkage=0.05


Tree=91
num_leaves=15
num_cat=0
split_feature=1 0 1 0 1 0 1 1 0 0 1 0 1 0
split_gain=53.2616 67.1544 16.359 7.19503 32.7193 3.42597 2.31504 1.95075 4.79956 0.89429 0.666185 0.409754 0.309742 0.136043
threshold=0.94780898094177257 0.98430839180946361 0.21134921163320544 0.85655853152275097 0.1669825688004494 0.99943006038665783 0.033470276743173606 0.518865466117859 0.61319905519485485 0.20799379050731662 0.66777718067169201 0.9884038269519807 0.47263513505458837 0.99806669354438793
decision_type=2 2 2 2 2 2 2 2 2 2 2 2 2 2
left_child=1 3 11 6 -5 -4 9 8 12 -1 -9 -3 -8 -13
right_child=-2 2 5 4 -6 -7 7 10 -10 -11 -12 13 -14 -15
leaf_value=-0.00094524369031932949 0.059208634109731442 -0.035547830570011513 -0.016923128770919917 -0.016923128770919917 -0.002321718406195974 -0.032140616028693718 0.00068543339386440338 0.0017874171241016442 -0.00094524369031932949 -0.002321718406195974 0.0048260990639316624 -0.046000318474383302 0.0013065732891870416 -0.050079604643547319
leaf_weight=365.0865015052259 37.37035077624023 6.7907900740392497 48.509286236017942 153.16860239254311 575.70348926819861 11.959408441325648 6922.3404947146773 833.5971242338419 859.826360989362 71.11275365576148 230.17397190630436 35.933573818998411 362.75681465864182 47.397052797488868
leaf_count=5823 1118 1294 5947 8775 6287 8131 44852 3510 6747 2126 973 10817 1490 34228
internal_value=-0.000377316 -0.000588897 -0.0337386 -0.000107682 -0.00489774 -0.0169231 0.000254307 0.000431231 0.000168233 -0.00232172 0.00244491 -0.0473581 0.000796367 -0.0483205
internal_weight=10561.7 10524.4 150.59 10373.8 728.872 60.4687 9644.89 9208.69 8144.92 436.199 1063.77 90.1214 7285.1 83.3306
internal_count=142118 141000 60417 80583 15062 14078 65521 57572 53089 7949 4483 46339 46342 45045
is_linear=0
shrinkage=0.05


Tree=92
num_leaves=15
num_cat=0
split_feature=1 0 1 0 1 0 1 1 0 0 1 0 1 0
split_gain=45.8636 62.5778 9.3024 7.99225 38.8672 3.37455 2.33563 1.5438 4.98288 1.1694 0.258334 0.206153 0.165119 0.119558
threshold=0.94780898094177257 0.99183067679405224 0.21134921163320544 0.86675652861595165 0.16962133347988131 0.99943006038665783 0.033470276743173606 0.50234097242355358 0.65557706356048595 0.20799379050731662 0.66777718067169201 0.99806669354438793 0.14925328642129901 0.99353677034378063
decision_type=2 2 2 2 2 2 2 2 2 2 2 2 2 2
left_child=1 3 11 6 -5 -4 9 8 -8 -1 -9 12 13 -3
right_child=-2 2 5 4 -6 -7 7 10 -10 -11 -12 -13 -14 -15
leaf_value=-0.0010934554570544526 0.053659094290019277 -0.039799912849567291 -0.01844256091235982 -0.01844256091235982 -0.0025671116518978395 -0.033671178352815481 0.00072069613192103936 0.0016538473464306756 -0.0010934554570544526 -0.0025671116518978395 0.003457853561663535 -0.050075717031531131 -0.033671178352815481 -0.047303811439743083
leaf_weight=364.78795506432652 39.125385873951018 4.0924232439138057 35.032311315415427 157.30945559730753 538.51898622978479 11.582279516384004 7392.255520991981 1012.8178848326206 614.43163332343102 72.436963099986315 246.80563060939312 45.088882822310552 2.990538873942568 19.615945840720087
leaf_count=5823 1118 1198 5115 11419 6948 8131 47200 4268 5547 2196 1047 34228 853 7027
internal_value=-0.000375099 -0.000576103 -0.0367205 -0.000164579 -0.00534083 -0.0193285 0.000206604 0.000380201 0.00012422 -0.00256711 0.00200732 -0.0480139 -0.0445319 -0.0459286
internal_weight=10556.9 10517.8 118.402 10399.4 695.828 46.6146 9703.54 9266.31 8006.69 437.225 1259.62 71.7878 26.6989 23.7084
internal_count=142118 141000 56552 84448 18367 13246 66081 58062 52747 8019 5315 43306 9078 8225
is_linear=0
shrinkage=0.05


Tree=93
num_leaves=15
num_cat=0
split_feature=1 0 1 0 1 0 1 1 0 0 1 0 1 0
split_gain=39.6952 58.5553 9.38072 7.08056 37.6919 3.28612 2.18458 1.42851 4.70217 1.06639 0.232808 0.215509 0.168966 0.123006
threshold=0.94780898094177257 0.99183067679405224 0.21134921163320544 0.86675652861595165 0.16962133347988131 0.99943006038665783 0.033470276743173606 0.50234097242355358 0.65557706356048595 0.20799379050731662 0.66777718067169201 0.99806669354438793 0.14925328642129901 0.99353677034378063
decision_type=2 2 2 2 2 2 2 2 2 2 2 2 2 2
left_child=1 3 11 6 -5 -4 9 8 -8 -1 -9 12 13 -3
right_child=-2 2 5 4 -6 -7 7 10 -10 -11 -12 -13 -14 -15
leaf_value=-0.0010516681981373407 0.048864900161757117 -0.039497464422041551 -0.018187994997988687 -0.018187994997988687 -0.0024446649227246047 -0.033270226737679008 0.00068441718264509316 0.0015706429905853474 -0.0010516681981373407 -0.0024446649227246047 0.0032826848528989699 -0.050072021363303645 -0.033270226737679008 -0.047171348357524061
leaf_weight=364.44284256547689 40.770890634506941 3.9338024659082356 34.405799985514022 154.55069849221036 537.5745020606555 11.199902988853863 7394.821116598323 1013.1392990201712 614.02902646735311 72.265193955972791 246.97233654558659 42.892958282958716 2.8922005023341617 18.714506048709154
leaf_count=5823 1118 1198 5115 11419 6948 8131 47200 4268 5547 2196 1047 34228 853 7027
internal_value=-0.000375709 -0.000566692 -0.0362001 -0.000175878 -0.00506188 -0.0186336 0.00017255 0.000341329 9.51134e-05 -0.00244466 0.00190619 -0.0479069 -0.0442707 -0.0457247
internal_weight=10552.6 10511.8 114.039 10397.8 692.125 45.6057 9705.67 9268.96 8008.85 436.708 1260.11 68.4335 25.5405 22.6483
internal_count=142118 141000 56552 84448 18367 13246 66081 58062 52747 8019 5315 43306 9078 8225
is_linear=0
shrinkage=0.05


Tree=94
num_leaves=15
num_cat=0
split_feature=1 0 1 0 1 0 1 1 0 1 1 0 0 1
split_gain=34.5033 54.7429 9.4526 6.40665 61.6349 3.19511 2.72484 0.995882 0.256259 1.07953 0.47419 0.243302 0.225184 0.172714
threshold=0.94780898094177257 0.99183067679405224 0.21134921163320544 0.67754125595092785 0.26577670872211462 0.99943006038665783 0.1669825688004494 0.024402767419815067 0.55109152197837841 0.45187492668628698 0.35614466667175299 0.42763166129589086 0.99806669354438793 0.14925328642129901
decision_type=2 2 2 2 2 2 2 2 2 2 2 2 2 2
left_child=1 3 12 7 6 -4 -5 -1 9 11 -10 -9 13 -3
right_child=-2 2 5 4 -6 -7 -8 8 10 -11 -12 -13 -14 -15
leaf_value=-0.0012433530819262071 0.044682788329146073 -0.045512564213740142 -0.017925687175660631 -0.017925687175660631 -0.0012433530819262071 -0.032864726064393883 -0.0096215712503328853 0.00065732561187390012 -0.00037721246964255909 0.0030882387406129357 0.00023534894392390562 0.00023534894392390562 -0.050068506344959546 -0.032864726064393883
leaf_weight=149.14312481321394 42.315496453084052 21.639056997373704 33.798678773571737 273.83705976721831 1403.739538917318 10.834445266169494 150.23652630159631 5228.8098571971059 303.7586417850107 413.68991880118847 1056.9488320797682 1416.073095113039 40.803836232342292 2.7981883685570201
leaf_count=2645 1118 8225 5115 14541 9569 8131 2657 39069 2724 1704 4406 7133 34228 853
internal_value=-0.00037585 -0.000557333 -0.0356651 -0.000186291 -0.00287369 -0.0179342 -0.0179257 0.000386984 0.000488928 0.000610043 -0.000139345 0.000455758 -0.0477952 -0.0439994
internal_weight=10548.4 10506.1 109.874 10396.2 1827.81 44.6331 424.074 8568.42 8419.28 7058.57 1360.71 6644.88 65.2411 24.4372
internal_count=142118 141000 56552 84448 26767 13246 17198 57681 55036 47906 7130 46202 43306 9078
is_linear=0
shrinkage=0.05


Tree=95
num_leaves=15
num_cat=0
split_feature=1 0 1 1 0 1 0 0 1 0 1 0 0 1
split_gain=30.0668 51.2045 9.51497 6.11829 23.6591 3.6466 14.0886 3.13565 1.22023 0.235147 0.175986 0.144134 0.130204 0.0610584
threshold=0.94780898094177257 0.99183067679405224 0.21134921163320544 0.033470276743173606 0.26392500102519995 0.30859386920928961 0.55109152197837841 0.99943006038665783 0.518865466117859 0.99806669354438793 0.14925328642129901 0.99676966667175304 0.99353677034378063 0.61620560288429271
decision_type=2 2 2 2 2 2 2 2 2 2 2 2 2 2
left_child=1 3 9 4 -1 6 -5 -4 -7 10 12 -2 -3 -10
right_child=11 2 7 5 -6 8 -8 -9 13 -11 -12 -13 -14 -15
leaf_value=-0.0028314772886524281 0.043639949730139349 -0.038976936517868412 -0.017643747159082221 0.00015023259347853816 -0.017643747159082221 0.00058669142734212368 -0.0028314772886524281 -0.032661298977026645 0.0020536630312853318 -0.050065161588345154 -0.032661298977026645 0.037880604190474829 -0.046891890144878913 0.002721970854364797
leaf_weight=372.92857178673148 23.73648028075695 3.6151623560581418 33.210579183301888 4604.7181155458093 95.626403436530381 3284.0121035110205 658.05175880948082 10.48511913733091 745.31707922182977 38.816336724034045 2.7083032263908526 20.030368546955287 17.066033087205142 631.21553285606205
leaf_count=5972 192 1198 5115 34236 5503 15780 15831 8131 3633 34228 853 926 7027 3493
internal_value=-0.000351768 -0.000524187 -0.0351158 -0.00017167 -0.00575491 9.19567e-05 -0.000810023 -0.0176437 0.00111049 -0.0476789 -0.0437186 0.0410041 -0.0452926 0.00236012
internal_weight=10541.5 10497.8 105.902 10391.9 468.555 9923.31 5262.77 43.6957 4660.54 62.2058 23.3895 43.7668 20.6812 1376.53
internal_count=142118 141000 56552 84448 11475 72973 50067 13246 22906 43306 9078 1118 8225 7126
is_linear=0
shrinkage=0.05


Tree=96
num_leaves=15
num_cat=0
split_feature=1 0 1 0 1 0 1 0 1 0 1 1 1 0
split_gain=26.3226 47.7853 9.56432 5.52162 60.7659 3.07099 0.812061 0.245496 0.178914 0.156777 2.17954 0.240499 0.182292 0.201885
threshold=0.94780898094177257 0.99183067679405224 0.21134921163320544 0.65557706356048595 0.1669825688004494 0.99943006038665783 0.024402767419815067 0.99806669354438793 0.14925328642129901 0.53460946679115307 0.47263513505458837 0.35614466667175299 0.45187492668628698 0.42763166129589086
decision_type=2 2 2 2 2 2 2 2 2 2 2 2 2 2
left_child=1 3 7 6 -5 -4 -1 8 -3 10 12 -11 13 -8
right_child=-2 2 5 4 -6 -7 9 -9 -10 11 -12 -13 -14 -15
leaf_value=-0.0010754807738126988 0.037763847209508698 -0.045062985409549991 -0.017364464511310195 -0.017364464511310195 -0.0010754807738126988 -0.032460869268740054 0.00062213593073452678 -0.050061980393412003 -0.032460869268740054 -0.00029782569202125772 0.0060856112645493315 0.00028911167006178301 0.002265497936476831 0.00028911167006178301
leaf_weight=147.65672000870109 45.110129865817726 19.76567294984125 32.6415189699037 281.53800118179061 1721.54814827675 10.149085244163869 5230.5567327290773 36.925528964668047 2.6218172260560086 315.68393736891448 175.07980398833752 1092.1407269984484 133.14322191476822 1292.4637933373451
leaf_count=2616 1118 8225 5115 14860 13027 8131 39069 34228 853 2613 714 4527 556 6466
internal_value=-0.000348506 -0.00051237 -0.0345511 -0.000177862 -0.00253642 -0.0173645 0.000385455 -0.0475573 -0.0434261 0.000479829 0.000578843 -6.20017e-07 0.000433997 0.000396613
internal_weight=10537 10491.9 102.104 10389.8 2003.09 42.7906 8386.72 59.313 22.3875 8239.07 6831.24 1407.82 6656.16 6523.02
internal_count=142118 141000 56552 84448 27887 13246 56561 43306 9078 53945 46805 7140 46091 45535
is_linear=0
shrinkage=0.05


Tree=97
num_leaves=15
num_cat=0
split_feature=1 0 1 1 0 1 0 0 1 0 1 0 0 1
split_gain=23.0806 44.5858 9.60202 5.32553 22.3454 3.31482 12.6959 3.00453 1.17237 0.256118 0.18159 0.162082 0.136255 0.062069
threshold=0.94780898094177257 0.99183067679405224 0.21134921163320544 0.033470276743173606 0.26392500102519995 0.30859386920928961 0.55109152197837841 0.99943006038665783 0.518865466117859 0.99806669354438793 0.14925328642129901 0.99676966667175304 0.99353677034378063 0.61620560288429271
decision_type=2 2 2 2 2 2 2 2 2 2 2 2 2 2
left_child=1 3 9 4 -1 6 -5 -4 -7 10 12 -2 -3 -10
right_child=11 2 7 5 -6 8 -8 -9 13 -11 -12 -13 -14 -15
leaf_value=-0.0026619928656448854 0.037600915723640355 -0.038538164666305656 -0.017071000317337697 0.0001302795803220947 -0.017071000317337697 0.00053246944944671274 -0.0026619928656448854 -0.032250793202534669 0.0019615126719860821 -0.050058956247163139 -0.032250793202534669 0.031673934994098631 -0.04659138337854761 0.0026351814035394366
leaf_weight=372.01875727623701 24.915702790021896 3.325392976170412 32.090796464355662 4606.7729471549392 93.090127657633275 3284.7189463777468 652.78037445852533 9.825756997917777 745.57312319241464 35.126718093059026 2.5385819980874649 21.478059276007116 15.573412687750531 631.54129439685494
leaf_count=5972 192 1198 5115 34236 5503 15780 15831 8131 3633 34228 853 926 7027 3493
internal_value=-0.000331801 -0.000487504 -0.033972 -0.000170018 -0.0053991 7.5119e-05 -0.000785315 -0.017071 0.00104587 -0.0474306 -0.0431238 0.034857 -0.0448255 0.00227046
internal_weight=10531.4 10485 98.4807 10386.5 465.109 9921.39 5259.55 41.9166 4661.83 56.5641 21.4374 46.3938 18.8988 1377.11
internal_count=142118 141000 56552 84448 11475 72973 50067 13246 22906 43306 9078 1118 8225 7126
is_linear=0
shrinkage=0.05


Tree=98
num_leaves=15
num_cat=0
split_feature=0 1 0 1 1 1 1 0 0 1 1 1 1 0
split_gain=20.5353 9.42373 18.1458 6.24392 4.48752 3.89787 3.30521 20.1338 3.07514 1.26528 0.255745 0.10894 0.00614408 2.70994e-10
threshold=0.9995265305042268 0.91447648406028759 0.98430839180946361 0.97800299525260936 0.024402767419815067 0.28261865675449377 0.30859386920928961 0.58589693903923046 0.26392500102519995 0.518865466117859 0.94780898094177257 0.61620560288429271 0.47981558740139013 0.99999514222145092
decision_type=2 2 2 2 2 2 2 2 2 2 2 2 2 2
left_child=1 2 4 10 8 -4 7 -6 -1 12 13 -11 -8 -2
right_child=3 -3 5 -5 6 -7 9 -9 -10 11 -12 -13 -14 -15
leaf_value=-0.0041053898411591103 -0.050045423601190103 0.019461829746398478 -0.018621917730423734 -0.018621917730423734 0.00010005976630676327 -0.0093679324423416657 0.0004467897154708146 -0.0041053898411591103 -0.0093679324423416657 0.0018862393646137941 -0.035289818579586865 0.0027882650213934303 0.00064319769961513696 -0.050046673913876627
leaf_weight=132.74606513604522 28.139805284503389 60.614688792731613 53.107413223595358 6.0864700675010672 4935.3214490823448 34.433195472927764 2818.6797629017383 603.1172172059305 34.790685215499252 744.64256350696087 3.2727759378030887 608.05608735233545 463.68097855895758 0.44014870171667908
leaf_count=2210 32381 739 22598 352 39106 4751 13406 15086 1820 3549 295 3191 2132 502
internal_value=-0.00032874 -0.000195928 -0.000310186 -0.0370479 -0.000113947 -0.0186219 1.97158e-05 -0.000804742 -0.0082305 0.00100486 -0.0485293 0.00229171 0.000474535 -0.0500454
internal_weight=10527.1 10489.2 10428.6 37.9392 10341 87.5406 10173.5 5538.44 167.537 4635.06 31.8527 1352.7 3282.36 28.58
internal_count=142118 108588 107849 33530 80500 27349 76470 54192 4030 22278 33178 6740 15538 32883
is_linear=0
shrinkage=0.05


Tree=99
num_leaves=15
num_cat=0
split_feature=1 0 1 0 1 0 0 1 1 0 0 1 0 1
split_gain=19.5208 39.5154 9.68629 4.86888 31.8806 2.80537 1.41553 4.12482 0.471365 0.384282 0.270393 0.186473 0.159932 1.93363
threshold=0.94780898094177257 0.99183067679405224 0.21134921163320544 0.86675652861595165 0.16962133347988131 0.99943006038665783 0.65557706356048595 0.50234097242355358 0.024402767419815067 0.99697324633598339 0.99806669354438793 0.14925328642129901 0.53460946679115307 0.47263513505458837
decision_type=2 2 2 2 2 2 2 2 2 2 2 2 2 2
left_child=1 3 10 6 -5 -4 8 -8 -1 -2 11 -3 13 -10
right_child=9 2 5 4 -6 -7 7 -9 12 -11 -12 -13 -14 -15
leaf_value=-0.00054086706031581961 0.035589040196142563 -0.044471455114022465 -0.016575670203803485 -0.016575670203803485 -0.002085651730745638 -0.031893832370140887 -0.002085651730745638 -0.00054086706031581961 0.00038961024181588408 0.026585432726167282 -0.050054648584081242 -0.031893832370140887 -5.7385827768920757e-05 0.0057103029823262156
leaf_weight=146.38578820042312 26.280582398176193 17.735959765384909 31.313494368107058 144.38266623183154 535.94941107369959 9.0830383980064635 631.04559234529734 684.05538938939571 6658.5615410171449 21.584342937916517 32.199105161009356 2.4133887325879178 1407.4986175838858 175.25043271481991
leaf_count=2616 198 8225 5115 11419 6948 8131 6554 2966 46091 920 34228 853 7140 714
internal_value=-0.00032921 -0.000474771 -0.0329668 -0.000184544 -0.00427346 -0.0165757 0.000102159 -0.00142303 0.000341292 0.0315289 -0.047212 -0.0426694 0.000426095 0.000526057
internal_weight=10523.7 10475.9 92.745 10383.1 680.332 40.3965 9702.8 1315.1 8387.7 47.8649 52.3485 20.1493 8241.31 6833.81
internal_count=142118 141000 56552 84448 18367 13246 66081 9520 56561 1118 43306 9078 53945 46805
is_linear=0
shrinkage=0.05


Tree=100
num_leaves=15
num_cat=0
split_feature=1 0 1 1 0 1 0 0 1 0 0 1 0 1
split_gain=17.2214 36.7544 9.69077 4.48275 20.8529 2.83238 10.5666 2.73214 1.10288 0.34856 0.281764 0.188465 0.143538 0.0503195
threshold=0.94780898094177257 0.99183067679405224 0.21134921163320544 0.033470276743173606 0.26392500102519995 0.27841281890869146 0.61319905519485485 0.99943006038665783 0.518865466117859 0.99697324633598339 0.99806669354438793 0.14925328642129901 0.99353677034378063 0.61620560288429271
decision_type=2 2 2 2 2 2 2 2 2 2 2 2 2 2
left_child=1 3 10 4 -1 6 -5 -4 -7 -2 11 12 -3 -10
right_child=9 2 7 5 -6 8 -8 -9 13 -11 -12 -13 -14 -15
leaf_value=-0.0024733188784058172 0.033110432218402298 -0.037938762390876915 -0.016262022951810146 4.5675021655087678e-06 -0.016262022951810146 0.00041457315455662325 -0.0024733188784058172 -0.031666120859691581 0.0017854416392880379 0.024631715964680584 -0.05005198042588889 -0.031666120859691581 -0.046195685346628407 0.0023916931358385378
leaf_weight=370.72594500333071 26.821010045707226 3.0056614407803925 30.808687983313575 4256.4098167791963 90.546998011181131 3834.9691878287122 449.45174118550494 8.7985737090930325 746.10316122882068 22.117208966054022 30.630327245045919 2.3380514611490062 13.962067334447054 632.3678255463019
leaf_count=5972 198 1198 5115 33118 5503 18695 14034 8131 3633 920 34228 853 7027 3493
internal_value=-0.000313032 -0.000451345 -0.0323478 -0.000176204 -0.0049945 4.78585e-05 -0.000841441 -0.016262 0.000850576 0.0292785 -0.0470702 -0.0423394 -0.0442114 0.00206356
internal_weight=10519.1 10470.1 89.5434 10380.6 461.273 9919.3 4705.86 39.6073 5213.44 48.9382 49.9361 19.3058 16.9677 1378.47
internal_count=142118 141000 56552 84448 11475 72973 47152 13246 25821 1118 43306 9078 8225 7126
is_linear=0
shrinkage=0.05


Tree=101
num_leaves=13
num_cat=0
split_feature=0 1 1 0 1 0 1 0 1 1 1 1
split_gain=15.9481 8.07615 6.39115 66.5485 2.9135 0.721135 0.576825 0.421247 0.210915 0.0475491 0.0100701 0.00298456
threshold=0.99935436248779308 0.97800299525260936 0.20784864574670794 0.62303113937377941 0.518865466117859 0.67754125595092785 0.61620560288429271 0.99943006038665783 0.94780898094177257 0.64957258105278026 0.35614466667175299 0.66777718067169201
decision_type=2 2 2 2 2 2 2 2 2 2 2 2
left_child=2 7 3 -1 5 10 -6 -2 -9 -8 -4 -11
right_child=1 -3 4 -5 6 -7 9 8 -10 11 -12 -13
leaf_value=-0.00051592402388140116 -0.031605398576331108 -0.016229965322366029 0.00041335922689378162 -0.016229965322366029 0.0017951437405663807 -0.00051592402388140116 0.0029772044736579239 -0.050041475016336524 -0.040031026665632352 0.0036975961649003547 0.00056373645058450082 0.0040562772283038442
leaf_weight=3515.4226870667189 1.6395475397002908 6.9607797991484395 2419.8313396126032 391.17152505140984 749.78983633825555 653.49848071858287 139.06723917461932 26.721659023140095 3.570322453044354 65.974809472914785 2061.9212253093719 479.59946051728912
leaf_count=34275 1111 377 11725 32656 4153 9104 865 34531 309 427 8704 3881
internal_value=-0.000309974 -0.0322686 -0.00019133 -0.00179284 0.00076099 0.000204492 0.00275325 -0.0469808 -0.0484567 0.00380253 0.000482543 0.0040129
internal_weight=10515.2 38.8923 10476.3 3906.59 6569.68 5135.25 1434.43 31.9315 30.292 684.642 4481.75 545.574
internal_count=142118 36328 105790 66931 38859 29533 9326 35951 34840 5173 20429 4308
is_linear=0
shrinkage=0.05


Tree=102
num_leaves=15
num_cat=0
split_feature=1 0 1 0 1 0 1 0 0 1 0 0 0 0
split_gain=15.3698 32.6407 9.6439 4.10639 50.3262 2.53075 0.59378 0.29602 0.243964 0.191994 0.183384 0.147144 0.0441485 0.0176992
threshold=0.94780898094177257 0.99183067679405224 0.21134921163320544 0.65557706356048595 0.1669825688004494 0.99943006038665783 0.024402767419815067 0.99806669354438793 0.99697324633598339 0.14925328642129901 0.42763166129589086 0.99353677034378063 0.55109152197837841 0.99676966667175304
decision_type=2 2 2 2 2 2 2 2 2 2 2 2 2 2
left_child=1 3 7 6 -5 -4 -1 9 -2 11 -8 -3 -12 -13
right_child=8 2 5 4 -6 -7 10 -9 -10 -11 12 13 -14 -15
leaf_value=-0.00095092783005144572 0.030585859961914121 -0.03756294191622498 -0.015751582505956568 -0.015751582505956568 -0.00095092783005144572 -0.031289514060196803 0.00057195812350267447 -0.050048237860679502 0.023551401942685634 -0.031289514060196803 0.0002356694002996324 -0.043500193407329767 -0.00015673567528321411 -0.045954522640055867
leaf_weight=145.74149583466351 27.388026133179665 2.8479395811446038 30.34983946220018 266.33634800999425 1720.0717281834222 8.1097163095255365 5232.4267685487866 28.064059547206853 22.411321200430393 2.2308924619574091 1831.3400793336332 7.5810393033316341 1177.7495720107108 5.5392609114060178
leaf_count=2616 198 1198 5115 14860 13027 8131 39069 34228 920 853 8837 3997 6039 3030
internal_value=-0.000291405 -0.000423358 -0.0313322 -0.000170923 -0.00221506 -0.0157516 0.000313203 -0.0468274 0.0274201 -0.0418608 0.000393098 -0.0438364 8.20831e-05 -0.0459545
internal_weight=10508.2 10458.4 84.7227 10373.7 1986.41 38.4596 8387.26 46.2632 49.7993 18.1991 8241.52 15.9682 3009.09 13.1203
internal_count=142118 141000 56552 84448 27887 13246 56561 43306 1118 9078 53945 8225 14876 7027
is_linear=0
shrinkage=0.05


Tree=103
num_leaves=14
num_cat=0
split_feature=0 1 1 0 1 0 1 1 0 1 1 1 1
split_gain=13.6598 9.51099 5.36058 58.2656 2.58684 0.606795 0.45076 0.286356 0.466279 0.0276268 0.0109906 0.00032132 8.88226e-06
threshold=0.9992174804210664 0.97800299525260936 0.20784864574670794 0.62303113937377941 0.518865466117859 0.67754125595092785 0.61620560288429271 0.44537897408008581 0.99980089068412792 0.64957258105278026 0.35614466667175299 0.66777718067169201 0.40275527536869055
decision_type=2 2 2 2 2 2 2 2 2 2 2 2 2
left_child=2 7 3 -1 5 10 -6 -2 -9 -8 -4 -11 -12
right_child=1 -3 4 -5 6 -7 9 8 -10 11 12 -13 -14
leaf_value=-0.00046089987924794292 -0.050035379818706954 -0.014977877987746288 0.00037053728397748095 -0.014977877987746288 0.00173972327500173 -0.00046089987924794292 0.0028850518854283062 -0.030967546748256781 -0.044819813546151555 0.0035709640265232153 0.00052317186378074323 0.0036886243600225696 0.00053003995409133876
leaf_weight=3515.2978622242808 22.295773664198354 7.406571712344884 2420.6627937555313 379.11578660702799 749.83679981785826 652.28351290943101 139.105587602593 3.9096353496424836 5.424017749435734 66.009115329943597 727.13277631998062 479.74922391492873 1335.1160734444857
leaf_count=34275 32931 391 11725 31416 4107 8857 849 1656 3029 423 3123 3755 5581
internal_value=-0.00027174 -0.0297941 -0.00016161 -0.00163148 0.00070968 0.000185262 0.00258672 -0.0469572 -0.0396042 0.00351407 0.000442798 0.00367439 0.000527618
internal_weight=10503.3 39.036 10464.3 3894.41 6569.9 5135.2 1434.7 31.6294 9.33365 684.864 4482.91 545.758 2062.25
internal_count=142118 38007 104111 65691 38420 29286 9134 37616 4685 5027 20429 4178 8704
is_linear=0
shrinkage=0.05


Tree=104
num_leaves=15
num_cat=0
split_feature=1 0 1 1 0 0 1 0 0 0 0 0 1 1
split_gain=13.7503 28.9476 15.5047 3.54275 5.71182 2.33768 12.9497 1.58847 0.436623 0.192991 0.188086 0.163798 0.101034 0.0519874
threshold=0.94780898094177257 0.98430839180946361 0.21134921163320544 0.024402767419815067 0.30755041539669042 0.65557706356048595 0.33196504414081579 0.99943006038665783 0.9884038269519807 0.99806669354438793 0.42763166129589086 0.99697324633598339 0.14925328642129901 0.031506473198533065
decision_type=2 2 2 2 2 2 2 2 2 2 2 2 2 2
left_child=1 3 8 4 -1 10 -7 -4 -3 12 -5 -2 13 -10
right_child=11 2 7 5 -6 6 -8 -9 9 -11 -12 -13 -14 -15
leaf_value=-0.0036968879608768228 0.028313103693293613 -0.032276165930577368 -0.013318234660613158 0.00054936708268425868 -0.013318234660613158 -0.0036968879608768228 -0.00059742654114487302 -0.029431605599160748 -0.046915357561958852 -0.05004476223046847 5.3273630864461849e-05 0.022592249987127791 -0.039659527388083204 -0.043386824178263721
leaf_weight=133.87261394038796 27.912917718291283 5.5709657396655521 42.422930007567629 5233.4317083582282 30.656704051885754 519.07824828429148 1415.3548582857475 7.5182367044617413 5.8544065032620045 25.679915481887292 3009.1874850485474 22.676898968406022 2.9672727978322646 14.8471480703447
leaf_count=2262 198 1294 5947 39069 1768 14257 8351 8131 2991 34228 14876 920 1018 6808
internal_value=-0.000255625 -0.000381558 -0.0265199 -0.000116522 -0.00739492 1.14547e-06 -0.00156311 -0.0133182 -0.045545 -0.0470429 0.000368255 0.0257487 -0.043786 -0.0452871
internal_weight=10497 10446.4 104.861 10341.6 164.529 10177.1 1934.43 49.9412 54.9197 49.3487 8242.62 50.5898 23.6688 20.7016
internal_count=142118 141000 60417 80583 4030 76553 22608 14078 46339 45045 53945 1118 10817 9799
is_linear=0
shrinkage=0.05


Tree=105
num_leaves=15
num_cat=0
split_feature=1 0 1 1 0 0 1 0 1 0 1 0 1 0
split_gain=12.1863 26.7975 9.49411 3.58934 6.79973 2.43596 6.9845 2.28635 0.668309 1.60425 0.563947 0.322897 0.19819 0.159604
threshold=0.94780898094177257 0.99183067679405224 0.21134921163320544 0.024402767419815067 0.30755041539669042 0.83474835753440868 0.34157374501228338 0.99943006038665783 0.64957258105278026 0.67754125595092785 0.50234097242355358 0.99806669354438793 0.14925328642129901 0.42763166129589086
decision_type=2 2 2 2 2 2 2 2 2 2 2 2 2 2
left_child=1 3 11 4 -1 8 -7 -4 9 13 -11 12 -3 -5
right_child=-2 2 7 5 -6 6 -8 -9 -10 10 -12 -13 -14 -15
leaf_value=-0.0037439918817396508 0.024019771294430736 -0.043152392805165418 -0.014882405773388341 0.0005217295615543594 -0.014882405773388341 -0.0037439918817396508 -0.0012052852978880516 -0.030638682394984074 0.0027730896837218424 -0.0012052852978880516 -0.00042660754087202188 -0.050042576452813306 -0.030638682394984074 7.2485202891651242e-05
leaf_weight=133.44104486331344 51.495883801952004 14.41580165422056 29.486722753499635 5235.0840336866677 31.440127701731399 290.03418344422244 543.76617406494915 7.3006054232246234 246.63755875825882 440.2318265195936 267.1035615503788 24.428530955512542 2.0494801755994549 3176.7830471005291
leaf_count=2262 1118 8225 5115 39069 2135 13760 4817 8131 1022 4301 1169 34228 853 15913
internal_value=-0.000243625 -0.00036328 -0.0296208 -0.000143998 -0.00746229 -2.56948e-05 -0.00261543 -0.0148824 0.000204858 0.000135398 -0.00120529 -0.046395 -0.0409832 0.00035207
internal_weight=10493.7 10442.2 77.6811 10364.5 164.881 10199.6 833.8 36.7873 9365.84 9119.2 707.335 40.8938 16.4653 8411.87
internal_count=142118 141000 56552 84448 4397 80051 18577 13246 61474 60452 5470 43306 9078 54982
is_linear=0
shrinkage=0.05


Tree=106
num_leaves=15
num_cat=0
split_feature=1 0 1 1 0 1 0 0 1 0 1 0 0 1
split_gain=10.8156 24.7399 9.43927 3.32531 6.61132 2.43472 15.541 2.21096 0.78486 0.335671 0.198867 0.160842 0.156751 0.0337841
threshold=0.94780898094177257 0.99183067679405224 0.21134921163320544 0.024402767419815067 0.30755041539669042 0.27841281890869146 0.61319905519485485 0.99943006038665783 0.518865466117859 0.99806669354438793 0.14925328642129901 0.99697324633598339 0.99353677034378063 0.30859386920928961
decision_type=2 2 2 2 2 2 2 2 2 2 2 2 2 2
left_child=1 3 9 4 -1 6 -5 -4 13 10 12 -2 -3 -7
right_child=11 2 7 5 -6 8 -8 -9 -10 -11 -12 -13 -14 -15
leaf_value=-0.0036202464654718452 0.024940157795212876 -0.036611110970441001 -0.014539140950778386 -4.9484380906208128e-05 -0.014539140950778386 -7.5666775865655501e-06 -0.0036202464654718452 -0.030378400756470608 0.0017455158804974853 -0.050040500513611363 -0.030378400756470608 0.019372556126239469 -0.045317291866465631 0.00041594168133170961
leaf_weight=133.00518155843019 28.717201098799706 2.4772014274494714 29.059153823647648 4517.0821464341134 30.996199439978227 549.67651483695954 466.59419361175969 7.0807259065913959 1380.566233436577 23.238077895424794 1.9879307274240989 23.658947742544115 11.331832509720696 3285.7621147343889
leaf_count=2262 198 1198 5115 37433 2135 2915 16797 8131 7126 34228 853 920 7027 15780
internal_value=-0.000239047 -0.000352764 -0.0289328 -0.000145453 -0.00720861 -3.18837e-05 -0.00082219 -0.0145391 0.000723221 -0.0462177 -0.0405941 0.0224252 -0.0428438 0.000355247
internal_weight=10491.2 10438.9 75.1749 10363.7 164.001 10199.7 4983.68 36.1399 5216 39.035 15.797 52.3761 13.809 3835.44
internal_count=142118 141000 56552 84448 4397 80051 54230 13246 25821 43306 9078 1118 8225 18695
is_linear=0
shrinkage=0.05


Tree=107
num_leaves=15
num_cat=0
split_feature=1 0 1 0 1 0 1 0 1 0 1 0 0 0
split_gain=9.61953 22.789 9.37191 3.09065 10.4827 2.13548 1.83887 1.31045 4.29867 0.349158 0.199093 0.171623 0.158504 0.147889
threshold=0.94780898094177257 0.99183067679405224 0.21134921163320544 0.95333009958267223 0.24947264790534976 0.99943006038665783 0.024402767419815067 0.65557706356048595 0.33196504414081579 0.99806669354438793 0.14925328642129901 0.53460946679115307 0.99353677034378063 0.99697324633598339
decision_type=2 2 2 2 2 2 2 2 2 2 2 2 2 2
left_child=1 3 9 6 -5 -4 -1 11 -9 10 12 -8 -3 -2
right_child=13 2 5 4 -6 -7 7 8 -10 -11 -12 -13 -14 -15
leaf_value=-0.0033839974286535911 0.02337215373398608 -0.036313904921413842 -0.014189245423384102 -0.014189245423384102 -0.0033839974286535911 -0.030110345722002826 0.00042612202324766732 -0.0016635441400537549 -0.00042488434337099417 -0.050038524699997346 -0.030110345722002826 -0.00018020181824418923 -0.045111311388597253 0.018075022557003544
leaf_weight=158.35771578736603 29.101360380649567 2.388506446266546 28.647325411788188 63.40238480293192 111.96522826422006 6.8692412795498958 6838.7962184809148 456.73252774309367 1325.7862738072872 22.105594068882056 1.9287208474706847 1407.2521821577102 10.831324758473782 24.078255110420287
leaf_count=3533 198 1198 5115 7667 2302 8131 46805 9924 7077 34228 853 7140 7027 920
internal_value=-0.000237694 -0.000345792 -0.0282285 -0.000149982 -0.00673131 -0.0141892 -3.66844e-05 5.69091e-05 -0.00117242 -0.0460314 -0.0401841 0.000322648 -0.0425175 0.0209738
internal_weight=10488.2 10435.1 72.7707 10362.3 175.368 35.5166 10186.9 10028.6 1782.52 37.2541 15.1486 8246.05 13.2198 53.1796
internal_count=142118 141000 56552 84448 9969 13246 74479 70946 17001 43306 9078 53945 8225 1118
is_linear=0
shrinkage=0.05


Tree=108
num_leaves=15
num_cat=0
split_feature=0 1 1 0 1 1 0 1 1 1 0 1 0 1
split_gain=8.96117 10.7986 4.10437 44.7029 1.65619 0.852961 0.763256 0.265631 0.154205 0.403315 0.0834176 0.0606174 0.106165 0.0129166
threshold=0.99891343712806713 0.97800299525260936 0.27841281890869146 0.62303113937377941 0.518865466117859 0.42631649971008306 0.99980089068412792 0.61620560288429271 0.023054582998156551 0.021110345609486107 0.31449203193187719 0.30859386920928961 0.44305756688117987 0.50234097242355358
decision_type=2 2 2 2 2 2 2 2 2 2 2 2 2 2
left_child=2 5 3 8 10 -2 -7 -6 9 -1 -4 12 -12 -13
right_child=1 -3 4 -5 7 6 -8 -9 -10 -11 11 13 -14 -15
leaf_value=-0.0060017322555358191 -0.05003460981557098 -0.011854573426983699 0.0012969540687371725 -0.011854573426983699 0.0016423531012373579 -0.027872784875411762 -0.041502343588739637 0.0030048413048635466 -0.00014889108408793866 -0.0024136418951412782 9.5015407777749173e-05 0.00031486652736722396 -0.00014889108408793866 0.00074686797194940249
leaf_weight=34.961989978328347 20.339990884182047 9.1784635912626964 95.510332435369492 493.28639355045743 749.64452070742846 6.2638316731899959 5.1785243092454039 684.25125887989998 4575.4443750046194 63.057756416499615 276.82814393937588 3107.3666448176373 181.10895784338936 183.23221257468686
leaf_count=649 35095 420 439 32072 4016 2111 3177 4790 38360 1165 1273 16099 1512 940
internal_value=-0.000229875 -0.0235708 -0.000138339 -0.00114011 0.000842329 -0.043891 -0.0329701 0.00229253 -0.000148891 -0.00467839 0.000301379 0.000261552 -0.000148891 0.000338922
internal_weight=10485.7 40.9608 10444.7 5166.75 5277.94 31.7823 11.4424 1433.9 4673.46 98.0197 3844.05 3748.54 457.937 3290.6
internal_count=142118 40803 101315 72246 29069 40383 5288 8806 40174 1814 20263 19824 2785 17039
is_linear=0
shrinkage=0.05


Tree=109
num_leaves=15
num_cat=0
split_feature=1 0 1 1 0 0 1 0 1 0 1 0 0 0
split_gain=8.70581 19.8681 9.25345 2.82367 16.4991 1.9563 1.66875 7.50502 0.555982 0.362957 0.20084 0.161668 0.0924157 0.0238665
threshold=0.94780898094177257 0.99183067679405224 0.21134921163320544 0.033470276743173606 0.24881277233362201 0.99943006038665783 0.30859386920928961 0.55109152197837841 0.518865466117859 0.99806669354438793 0.14925328642129901 0.99353677034378063 0.99697324633598339 0.99676966667175304
decision_type=2 2 2 2 2 2 2 2 2 2 2 2 2 2
left_child=1 3 9 4 -1 -4 7 -5 -8 10 11 -3 -2 -13
right_child=12 2 5 6 -6 -7 8 -9 -10 -11 -12 13 -14 -15
leaf_value=-0.0019811256397428202 0.021740288725001781 -0.035867822913130877 -0.01359171564404873 7.6638084256335653e-05 -0.01359171564404873 -0.029651791896852464 0.00037288584182913948 -0.0019811256397428202 0.0015682312397021199 -0.050035645085025449 -0.029651791896852464 -0.041627266678742919 0.017573182506734595 -0.044835726604338016
leaf_weight=365.71846871823072 29.508026272058487 2.2766130790114394 28.123383935424499 4612.0088046900928 86.318979703821242 6.3896769113489418 3286.4485910907388 624.60981456725858 1381.7811734629795 20.179251683643088 1.8498048447072495 5.9190373338060436 24.230460038408637 4.3142750001279637
leaf_count=5933 198 1198 5115 34236 5542 8131 15780 15831 7126 34228 853 3997 920 3030
internal_value=-0.000211796 -0.00031526 -0.0270464 -0.000137036 -0.00400159 -0.0135917 3.93341e-05 -0.000573428 0.000726704 -0.0457119 -0.0396358 -0.0420839 0.0198614 -0.0448357
internal_weight=10479.7 10425.9 69.052 10356.9 452.037 34.5131 9904.85 5236.62 4668.23 34.539 14.3597 12.5099 53.7385 10.2333
internal_count=142118 141000 56552 84448 11475 13246 72973 50067 22906 43306 9078 8225 1118 7027
is_linear=0
shrinkage=0.05


Tree=110
num_leaves=15
num_cat=0
split_feature=1 0 1 1 0 0 1 0 0 0 0 1 0 1
split_gain=7.75723 18.3372 14.6003 2.42304 2.69055 1.9052 12.3172 0.860594 0.428212 0.227592 0.220301 0.118325 0.0859219 0.0452485
threshold=0.94780898094177257 0.98430839180946361 0.21134921163320544 0.023054582998156551 0.26392500102519995 0.65557706356048595 0.33196504414081579 0.99943006038665783 0.9884038269519807 0.42763166129589086 0.99806669354438793 0.031506473198533065 0.99697324633598339 0.14925328642129901
decision_type=2 2 2 2 2 2 2 2 2 2 2 2 2 2
left_child=1 3 8 4 -1 9 -7 -4 -3 -5 11 -10 -2 -13
right_child=12 2 7 5 -6 6 -8 -9 10 -11 -12 13 -14 -15
leaf_value=-0.0037411329711624312 0.020415094950564289 -0.030923710111449454 -0.01141950731025497 0.00049503784741613546 -0.01141950731025497 -0.0037411329711624312 -0.00057504421856444284 -0.027920970959685057 -0.046272795248287694 -4.9669697385847809e-05 -0.050033906200489947 -0.042014314534200951 0.016424707366607481 -0.038571704147598342
leaf_weight=88.633605971932411 29.843365296721458 5.1847625840455285 40.090377133339643 5279.9154214672744 22.647693591192365 513.08513320563361 1416.203286764212 6.2032979654613873 4.8174916367279392 3011.3784029241651 19.19574829985504 12.356535642873494 24.61815957352519 2.5714697090443215
leaf_count=1547 198 1294 5947 39774 1343 14621 8351 8131 2991 14947 34228 6808 920 1018
internal_value=-0.000209845 -0.000308194 -0.022727 -0.000111995 -0.00745017 -3.20976e-05 -0.00144729 -0.0114195 -0.0444224 0.000297201 -0.0462197 -0.0425117 0.0186113 -0.0400658
internal_weight=10476.7 10422.3 90.4197 10331.9 111.281 10220.6 1929.29 46.2937 44.126 8291.29 38.9412 19.7455 54.4615 14.928
internal_count=142118 141000 60417 80583 2890 77693 22972 14078 46339 54721 45045 10817 1118 7826
is_linear=0
shrinkage=0.05


Tree=111
num_leaves=13
num_cat=0
split_feature=0 1 1 0 1 1 0 0 1 1 1 1
split_gain=6.96772 9.58392 3.44454 39.6913 1.69646 0.898156 0.803338 0.428994 0.242719 0.0336715 0.00281947 0.0018784
threshold=0.99898347258567821 0.97800299525260936 0.20784864574670794 0.62303113937377941 0.51091969013214122 0.42631649971008306 0.99980089068412792 0.7028385102748872 0.61620560288429271 0.40275527536869055 0.24947264790534976 0.64957258105278026
decision_type=2 2 2 2 2 2 2 2 2 2 2 2
left_child=2 5 3 -1 7 -2 -7 9 -6 10 -4 -10
right_child=1 -3 4 -5 8 6 -8 -9 11 -11 -12 -13
leaf_value=-0.00036515093527773109 -0.050029726932869792 -0.011019791241327856 0.00017895896127240895 -0.011019791241327856 0.0014654023059731403 -0.026999764408041055 -0.040763049992573103 -0.00036515093527773109 0.0025679725771940664 0.00056856062569083656 0.0002919174205264027 0.0027736654158280502
leaf_weight=3514.2849942669272 17.184993202768968 9.0622217413037998 711.51452235877514 354.68187869316898 842.73350399080664 5.6403408553451282 4.9100530611467548 555.6878535435535 139.23731668060645 1301.2625712305307 2470.592861905694 547.12581555172801
leaf_count=34275 34609 413 3774 29811 4519 2045 3177 7931 830 5463 11264 4007
internal_value=-0.000198544 -0.0219176 -0.00012197 -0.00130547 0.000575172 -0.0429797 -0.0314964 0.000132519 0.00203391 0.000354284 0.00026666 0.00273194
internal_weight=10473.9 36.7976 10437.1 3868.97 6568.15 27.7354 10.5504 5039.06 1529.1 4483.37 3182.11 686.363
internal_count=142118 40244 101874 64086 37788 39831 5222 28432 9356 20501 15038 4837
is_linear=0
shrinkage=0.05


Tree=112
num_leaves=15
num_cat=0
split_feature=1 0 1 0 1 0 1 0 1 1 0 0 1 0
split_gain=7.03534 15.9394 6.30904 2.90049 11.2295 1.96274 1.46452 0.979542 4.75783 0.65073 0.364202 0.357574 0.261654 0.230375
threshold=0.94780898094177257 0.99548703432083141 0.21134921163320544 0.95333009958267223 0.24947264790534976 0.99943006038665783 0.024402767419815067 0.55109152197837841 0.33196504414081579 0.45187492668628698 0.99806669354438793 0.42763166129589086 0.14925328642129901 0.10300998017191888
decision_type=2 2 2 2 2 2 2 2 2 2 2 2 2 2
left_child=1 3 10 6 -5 -4 13 9 -9 11 12 -8 -3 -1
right_child=-2 2 5 4 -6 -7 7 8 -10 -11 -12 -13 -14 -15
leaf_value=-0.0015749637614405115 0.017653417223596691 -0.04247176164316168 -0.014054741755016182 -0.014054741755016182 -0.0031985476259518823 -0.030061582491666107 0.00045624142211877773 -0.0015749637614405115 -0.00017418673940244991 0.0022897687609273309 -0.050031465818264224 -0.00017418673940244991 -0.030061582491666107 -0.0031985476259518823
leaf_weight=116.18624814599752 54.956462462432683 6.5838474862976026 20.803052705945451 66.232304031145759 117.91032218839973 5.7858637482859185 5238.247032660991 670.16236633248627 2281.7956778109074 414.66413651406765 17.544715044350596 1417.6028259508312 1.0300867807818574 39.906475992873311
leaf_count=1984 1118 5020 4232 11305 3069 8131 39069 11997 11043 1704 34228 7133 536 1549
internal_value=-0.00018927 -0.000283425 -0.0279643 -0.000145197 -0.00636441 -0.0140547 -3.2684e-05 4.86201e-05 -0.000716385 0.000368012 -0.0460684 0.000248285 -0.0369364 -0.00319855
internal_weight=10469.4 10414.5 51.7476 10362.7 184.143 26.5889 10178.6 10022.5 2951.96 7070.51 25.1586 6655.85 7.61393 156.093
internal_count=142118 141000 52147 88853 14374 12363 74479 70946 23040 47906 39784 46202 5556 3533
is_linear=0
shrinkage=0.05


Tree=113
num_leaves=15
num_cat=0
split_feature=1 0 1 0 1 0 1 0 1 0 1 0 0 0
split_gain=6.27604 14.6584 6.25793 2.59768 10.896 1.91274 1.38204 0.907567 3.5978 0.378406 0.257824 0.184346 0.170405 0.131186
threshold=0.94780898094177257 0.99548703432083141 0.21134921163320544 0.95333009958267223 0.24947264790534976 0.99943006038665783 0.024402767419815067 0.65557706356048595 0.33196504414081579 0.99806669354438793 0.14925328642129901 0.10300998017191888 0.42763166129589086 0.99676966667175304
decision_type=2 2 2 2 2 2 2 2 2 2 2 2 2 2
left_child=1 3 9 6 -5 -4 11 12 -9 10 13 -1 -8 -3
right_child=-2 2 5 4 -6 -7 7 8 -10 -11 -12 -13 -14 -15
leaf_value=-0.001502245023643373 0.016563852677758416 -0.035962978115007323 -0.013696415455063317 -0.013696415455063317 -0.0030449235707587356 -0.029785565877901057 0.00043331363535893729 -0.001502245023643373 -0.00036218290460480421 -0.050029932465720177 -0.029785565877901057 -0.0030449235707587356 -3.8785329224616707e-05 -0.043209213378453071
leaf_weight=116.02624726668 55.625114747323096 2.5644618929363814 20.517275137011897 65.328365434077568 117.61138280038722 5.6147740082815281 5239.618903234601 447.27224909886718 1326.9511439949274 16.689548144728178 0.99969576904550184 39.788456118665636 3009.1688130106777 3.7463058889843524
leaf_count=1984 1118 1990 4232 11305 3069 8131 39069 9924 7077 34228 536 1549 14876 3030
internal_value=-0.000186357 -0.000275844 -0.0272475 -0.000145351 -0.00605063 -0.0136964 -3.92175e-05 4.04335e-05 -0.000985457 -0.0458747 -0.0363885 -0.00304492 0.000261091 -0.0421404
internal_weight=10467.5 10411.9 50.1321 10361.8 182.94 26.132 10178.8 10023 1774.22 24 7.31046 155.815 8248.79 6.31077
internal_count=142118 141000 52147 88853 14374 12363 74479 70946 17001 39784 5556 3533 53945 5020
is_linear=0
shrinkage=0.05


Tree=114
num_leaves=15
num_cat=0
split_feature=1 0 1 1 0 0 1 0 1 0 1 0 0 1
split_gain=5.60165 13.4675 6.2018 2.42805 16.0394 1.86264 1.56953 6.62064 0.584309 0.392133 0.254273 0.133 0.0564662 0.00558343
threshold=0.94780898094177257 0.99548703432083141 0.21134921163320544 0.033470276743173606 0.24881277233362201 0.99943006038665783 0.30859386920928961 0.55109152197837841 0.51091969013214122 0.99806669354438793 0.14925328642129901 0.99676966667175304 0.99697324633598339 0.61620560288429271
decision_type=2 2 2 2 2 2 2 2 2 2 2 2 2 2
left_child=1 3 9 4 -1 -4 7 -5 -8 10 11 -3 -2 -10
right_child=12 2 5 6 -6 -7 8 -9 13 -11 -12 -13 -14 -15
leaf_value=-0.0018578603919249495 0.016997956829235581 -0.035658681703730342 -0.013333657381365585 5.6028773533726987e-05 -0.013333657381365585 -0.029504114531922455 0.00030606315890165998 -0.0018578603919249495 0.0014235671500214295 -0.050028472099640467 -0.029504114531922455 -0.042937228892130697 0.013816198655419885 0.0016197628173327467
leaf_weight=364.60726303234696 30.728687793016434 2.4741014161845696 20.242501743487086 4615.1071492508054 85.121602232451551 5.4502380680060005 3196.1828726800159 621.5087801074842 840.63599008694291 15.876040869072311 0.97046500898431975 3.5882560965837911 25.528834315948188 637.72945455927402
leaf_count=5933 198 1990 4232 34236 6618 8131 15646 18544 4168 34228 536 3030 920 3708
internal_value=-0.000180895 -0.000265934 -0.0265246 -0.000142759 -0.00373601 -0.0133337 2.02886e-05 -0.000574192 0.000686249 -0.0456746 -0.035846 -0.0418132 0.0155541 0.0015082
internal_weight=10465.8 10409.5 48.6016 10360.9 449.729 25.6927 9911.16 5236.62 4674.55 22.9089 7.03282 6.06236 56.2575 1478.37
internal_count=142118 141000 52147 88853 12551 12363 76302 52780 23522 39784 5556 5020 1118 7876
is_linear=0
shrinkage=0.05


Tree=115
num_leaves=15
num_cat=0
split_feature=1 0 1 1 0 0 1 0 0 1 0 0 1 0
split_gain=5.00861 12.349 13.7127 1.96833 2.19861 1.41472 10.599 0.444074 0.333331 0.26502 0.248115 0.207905 0.098687 0.0523896
threshold=0.94780898094177257 0.98430839180946361 0.21134921163320544 0.023054582998156551 0.26392500102519995 0.65557706356048595 0.33196504414081579 0.99806669354438793 0.99943006038665783 0.03113807458430529 0.9884038269519807 0.42763166129589086 0.14925328642129901 0.99697324633598339
decision_type=2 2 2 2 2 2 2 2 2 2 2 2 2 2
left_child=1 3 7 4 -1 11 -7 9 -4 -3 -11 -5 -12 -2
right_child=13 2 8 5 -6 6 -8 -9 -10 10 12 -13 -14 -15
leaf_value=-0.0034037956300627357 0.016008008713919691 -0.044476946034755889 -0.0098862736623683192 0.00043523385393145965 -0.0098862736623683192 -0.0034037956300627357 -0.00050660013351312824 -0.050027082277720784 -0.026645424268691223 -0.026645424268691223 -0.040051455348405506 -8.5346667894204778e-05 -0.032772850825203231 0.012959484589625628
leaf_weight=87.901443790644407 30.990569472312927 5.0957336710998815 38.636050057131797 5282.9550788998604 21.7903275731951 505.07375980704091 1416.3983404254541 15.102166052965911 5.2920042123296289 3.8515575611963895 11.068639660836196 3011.0241932179779 2.3198112960671997 25.847179650329053
leaf_count=1547 198 3251 5947 39774 1343 14621 8351 34228 8131 970 6872 14947 1018 920
internal_value=-0.000180559 -0.000261405 -0.019664 -0.000108505 -0.00677062 -3.69682e-05 -0.00125944 -0.0434046 -0.00988627 -0.0389268 -0.035626 0.000246244 -0.0389003 0.0146217
internal_weight=10463.3 10406.5 81.366 10325.1 109.692 10215.5 1921.47 37.4379 43.9281 22.3357 17.24 8293.98 13.3885 56.8377
internal_count=142118 141000 60417 80583 2890 77693 22972 46339 14078 12111 8860 54721 7890 1118
is_linear=0
shrinkage=0.05


Tree=116
num_leaves=15
num_cat=0
split_feature=1 0 1 0 1 0 1 1 0 0 1 1 0 1
split_gain=4.47538 11.3495 6.09633 2.2825 2.22604 35.0628 1.84781 0.616909 0.378829 0.215592 0.756551 0.0799284 0.0485049 0.0193226
threshold=0.94780898094177257 0.99548703432083141 0.14925328642129901 0.99943006038665783 0.27841281890869146 0.67754125595092785 0.1669825688004494 0.51091969013214122 0.99676966667175304 0.61319905519485485 0.18944638222455981 0.031506473198533065 0.99697324633598339 0.30859386920928961
decision_type=2 2 2 2 2 2 2 2 2 2 2 2 2 2
left_child=1 4 8 -4 5 9 -7 13 11 -1 -11 -3 -2 -6
right_child=12 2 3 -5 7 6 -8 -9 -10 10 -12 -13 -14 -15
leaf_value=-0.00014374056475176573 0.01508447776176821 -0.040002392683320689 -0.012608902049648971 -0.029973537485085685 -2.5928232224305811e-05 -0.012608902049648971 -0.0063763213072003683 0.0014540446780580698 -0.050031247881555697 -0.0063763213072003683 -0.0024825425218243354 -0.029973537485085685 0.012165681027243122 0.00029501569087999637
leaf_weight=4660.4635435789824 31.237000465393066 0.68416928639635743 21.351673662633406 5.9112218698719508 549.61524563888088 235.14440057973843 160.52173662511632 1478.6895134076476 16.252262135065394 41.536213763058186 35.471638023853302 1.6069709819275884 26.148983052931726 3196.2640969119966
leaf_count=40007 198 636 5535 10453 2989 17838 3354 7876 34169 885 258 1354 920 15646
internal_value=-0.000170285 -0.000247094 -0.0250805 -0.0126089 -0.00013727 -0.00087677 -0.0126089 0.000589288 -0.0473382 -0.000143741 -0.00482134 -0.0299735 0.0137545 0.000247925
internal_weight=10460.9 10403.5 45.8063 27.2629 10357.7 5133.14 395.666 5224.57 18.5434 4737.47 77.0079 2.29114 57.386 3745.88
internal_count=142118 141000 52147 15988 88853 62342 21192 26511 36159 41150 1143 1990 1118 18635
is_linear=0
shrinkage=0.05


Tree=117
num_leaves=15
num_cat=0
split_feature=1 0 1 0 1 0 1 0 0 1 0 1 1 1
split_gain=4.0003 10.3942 6.03639 2.2375 2.07624 26.7094 0.996371 1.31208 0.389203 0.077106 0.0448231 0.00921459 0.00595781 0.0010012
threshold=0.94780898094177257 0.99548703432083141 0.14925328642129901 0.99943006038665783 0.099902357906103148 0.54329654574394237 0.51091969013214122 0.67754125595092785 0.99676966667175304 0.031506473198533065 0.99697324633598339 0.35614466667175299 0.61620560288429271 0.40275527536869055
decision_type=2 2 2 2 2 2 2 2 2 2 2 2 2 2
left_child=1 4 8 -4 5 -1 7 11 9 -3 -2 -6 -8 -13
right_child=10 2 3 -5 6 -7 12 -9 -10 -11 -12 13 -14 -15
leaf_value=-0.00072442065672892258 0.014221828620238892 -0.039875046358243849 -0.012236217500217087 -0.029720368081915107 0.00025253381615766927 -0.012236217500217087 0.0012933975636051161 -0.00072442065672892258 -0.050029724634572594 -0.029720368081915107 0.011429003824279938 0.0003358956191720814 0.0014960018014220707 0.00040947622824103602
leaf_weight=1652.7790891230106 31.468995660543442 0.6573965111747414 21.087905235646762 5.7368859498819793 4282.3855325877666 189.24646225897595 841.10818162653595 755.4591907687718 15.460089038941076 1.5596289853565393 26.435137337073684 727.83162428438663 638.14809971023351 1267.2685757428408
leaf_count=21654 198 636 5535 10453 23932 15522 4168 11445 34169 1354 920 3123 3708 5301
internal_value=-0.000158745 -0.000231722 -0.0243443 -0.0122362 -0.000128087 -0.00165012 0.000201277 -4.68145e-05 -0.0472045 -0.0297204 0.0129468 0.000293882 0.0013808 0.000382633
internal_weight=10456.6 10398.7 44.5019 26.8248 10354.2 1842.03 8512.2 7032.94 17.6771 2.21703 57.9041 6277.49 1479.26 1995.1
internal_count=142118 141000 52147 15988 88853 37176 51677 43801 36159 1990 1118 32356 7876 8424
is_linear=0
shrinkage=0.05


Tree=118
num_leaves=15
num_cat=0
split_feature=1 0 1 0 1 0 1 0 1 0 1 0 1 1
split_gain=3.58216 9.4935 5.96943 2.19187 1.98729 2.99704 1.48047 12.7233 0.499704 0.399468 0.0739498 0.0413499 0.0171592 0.00536349
threshold=0.94780898094177257 0.99548703432083141 0.14925328642129901 0.99943006038665783 0.023054582998156551 0.26392500102519995 0.27841281890869146 0.61319905519485485 0.51091969013214122 0.99676966667175304 0.031506473198533065 0.99697324633598339 0.30859386920928961 0.61620560288429271
decision_type=2 2 2 2 2 2 2 2 2 2 2 2 2 2
left_child=1 4 9 -4 5 -1 7 -6 12 10 -3 -2 -8 -10
right_child=11 2 3 -5 6 -7 8 -9 13 -11 -12 -13 -14 -15
leaf_value=-0.003435691157317582 0.013415124103125568 -0.039746224215628762 -0.011863708823142463 -0.029464174914211713 -6.7922061065793391e-05 -0.011863708823142463 -3.2010727709418705e-05 -0.003435691157317582 0.0012283468591370039 -0.0500282735170458 -0.029464174914211713 0.010744338099808286 0.00027042867922847681 0.0014205429969582327
leaf_weight=87.57188531383872 31.687491998076439 0.63174966722727122 20.835005638771694 5.5690935625461853 4563.3572520501912 22.308115168241784 549.62528103077784 452.67935979412869 841.3624098226428 14.706507163122295 1.5140608792426062 26.706484732218087 3196.5927310432307 638.43614639434963
leaf_count=1547 198 636 5535 10453 38200 1925 2989 20670 4168 34169 1354 920 15646 3708
internal_value=-0.000155654 -0.000225025 -0.0236001 -0.0118637 -0.000127351 -0.00681579 -5.5595e-05 -0.000669189 0.000533345 -0.0470646 -0.0294642 0.0121936 0.000226056 0.00131127
internal_weight=10453.6 10395.2 43.2564 26.4041 10351.9 109.88 10242.1 5016.04 5226.02 16.8523 2.14581 58.394 3746.22 1479.8
internal_count=142118 141000 52147 15988 88853 3472 85381 58870 26511 36159 1990 1118 18635 7876
is_linear=0
shrinkage=0.05


Tree=119
num_leaves=15
num_cat=0
split_feature=1 0 1 1 0 0 1 1 0 0 1 0 1 0
split_gain=3.21095 8.69458 12.8953 1.61514 1.80675 1.14167 9.86974 0.549718 0.456946 0.392099 0.282391 0.23925 0.0968046 0.0380867
threshold=0.94780898094177257 0.98430839180946361 0.21134921163320544 0.023054582998156551 0.26392500102519995 0.55109152197837841 0.33196504414081579 0.45187492668628698 0.99806669354438793 0.42763166129589086 0.03113807458430529 0.9884038269519807 0.14925328642129901 0.99697324633598339
decision_type=2 2 2 2 2 2 2 2 2 2 2 2 2 2
left_child=1 3 8 4 -1 7 -7 9 10 -5 -3 -12 -13 -2
right_child=13 2 -4 5 -6 6 -8 -9 -10 -11 11 12 -14 -15
leaf_value=-0.0031020678837933632 0.012659939716801297 -0.043950324709273098 -0.008628862761775994 0.00041898464521355675 -0.008628862761775994 -0.0031020678837933632 -0.00025999992722056624 0.0020814564403777995 -0.050022538591165872 -0.00025999992722056624 -0.025555290173946161 -0.039154059829030169 -0.031675641737717544 0.010107148254881054
leaf_weight=87.307607896625996 31.893358170986176 4.572984556551094 42.299622712685959 5283.4066411852837 21.012103484943509 719.46770898578689 2372.5776795344427 414.91414181888103 12.474111214774892 1418.813617059961 3.66638548974879 9.9971656602574495 2.1963650161633259 26.963818453252316
leaf_count=1547 198 3251 14078 39774 1343 16728 12317 1704 34228 7170 970 6872 1018 920
internal_value=-0.000155121 -0.000221074 -0.0171601 -9.76011e-05 -0.00617097 -3.31625e-05 -0.000835347 0.000315347 -0.0424817 0.000206013 -0.0378781 -0.0343578 -0.037796 0.0114904
internal_weight=10451.6 10392.7 75.2066 10317.5 108.32 10209.2 3092.05 7117.13 32.907 6702.22 20.4329 15.8599 12.1935 58.8572
internal_count=142118 141000 60417 80583 2890 77693 29045 48648 46339 46944 12111 8860 7890 1118
is_linear=0
shrinkage=0.05


Tree=120
num_leaves=15
num_cat=0
split_feature=1 0 1 0 1 0 1 0 0 1 0 1 0 1
split_gain=2.87609 7.94051 5.78868 2.14126 1.74591 20.0427 0.981095 2.75455 0.422591 0.0649534 0.0350315 0.00563582 0.00202233 0.0527992
threshold=0.94780898094177257 0.99548703432083141 0.14925328642129901 0.99943006038665783 0.050670415163040168 0.26392500102519995 0.51091969013214122 0.67754125595092785 0.99676966667175304 0.031506473198533065 0.99697324633598339 0.61620560288429271 0.65557706356048595 0.47263513505458837
decision_type=2 2 2 2 2 2 2 2 2 2 2 2 2 2
left_child=1 4 8 -4 5 -1 7 12 9 -3 -2 -8 13 -6
right_child=10 2 3 -5 6 -7 11 -9 -10 -11 -12 -13 -14 -15
leaf_value=-0.0010980967043389756 0.011952297774476473 -0.039490155636390294 -0.011142118670172056 -0.02895460106048647 0.000265999038680699 -0.011142118670172056 0.0011710112090735001 -0.0010980967043389756 -0.050025710212294107 -0.02895460106048647 0.0095133942450873546 0.0013680033724894044 6.8457956549736038e-05 0.00055534958610117021
leaf_weight=721.71378399059176 32.087398797273636 0.58116350078489531 20.373018117330506 5.333314874500501 6738.6077799219638 146.06714372744318 841.55009087733924 819.08233044936787 13.333651683351489 1.4138636741554362 27.207885481417179 638.58999234437943 88.83569772914052 354.51266638934612
leaf_count=11240 198 636 5535 10453 39969 11146 4168 16555 34169 1354 920 3708 610 1457
internal_value=-0.000147388 -0.000210054 -0.0221612 -0.0111421 -0.000123015 -0.00226965 7.34603e-05 -0.000145302 -0.0467671 -0.0289546 0.0108332 0.001256 0.00030554 0.00030851
internal_weight=10449.3 10390 41.035 25.7063 10349 867.781 9481.18 8001.04 15.3287 1.99503 59.2953 1480.14 7181.96 7093.12
internal_count=142118 141000 52147 15988 88853 22386 66467 58591 36159 1990 1118 7876 42036 41426
is_linear=0
shrinkage=0.05


Tree=121
num_leaves=15
num_cat=0
split_feature=1 0 1 0 0 1 0 1 1 0 0 1 1 0
split_gain=2.58125 7.20316 5.70397 2.09651 1.66351 10.7699 0.786672 4.25984 1.50257 0.432519 0.351204 0.666873 0.0606916 0.0321799
threshold=0.94780898094177257 0.99548703432083141 0.14925328642129901 0.99943006038665783 0.93372526764869701 0.15915804356336596 0.53460946679115307 0.33196504414081579 0.47263513505458837 0.99676966667175304 0.42763166129589086 0.39714910089969641 0.031506473198533065 0.99697324633598339
decision_type=2 2 2 2 2 2 2 2 2 2 2 2 2 2
left_child=1 4 9 -4 6 -6 8 -8 10 12 11 -1 -3 -2
right_child=13 2 3 -5 5 -7 7 -9 -10 -11 -12 -13 -14 -15
leaf_value=0.00028587001166558606 0.011288611823163111 -0.039354428930792398 -0.010762021793261483 -0.02868440213778289 -0.010762021793261483 -0.0018961467092058265 -0.0018961467092058265 -0.00020305639783171786 0.0048438573831260127 -0.05002445572380191 -0.00020305639783171786 0.0025017674841935431 -0.02868440213778289 0.0089594698281346401
leaf_weight=5308.5884119980037 32.270359709858894 0.55870008864439924 20.150325713824717 5.1812755035934961 67.401092146988958 235.45093927823473 679.80030218139291 2383.2473529428244 175.61888149380684 12.683671637030782 1430.284713735804 67.090346768498421 1.3735950617119668 27.439391348510981
leaf_count=41158 198 636 5535 10453 11507 5665 11371 11029 714 34169 7126 283 1354 920
internal_value=-0.000147887 -0.000207474 -0.0213984 -0.010762 -0.000125664 -0.00377671 -1.5583e-05 -0.000683619 0.000277506 -0.0466068 0.000159678 0.000371325 -0.0286844 0.0102183
internal_weight=10447.1 10387.4 39.9476 25.3316 10347.5 302.852 10044.6 3063.05 6981.58 14.616 6805.96 5375.68 1.9323 59.7098
internal_count=142118 141000 52147 15988 88853 17172 71681 22400 49281 36159 48567 41441 1990 1118
is_linear=0
shrinkage=0.05


Tree=122
num_leaves=15
num_cat=0
split_feature=1 0 1 1 0 1 0 0 0 1 1 1 0 0
split_gain=2.31509 6.52894 7.70339 1.5587 2.05341 1.14143 10.4946 1.12591 0.474443 0.342884 0.228666 0.0902465 0.129108 0.0295257
threshold=0.94780898094177257 0.99183067679405224 0.21134921163320544 0.023054582998156551 0.26392500102519995 0.27841281890869146 0.61319905519485485 0.99943006038665783 0.99806669354438793 0.518865466117859 0.031506473198533065 0.14925328642129901 0.99353677034378063 0.99697324633598339
decision_type=2 2 2 2 2 2 2 2 2 2 2 2 2 2
left_child=1 3 8 4 -1 6 -5 -4 10 -7 -3 12 -12 -2
right_child=13 2 7 5 -6 9 -8 -9 -10 -11 11 -13 -14 -15
leaf_value=-0.0030656836592775783 0.010665635134446757 -0.042437119770018406 -0.0091679018255348063 -5.9884593672974128e-05 -0.0091679018255348063 0.00022503687947560467 -0.0030656836592775783 -0.025975179089824274 -0.050019668637906946 0.0011429973739376885 -0.02979967310782855 -0.025975179089824274 -0.036287364740506263 0.0084421398893189305
leaf_weight=87.007345736026764 32.442934080958366 2.3371266563190165 24.91316992149223 4564.0892420466989 21.160887809470296 3836.2416003439575 442.34015489509329 4.4121335082454598 10.807068374066146 1384.3809934072196 1.2796261836774645 1.4427942211041225 4.8060152584221214 27.659001505933702
leaf_count=1547 198 2502 5115 38200 1598 18695 17282 8131 34228 7126 828 853 4895 920
internal_value=-0.000142537 -0.000199165 -0.0182238 -0.000111968 -0.00608255 -4.88191e-05 -0.000588227 -0.0091679 -0.0427825 0.000468457 -0.0348546 -0.0301376 -0.0336242 0.00964238
internal_weight=10445.3 10385.2 49.9979 10335.2 108.168 10227.1 5006.43 29.3253 20.6726 5220.62 9.86556 7.52844 6.08564 60.1019
internal_count=142118 141000 56552 84448 3145 81303 55482 13246 43306 25821 9078 6576 5723 1118
is_linear=0
shrinkage=0.05


Tree=123
num_leaves=15
num_cat=0
split_feature=1 0 0 1 0 1 1 0 0 1 0 1 1 0
split_gain=2.13346 45.1055 3.49219 2.97153 1.44925 0.997892 1.50255 0.433496 0.341783 0.408944 0.283845 0.168755 0.125426 0.110139
threshold=0.12285117805004121 0.78302362561225902 0.96710905432701122 0.053500233218073852 0.55966520309448253 0.51091969013214122 0.94780898094177257 0.99676966667175304 0.94184920191764843 0.079607255756855025 0.72920867800712597 0.30859386920928961 0.03113807458430529 0.97605890035629284
decision_type=2 2 2 2 2 2 2 2 2 2 2 2 2 2
left_child=1 4 3 -3 -1 11 -7 12 9 -5 -6 -2 13 -4
right_child=5 2 7 8 10 6 -8 -9 -10 -11 -12 -13 -14 -15
leaf_value=-0.00063007645907899252 -0.00027664401831522373 -0.032732221724934556 -0.040019230981096027 -0.019371426379303586 -0.0071563182014173143 0.001063180550829933 0.0091025918005472207 -0.050022048073479743 -0.02399514987053988 -0.014747702888067295 -0.013859124202453678 0.00022865330449732023 -0.03630342734577937 -0.044147190972623596
leaf_weight=2046.0029752608389 3413.2356308761809 48.261677661910653 1.9955440284684325 17.986416950821877 63.088337302207947 1493.0976986365858 60.473109748214483 10.742606697283916 11.223467021249233 26.214523434638977 21.069452239200473 3202.8539751170028 21.429842827725224 5.7283565413672477
leaf_count=24718 32981 3860 295 926 1826 12857 1118 32064 825 923 721 19565 6621 2818
internal_value=-0.000141267 -0.0014959 -0.0288653 -0.0240283 -0.000630076 0.000235749 0.00137612 -0.0414361 -0.0161262 -0.0147477 -0.00883441 -3.20292e-05 -0.0382723 -0.043735
internal_weight=10443.4 2273.74 143.582 103.686 2130.16 8169.66 1553.57 39.8964 55.4244 44.2009 84.1578 6616.09 29.1537 7.7239
internal_count=142118 75597 48332 6534 27265 66521 13975 41798 2674 1849 2547 52546 9734 3113
is_linear=0
shrinkage=0.05


Tree=124
num_leaves=14
num_cat=0
split_feature=0 1 0 1 0 1 0 1 1 1 0 0 0
split_gain=1.98326 7.52884 2.32739 1.57564 1.69184 1.3178 7.79978 0.881269 0.158156 0.0702351 0.041403 0.000470863 2.80688e-05
threshold=0.99840649962425243 0.97800299525260936 0.99943006038665783 0.024402767419815067 0.30755041539669042 0.51091969013214122 0.67754125595092785 0.22441358119249347 0.94780898094177257 0.61620560288429271 0.65557706356048595 0.61319905519485485 0.42763166129589086
decision_type=2 2 2 2 2 2 2 2 2 2 2 2 2
left_child=3 2 7 4 -1 6 10 -2 -4 -7 11 12 -5
right_child=1 -3 8 5 -6 9 -8 -9 -10 -11 -12 -13 -14
leaf_value=-0.0025264442758344834 -0.032884570159090923 -0.0056380981349638789 -0.050018490656467976 0.0003729107940645621 -0.0056380981349638789 0.0010469226544074599 -0.0025264442758344834 -0.019079172533488092 -0.038332007262177052 0.0017284931952835777 -0.0007028057158944515 0.00029770817236737698 0.00036625606257442586
leaf_weight=129.35903368517756 3.3588379275752258 12.483137443661688 10.164610064268343 5241.7763437926769 27.516394253645558 843.49307086411864 882.22213708958589 10.196392729762008 4.0480135064572087 684.89761669654399 91.206062443554401 226.3663131184876 2271.061449399218
leaf_count=2262 6678 446 34531 39069 3489 4395 30716 2195 309 4499 724 1436 11369
internal_value=-0.000120907 -0.0111982 -0.0325202 -7.80262e-05 -0.00505104 -1.84785e-06 -0.000239404 -0.0190792 -0.04669 0.00135235 0.000356277 0.000368758 0.000370899
internal_weight=10438.1 40.251 27.7679 10397.9 156.875 10241 8712.63 13.5552 14.2126 1528.39 7830.41 7739.2 7512.84
internal_count=142118 44159 43713 97959 5751 92208 83314 8873 34840 8894 52598 51874 50438
is_linear=0
shrinkage=0.05


Tree=125
num_leaves=15
num_cat=0
split_feature=1 0 1 1 0 0 1 1 0 0 1 1 0 1
split_gain=1.94577 5.04624 11.5382 1.18877 1.29867 0.869801 7.20322 1.30368 0.469343 0.334674 0.581032 0.303492 0.227463 0.0915504
threshold=0.94780898094177257 0.98430839180946361 0.21134921163320544 0.023054582998156551 0.26392500102519995 0.53460946679115307 0.24224464595317843 0.47263513505458837 0.99806669354438793 0.42763166129589086 0.39714910089969641 0.03113807458430529 0.9884038269519807 0.14925328642129901
decision_type=2 2 2 2 2 2 2 2 2 2 2 2 2 2
left_child=1 3 8 4 -1 7 -7 9 11 10 -5 -3 -13 -14
right_child=-2 2 -4 5 -6 6 -8 -9 -10 -11 -12 12 13 -15
leaf_value=-0.002689291894387632 0.0088067751305373424 -0.043148354231432151 -0.0069140531456090802 0.00029433223499231588 -0.0069140531456090802 -0.002689291894387632 -0.00020680840424789869 0.0043141353154491401 -0.050017559363042099 -0.00020680840424789869 0.0022444231455314486 -0.023958324365147936 -0.037818221805751041 -0.030055850969387007
leaf_weight=86.531861253082752 60.603502107784152 3.8972050671582172 40.596573198301485 5217.9228487350047 19.946158081758767 458.16373241669498 2854.5651024961844 175.74305637180805 9.4739287258271343 1428.2903677001595 67.140764281153679 3.4213319944683453 8.7033059297245909 2.0596838293131432
leaf_count=1547 1118 3251 14078 39491 1343 14698 15454 714 34228 7053 283 970 6872 1018
internal_value=-0.000126331 -0.000178504 -0.0137393 -8.88493e-05 -0.00534459 -3.39944e-05 -0.000699772 0.000286155 -0.0410026 0.000174711 0.000379029 -0.0362791 -0.0324881 -0.0361534
internal_weight=10437.1 10376.5 68.152 10308.3 106.478 10201.8 3312.73 6889.1 27.5555 6713.35 5285.06 18.0815 14.1843 10.763
internal_count=142118 141000 60417 80583 2890 77693 30152 47541 46339 46827 39774 12111 8860 7890
is_linear=0
shrinkage=0.05


Tree=126
num_leaves=15
num_cat=0
split_feature=1 0 1 1 0 0 1 0 0 1 1 1 0 0
split_gain=1.74661 4.48339 7.00669 1.21703 1.6802 1.0282 0.866407 8.81102 0.510999 0.245984 0.245306 0.0755463 0.12892 0.0137964
threshold=0.94780898094177257 0.99183067679405224 0.21134921163320544 0.023054582998156551 0.26392500102519995 0.99943006038665783 0.27841281890869146 0.61319905519485485 0.99806669354438793 0.031506473198533065 0.518865466117859 0.14925328642129901 0.99353677034378063 0.99697324633598339
decision_type=2 2 2 2 2 2 2 2 2 2 2 2 2 2
left_child=1 3 8 4 -1 -4 7 -5 9 -3 -8 12 -11 -2
right_child=13 2 5 6 -6 -7 10 -9 -10 11 -12 -13 -14 -15
leaf_value=-0.002730778600791366 0.0090113269987795591 -0.041559002507164003 -0.0078970453725370378 -5.6681222334934326e-05 -0.0078970453725370378 -0.024766769995792276 0.00019780910638717716 -0.002730778600791366 -0.050016702651466183 -0.028227162117413974 0.00097399611436691956 -0.024766769995792276 -0.034788763836637517 0.0075020916035419402
leaf_weight=86.327043037861586 32.904970809817314 2.0420320068951714 24.400001621805135 4563.9632981140167 20.355001211166382 4.063567912176949 3836.2780435839668 435.61023057647981 9.0120302410796267 1.155520486179739 1385.5749994106591 1.3606258496874941 4.2902091273572296 28.050888855010271
leaf_count=1547 198 2502 5115 38200 1598 8131 18695 17282 34228 828 7126 853 4895 920
internal_value=-0.000122146 -0.00017173 -0.015692 -0.000102118 -0.00541489 -0.00789705 -4.66682e-05 -0.000517126 -0.0416365 -0.0331013 0.000403764 -0.0280185 -0.0316876 0.0083168
internal_weight=10435.4 10374.4 46.324 10328.1 106.682 28.4636 10221.4 4999.57 17.8604 8.84839 5221.85 6.80636 5.44573 60.9559
internal_count=142118 141000 56552 84448 3145 13246 81303 55482 43306 9078 25821 6576 5723 1118
is_linear=0
shrinkage=0.05


Tree=127
num_leaves=15
num_cat=0
split_feature=1 0 0 1 1 1 0 0 0 1 1 1 0 1
split_gain=1.59617 38.8268 2.28881 1.65372 1.46117 0.475159 0.915345 0.440468 0.268682 0.188292 0.161938 0.128318 0.155898 0.052705
threshold=0.099902357906103148 0.72920867800712597 0.97035363316535961 0.052755650132894523 0.94780898094177257 0.51091969013214122 0.67754125595092785 0.99676966667175304 0.76968717575073253 0.079607255756855025 0.029669086448848251 0.03113807458430529 0.97605890035629284 0.089158043265342726
decision_type=2 2 2 2 2 2 2 2 2 2 2 2 2 2
left_child=1 -1 3 8 5 6 -2 11 -3 -5 -10 12 -4 -13
right_child=4 2 7 9 -6 -7 -8 -9 10 -11 -12 13 -14 -15
leaf_value=-0.00064703089705357068 0.00021780991265048374 -0.02376077650609007 -0.038143915483735205 -0.020023799807128803 0.007858093861208993 0.00091960031418195434 -0.00064703089705357068 -0.050018732987645392 -0.032269299770705133 -0.014312484044316794 -0.028409489387429234 -0.03581093419282972 -0.043214802043317561 -0.032269299770705133
leaf_weight=1705.0792286582291 6280.031542185694 6.4049456026405087 1.1543967993930042 27.386350774206221 61.27999743912369 1493.8711781133024 761.89502013078891 8.18934528363752 20.386004249099642 18.365783634595573 29.119698689319193 13.864011506491805 5.2402034245897084 1.4564121232833702
leaf_count=23428 32356 311 193 1565 1118 12857 27467 29413 1822 785 2307 5248 2818 430
internal_value=-0.000120959 -0.00145895 -0.0279779 -0.0244012 0.000164884 0.000109653 -6.2169e-05 -0.0401374 -0.0301699 -0.0173516 -0.0315041 -0.0364109 -0.0423601 -0.0339277
internal_weight=10433.7 1836.65 131.567 101.663 8597.08 8535.8 7041.93 29.9044 55.9106 45.7521 49.5057 21.715 6.3946 15.3204
internal_count=142118 68320 44892 6790 73798 72680 59823 38102 4440 2350 4129 8689 3011 5678
is_linear=0
shrinkage=0.05


Tree=128
num_leaves=15
num_cat=0
split_feature=1 0 1 1 0 0 0 1 1 0 0 1 1 1
split_gain=1.40805 3.68617 6.59547 1.06482 1.49357 1.04109 0.812954 7.02911 1.14095 0.538009 0.325985 0.483661 0.253832 0.0645028
threshold=0.94780898094177257 0.99183067679405224 0.21134921163320544 0.023054582998156551 0.26392500102519995 0.99943006038665783 0.53460946679115307 0.24224464595317843 0.47263513505458837 0.99806669354438793 0.42763166129589086 0.39714910089969641 0.031506473198533065 0.14925328642129901
decision_type=2 2 2 2 2 2 2 2 2 2 2 2 2 2
left_child=1 3 9 4 -1 -4 8 -8 10 12 11 -5 -3 -14
right_child=-2 2 5 6 -6 -7 7 -9 -10 -11 -12 -13 13 -15
leaf_value=-0.0025617873129209733 0.0074258217063168557 -0.041004130381831851 -0.0072852607879691006 0.00028154724268658024 -0.0072852607879691006 -0.02413128566836123 -0.0025617873129209733 -0.00020832218975662051 0.0036347875694139851 -0.050015406091687531 -0.00020832218975662051 0.0018983811750619757 -0.030467361541622048 -0.02413128566836123
leaf_weight=86.07037466391921 61.59649402834475 1.8727992418571391 24.216478649410423 5218.3234041407704 19.872992677148432 3.9647245957748956 462.13999727065675 2866.1059931130148 175.84357582032681 8.2572683915495855 1428.3178002852947 67.180827900767326 5.107176105841063 1.3265912012429906
leaf_count=1547 1118 2502 5115 39491 1598 8131 17583 16179 714 34228 7053 283 5723 853
internal_value=-0.00011147 -0.000156247 -0.0144763 -9.41813e-05 -0.0050811 -0.00728526 -4.24749e-05 -0.000684147 0.000267503 -0.0409773 0.000161975 0.000364707 -0.0319929 -0.0267397
internal_weight=10430.2 10368.6 44.745 10323.9 105.943 28.1812 10217.9 3328.25 6889.67 16.5638 6713.82 5285.5 8.30657 6.43377
internal_count=142118 141000 56552 84448 3145 13246 81303 33762 47541 43306 46827 39774 9078 6576
is_linear=0
shrinkage=0.05


Tree=129
num_leaves=15
num_cat=0
split_feature=1 0 1 0 0 0 1 1 1 0 0 1 1 1
split_gain=1.35383 36.2298 4.94974 2.14864 1.54069 1.15327 0.755389 0.580487 0.885575 0.365632 0.263534 0.284823 0.144146 0.115361
threshold=0.17802689224481585 0.78302362561225902 0.079607255756855025 0.57688105106353771 0.96710905432701122 0.97035363316535961 0.053500233218073852 0.518865466117859 0.94780898094177257 0.99676966667175304 0.91402754187583934 0.12697615474462512 0.029669086448848251 0.03113807458430529
decision_type=2 2 2 2 2 2 2 2 2 2 2 2 2 2
left_child=1 3 5 -1 10 6 12 -2 -9 13 -4 -12 -3 -7
right_child=7 2 4 -5 -6 9 -8 8 -10 -11 11 -13 -14 -15
leaf_value=-0.0003342470444023952 4.9669591634416475e-05 -0.033695603272889819 -0.011464154678164695 -0.007987653448601811 -0.022552003478653371 -0.041921343373894478 -0.022552003478653371 0.00090810197831444868 0.0070194335233058269 -0.05001689263149272 -0.017008079078409035 -0.013875705751686229 -0.028863470518490687 -0.033695603272889819
leaf_weight=2990.0090581122786 5674.3768744737463 18.846460914704949 48.241196312010288 116.11183671280742 15.258468863510641 6.0601036412408638 22.158540067262948 1401.1996023734973 61.896545601077378 6.6535741833940838 13.810649278573694 14.857638685032724 27.48814189247787 11.914732934907077
leaf_count=30844 40248 1778 1182 2881 12415 3011 1388 12298 1118 26503 793 598 2284 4777
internal_value=-0.000108222 -0.00094713 -0.0225941 -0.000334247 -0.0143798 -0.0307243 -0.0273876 0.000278636 0.00116664 -0.0400036 -0.0114642 -0.0162873 -0.0312309 -0.036297
internal_weight=10428.9 3291.41 185.29 3106.12 92.168 93.1216 68.4931 7137.47 1463.1 24.6284 76.9095 28.6683 46.3346 17.9748
internal_count=142118 88454 54729 33725 14988 39741 5450 53664 13416 34291 2573 1391 4062 7788
is_linear=0
shrinkage=0.05


Tree=130
num_leaves=13
num_cat=0
split_feature=1 0 1 0 1 0 0 1 1 0 1 1
split_gain=1.1933 10.4677 1.10991 1.20596 1.03647 0.382257 0.381176 2.07077 0.795078 0.0137754 0.000921637 5.88343e-08
threshold=0.024402767419815067 0.30755041539669042 0.94780898094177257 0.93372526764869701 0.34157374501228338 0.97605890035629284 0.42763166129589086 0.245969332754612 0.39714910089969641 0.99697324633598339 0.02229825779795647 0.02087531611323357
decision_type=2 2 2 2 2 2 2 2 2 2 2 2
left_child=1 -1 3 6 -5 10 8 -8 -2 -4 -3 -7
right_child=2 5 9 4 -6 11 7 -9 -10 -11 -12 -13
leaf_value=-0.0022329314355991857 0.00024895352524059743 -0.032070864680878684 0.0073284236636459296 -0.0022329314355991857 -0.001096551578002602 -0.050102168282937058 -0.001096551578002602 2.088316985905561e-05 0.0032869211354248301 0.005835960805365842 -0.031437671387667322 -0.050086537587210246
leaf_weight=128.34607914835215 5176.4042261429131 13.206235513091093 33.38025589287281 119.22183794756711 202.45096549883601 0.79765646361920461 577.49951184354722 4064.0623965077102 67.210040420293808 28.800783425569534 10.174228831660001 2.4546550288214348
leaf_count=2262 38786 907 198 51494 11089 1439 10413 18855 283 920 664 4808
internal_value=-8.84555e-05 -0.00444313 -2.27354e-05 -6.3308e-05 -0.00223293 -0.0340295 3.98283e-05 -0.000290179 0.000331945 0.00663715 -0.0317953 -0.0500904
internal_weight=10424 154.979 10269 10206.8 321.673 26.6328 9885.18 4641.56 5243.61 62.181 23.3805 3.25231
internal_count=142118 10080 132038 130920 62583 7818 68337 29268 39069 1118 1571 6247
is_linear=0
shrinkage=0.05


Tree=131
num_leaves=15
num_cat=0
split_feature=0 1 0 1 0 1 1 0 1 0 1 1 1 0
split_gain=1.16726 6.51562 2.35681 0.991336 13.4669 0.736414 0.412848 0.177316 0.25229 0.04522 0.0356747 0.0167971 0.00147774 1.51645e-09
threshold=0.99840649962425243 0.97800299525260936 0.99943006038665783 0.27841281890869146 0.62303113937377941 0.22441358119249347 0.518865466117859 0.99980089068412792 0.94780898094177257 0.31449203193187719 0.61620560288429271 0.30859386920928961 0.50234097242355358 0.99999216198921215
decision_type=2 2 2 2 2 2 2 2 2 2 2 2 2 2
left_child=3 2 5 4 -1 -2 9 8 -4 -5 -8 -11 -13 -9
right_child=1 -3 7 6 -6 -7 10 13 -10 11 -12 12 -14 -15
leaf_value=-6.3370942083202517e-05 -0.031846781038671078 -0.0044505284832711944 -0.043755952579614447 0.00065136813820645262 -0.0044505284832711944 -0.017507870509950813 0.00090990502274339356 -0.050223490418961736 -0.031846781038671078 -6.3370942083202517e-05 0.0014085277782088098 0.00015381324935334631 0.00029991480753508402 -0.050226237824566769
leaf_weight=4669.1306626293808 2.6176318426150855 12.940322253853081 2.5593272549740496 95.728484004735947 435.63877536557266 10.002638942212796 751.3445717706345 7.95069840531505 1.2922871783375742 456.80085965502076 686.46622319472954 3106.777891980717 183.28259046282619 0.53612241773225822
leaf_count=40174 6678 446 9884 439 29425 2195 3920 23302 90 2732 4499 15850 920 1564
internal_value=-8.70723e-05 -0.00884595 -0.0305652 -5.51082e-05 -0.000551951 -0.0175079 0.000425209 -0.0461857 -0.0372882 0.00015477 0.00114797 0.000119313 0.000161952 -0.0502237
internal_weight=10423.1 37.899 24.9587 10385.2 5104.77 12.6203 5280.4 12.3384 3.85161 3842.59 1437.81 3746.86 3290.06 8.48682
internal_count=142118 44159 43713 97959 69599 8873 28360 34840 9974 19941 8419 19502 16770 24866
is_linear=0
shrinkage=0.05


Tree=132
num_leaves=15
num_cat=0
split_feature=1 0 1 0 1 0 0 1 1 0 0 1 1 0
split_gain=1.08244 2.65865 6.08229 0.946489 0.793725 1.2109 0.646421 5.64561 1.00972 0.562287 0.289758 0.407598 0.259548 0.0578461
threshold=0.94780898094177257 0.99183067679405224 0.21134921163320544 0.99943006038665783 0.023054582998156551 0.26392500102519995 0.53460946679115307 0.24224464595317843 0.47263513505458837 0.99806669354438793 0.42763166129589086 0.39714910089969641 0.031506473198533065 0.99353677034378063
decision_type=2 2 2 2 2 2 2 2 2 2 2 2 2 2
left_child=1 4 9 -4 5 -1 8 -8 10 12 11 -6 -3 -14
right_child=-2 2 3 -5 6 -7 7 -9 -10 -11 -12 -13 13 -15
leaf_value=-0.0022167049488258195 0.0064938907954727914 -0.040299581419388719 -0.0063359072116977852 -0.023154606562194383 0.0002650064157757054 -0.0063359072116977852 -0.0022167049488258195 -0.00017489935013604796 0.0031858002711550588 -0.050013724306060471 -0.00017489935013604796 0.0016673645492075587 -0.023154606562194383 -0.02911721678105185
leaf_weight=85.677101265639067 62.191133867949247 1.671257036330642 23.910225734405689 3.6851153801253522 5219.068738181144 18.796246789162979 455.06559080712032 2866.3639567322098 175.92410035431385 7.2062899860611651 1428.0963115878403 67.261374890804291 1.257962135132402 4.7779803015873767
leaf_count=1547 1118 2502 5115 8131 39491 1598 17583 16179 714 34228 7053 283 950 5626
internal_value=-8.28056e-05 -0.00012229 -0.0126009 -0.00633591 -7.08711e-05 -0.0044069 -2.65106e-05 -0.000599485 0.000249686 -0.0399733 0.000148929 0.000344933 -0.0305854 -0.0252001
internal_weight=10421 10358.8 42.5088 27.5953 10316.3 104.473 10211.8 3321.43 6890.35 14.9135 6714.43 5286.33 7.7072 6.03594
internal_count=142118 141000 56552 13246 84448 3145 81303 33762 47541 43306 46827 39774 9078 6576
is_linear=0
shrinkage=0.05


Tree=133
num_leaves=15
num_cat=0
split_feature=1 0 1 0 1 0 0 1 1 1 0 1 0 1
split_gain=1.0062 27.5128 8.03962 3.44875 2.48535 2.46874 0.490032 0.435682 0.675621 0.135086 0.127464 0.0723459 0.0504504 0.102
threshold=0.20784864574670794 0.78302362561225902 0.1469438895583153 0.96710905432701122 0.053500233218073852 0.62303113937377941 0.99676966667175304 0.518865466117859 0.94780898094177257 0.03113807458430529 0.97605890035629284 0.13115587830543521 0.67754125595092785 0.33196504414081579
decision_type=2 2 2 2 2 2 2 2 2 2 2 2 2 2
left_child=1 5 3 4 -3 -1 9 12 -9 10 -5 -11 -2 -14
right_child=7 2 -4 6 -6 -7 -8 8 -10 11 -12 -13 13 -15
leaf_value=-0.00021627279608006013 0.00013859698443947433 -0.029951674251200568 -0.0093969717869752389 -0.038044425714588097 -0.017313330967897483 -0.0083270169202415336 -0.050016103355908295 0.00082748157437023565 0.0061425416900951196 -0.03503497998643812 -0.042893617295032729 -0.029951674251200568 -0.00021627279608006013 -3.8837905820292893e-05
leaf_weight=3509.6833919975907 4489.9305730313063 42.878082177601755 57.195371160007198 1.7139435987919593 71.572539600543678 108.21040870249271 7.728550757849006 1401.5386606453685 62.454058893956244 19.673837636481043 4.5646292075980455 1.6358480799244706 208.46071239982848 432.66007888133754
leaf_count=34275 20429 3860 5705 295 3282 2535 34001 12298 1118 6882 2818 391 7307 6922
internal_value=-8.07718e-05 -0.000725952 -0.0185777 -0.0252297 -0.0210149 -0.000216273 -0.0388884 0.000293406 0.00105422 -0.0357711 -0.0422169 -0.033872 7.63301e-05 -0.000216273
internal_weight=10419.9 3824.86 206.963 149.767 114.451 3617.89 35.3168 6595.04 1463.99 27.5883 6.27857 21.3097 5131.05 641.121
internal_count=142118 94044 57234 51529 7142 36810 44387 48074 13416 10386 3113 7273 34658 14229
is_linear=0
shrinkage=0.05


Tree=134
num_leaves=11
num_cat=0
split_feature=1 0 1 0 1 0 1 1 1 0
split_gain=0.911239 2.72555 0.862158 1.52688 1.92959 0.549475 4.06061 0.665056 0.0773873 0.00427701
threshold=0.021110345609486107 0.13350617140531543 0.94780898094177257 0.95333009958267223 0.38628166913986212 0.42763166129589086 0.18643362820148471 0.39714910089969641 0.020640360191464428 0.99697324633598339
decision_type=2 2 2 2 2 2 2 2 2 2
left_child=1 -1 3 5 -5 7 -7 -2 -3 -4
right_child=2 8 9 4 -6 6 -8 -9 -10 -11
leaf_value=-0.00391801843855644 0.00028754923861779215 -0.034792437789071845 0.0061946518233400999 -0.00391801843855644 -0.0019504897223298484 -0.0019504897223298484 -3.9522164964995823e-06 0.002871215108182668 -0.025741335640525255 0.0053664241433599271
leaf_weight=27.985360734164715 5277.2969189435244 6.0063742798083677 33.703190699219704 91.575223506137263 108.88599862184492 391.9895326513797 4377.4518447909504 67.288182988762856 3.8917836181062739 29.000218192115426
leaf_count=507 40569 1380 198 55622 9040 10978 21708 283 913 920
internal_value=-6.18916e-05 -0.0078024 -3.36336e-05 -6.91677e-05 -0.00391802 1.7039e-05 -0.000373087 0.000365183 -0.0312337 0.0058116
internal_weight=10415.1 37.8835 10377.2 10314.5 200.461 10114 4769.44 5344.59 9.89816 62.7034
internal_count=142118 2800 139318 138200 64662 73538 32686 40852 2293 1118
is_linear=0
shrinkage=0.05


Tree=135
num_leaves=15
num_cat=0
split_feature=1 0 1 0 0 1 1 0 0 1 1 1 0 1
split_gain=0.846971 21.7084 12.3902 2.02374 1.29446 1.29114 0.685053 0.567716 0.350487 0.343075 0.271613 0.533995 0.239089 0.0771542
threshold=0.30859386920928961 0.71556219458580028 0.087749313563108458 0.97035363316535961 0.98430839180946361 0.052755650132894523 0.1669825688004494 0.90756326913833629 0.99676966667175304 0.02634304761886597 0.518865466117859 0.94780898094177257 0.78302362561225902 0.03113807458430529
decision_type=2 2 2 2 2 2 2 2 2 2 2 2 2 2
left_child=1 -1 3 5 6 9 7 -4 13 -3 -2 -12 -11 -5
right_child=10 2 4 8 -6 -7 -8 -9 -10 12 11 -13 -14 -15
leaf_value=-2.4523830854356055e-05 0.00017626056256374957 -0.030997747243204893 -0.0083201170686349937 -0.040778680039538384 -0.016261964727434085 -0.016261964727434085 -0.0059906573613646872 -0.011126311044399387 -0.050014402005757366 -0.021971030322499731 0.00079229278387913163 0.0055002460118231487 -0.027373574177125683 -0.033551363238858364
leaf_weight=5265.1652380805463 3295.5551818847598 15.586073314771054 52.023423355072737 5.3331726538599531 14.336623795112244 34.788009551353753 183.05896414536983 29.844366493169218 5.7555240342771858 6.4823096953332415 1401.717626536818 62.934242420829833 30.094322135206312 12.00509975699242
leaf_count=44148 20124 1486 1148 3011 16194 1978 2892 1782 27727 313 12298 1118 2725 5174
internal_value=-6.33844e-05 -0.000477096 -0.0119568 -0.0261665 -0.00635741 -0.0226721 -0.00599066 -0.0106496 -0.0393234 -0.0276801 0.000428049 0.000994588 -0.0247411 -0.0357745
internal_weight=10414.7 5654.47 389.308 110.045 279.263 86.9507 264.927 81.8678 23.0938 52.1627 4760.21 1464.65 36.5766 17.3383
internal_count=142118 108578 64430 42414 22016 6502 5822 2930 35912 4524 33540 13416 3038 8185
is_linear=0
shrinkage=0.05


Tree=136
num_leaves=11
num_cat=0
split_feature=1 0 1 0 1 0 1 1 1 0
split_gain=0.762781 2.51392 0.695053 1.21834 1.75721 0.486573 3.56683 0.592078 0.0772945 0.00406777
threshold=0.021110345609486107 0.13350617140531543 0.94780898094177257 0.95333009958267223 0.38628166913986212 0.42763166129589086 0.18643362820148471 0.39714910089969641 0.020640360191464428 0.99697324633598339
decision_type=2 2 2 2 2 2 2 2 2 2
left_child=1 -1 3 5 -5 7 -7 -2 -3 -4
right_child=2 8 9 4 -6 6 -8 -9 -10 -11
leaf_value=-0.0036012198407400667 0.00027301504330347809 -0.033959499747718537 0.0055792194120269081 -0.0036012198407400667 -0.0017899161744335816 -0.0017899161744335816 1.4841365186746541e-06 0.002575562684844998 -0.024725653718917173 0.0047745509712474122
leaf_weight=27.888110306113958 5278.1489361971617 5.7334320622903743 33.879336297512054 89.708262642641785 108.7744383844838 389.03089298959821 4377.1526315417141 67.333208739757538 3.7477543977074674 29.279196615330875
leaf_count=507 40569 1380 198 55622 9040 10978 21708 283 913 920
internal_value=-4.87182e-05 -0.00717941 -2.30303e-05 -5.50638e-05 -0.00360122 2.13875e-05 -0.000345929 0.000348897 -0.0303095 0.00520619
internal_weight=10410.7 37.3693 10373.3 10310.1 198.483 10111.7 4766.18 5345.48 9.48119 63.1585
internal_count=142118 2800 139318 138200 64662 73538 32686 40852 2293 1118
is_linear=0
shrinkage=0.05


Tree=137
num_leaves=15
num_cat=0
split_feature=0 1 0 1 0 1 1 0 1 1 1 0 1 1
split_gain=0.771964 5.85879 2.35603 0.69925 7.24668 1.71001 0.651039 0.192232 0.243678 0.117297 0.123438 0.0921292 0.0620245 0.0281327
threshold=0.99840649962425243 0.97800299525260936 0.99943006038665783 0.51091969013214122 0.71556219458580028 0.34157374501228338 0.22441358119249347 0.99980089068412792 0.94780898094177257 0.023054582998156551 0.021110345609486107 0.65557706356048595 0.27841281890869146 0.61620560288429271
decision_type=2 2 2 2 2 2 2 2 2 2 2 2 2 2
left_child=3 2 6 4 9 -6 -2 8 -4 10 -1 -11 -13 -5
right_child=1 -3 7 13 5 -7 -8 -9 -10 11 -12 12 -14 -15
leaf_value=-0.0017039448279208402 -0.031102895050103069 -0.003666681327341631 -0.043188814900571304 0.00076801543700268039 -0.003666681327341631 -0.0017039448279208402 -0.016414451649511413 -0.050235082466243308 -0.031102895050103069 0.0003075562695030264 -0.00060760050721368481 -0.00060760050721368481 -0.00015002211885532921 0.0011988245048280761
leaf_weight=33.323797779157758 2.223006830870875 13.228585712611673 2.2464739092029031 844.41138458251953 436.27945604023989 317.12002385198139 9.8464836156344955 7.6740870274661575 1.2878215163946154 7786.1029899325222 60.94017456844449 59.133679527789354 149.06379280984402 687.46854970697314
leaf_count=687 6678 446 9884 4395 29391 3341 2195 24866 90 52650 1217 1051 728 4499
internal_value=-5.04205e-05 -0.00730848 -0.0291622 -2.48787e-05 -0.000195744 -0.00366668 -0.0164145 -0.0457913 -0.0361425 0.000258792 -0.00149467 0.000279467 -0.000607601 0.000961352
internal_weight=10410.4 36.5065 23.2779 10373.8 8841.96 753.399 12.0695 11.2084 3.5343 8088.56 94.264 7994.3 208.197 1531.88
internal_count=142118 44159 43713 97959 89065 32732 8873 34840 9974 56333 1904 54429 1779 8894
is_linear=0
shrinkage=0.05


Tree=138
num_leaves=15
num_cat=0
split_feature=1 0 1 0 1 0 1 0 0 1 0 1 1 1
split_gain=0.696043 18.792 11.6942 1.98347 1.24812 1.18331 0.587917 0.560651 0.355451 0.341597 0.235454 0.223517 0.470804 8.21465
threshold=0.30859386920928961 0.71556219458580028 0.087749313563108458 0.97035363316535961 0.052755650132894523 0.98430839180946361 0.1669825688004494 0.90756326913833629 0.99676966667175304 0.02634304761886597 0.78302362561225902 0.518865466117859 0.94780898094177257 0.97800299525260936
decision_type=2 2 2 2 2 2 2 2 2 2 2 2 2 2
left_child=1 -1 3 4 9 6 7 -4 -5 -3 -11 -2 -13 -14
right_child=11 2 5 8 -6 -7 -8 -9 -10 10 -12 12 13 -15
leaf_value=-1.9216470761724552e-05 0.00016268966150386461 -0.030271400262609788 -0.0078285504857254946 -0.035121860669271851 -0.015544127642129389 -0.015544127642129389 -0.0056159705046961708 -0.010580049073412779 -0.050013504393348618 -0.021201271542070178 -0.026589548594467261 0.00071476358168820248 0.0029218335328408426 0.030069126767594614
leaf_weight=5266.1558221653104 3295.4000732206041 14.959112472832201 51.387082688510418 16.596386909310244 34.065443212166429 13.887668075432883 181.56435150373727 29.353789900895208 5.2826026477559926 6.3141920417547217 29.137787872925401 1402.125023751898 34.843407560139894 28.283330619335175
leaf_count=44148 20124 1486 1148 8185 1978 16194 2892 1782 27727 313 2725 12298 559 559
internal_value=-5.42253e-05 -0.000429574 -0.0112127 -0.0253004 -0.0218254 -0.0057879 -0.00561597 -0.0100411 -0.0387174 -0.0268584 -0.0238955 0.000391141 0.000904936 0.0051289
internal_weight=10409.4 5648.7 382.548 106.356 84.4765 276.193 262.305 80.7409 21.879 50.4111 35.452 4760.65 1465.25 63.1267
internal_count=142118 108578 64430 42414 6502 22016 5822 2930 35912 4524 3038 33540 13416 1118
is_linear=0
shrinkage=0.05


Tree=139
num_leaves=11
num_cat=0
split_feature=1 0 1 0 0 1 1 0 1 1
split_gain=0.625963 8.48338 0.483742 3.67665 0.374937 0.326686 7.38422 0.0132151 0.00172668 0.00098627
threshold=0.024402767419815067 0.30755041539669042 0.51091969013214122 0.67754125595092785 0.97605890035629284 0.94780898094177257 0.97800299525260936 0.65557706356048595 0.518865466117859 0.61620560288429271
decision_type=2 2 2 2 2 2 2 2 2 2
left_child=1 -1 3 7 -3 8 -7 -2 -4 -10
right_child=2 4 5 -5 -6 6 -8 -9 9 -11
leaf_value=-0.0016168974924483639 0.00028449104623050472 -0.029673798120483104 0.00045623307543251235 -0.0016168974924483639 -0.050076019377920826 0.0024910632983164865 0.027886628705250677 -0.00032279127150902198 0.00063996052017799049 0.0007240531337128302
leaf_weight=127.5370712056756 7743.375807646662 21.117591379210356 92.834106993133901 861.86455064270558 2.5206569579750058 34.897625852376223 28.954005729407072 90.63203377276659 753.1336117159226 649.25869642011821
leaf_count=2262 51874 1571 559 65465 6247 559 559 724 5031 7267
internal_value=-4.34716e-05 -0.00323741 3.61243e-06 -0.000141795 -0.0318494 0.000814635 0.00431706 0.000277465 0.000665068 0.000678892
internal_weight=10406.1 151.175 10255 8695.87 23.6382 1559.08 63.8516 7834.01 1495.23 1402.39
internal_count=142118 10080 132038 118063 7818 13975 1118 52598 12857 12298
is_linear=0
shrinkage=0.05


Tree=140
num_leaves=15
num_cat=0
split_feature=1 0 1 0 1 0 0 1 0 1 1 1 1 0
split_gain=0.55637 17.1838 8.00632 2.63578 1.52304 1.38615 1.06463 0.942619 0.366601 0.177106 0.211414 6.64991 0.0755087 0.188825
threshold=0.27841281890869146 0.67754125595092785 0.087749313563108458 0.97035363316535961 0.1669825688004494 0.78302362561225902 0.90756326913833629 0.053500233218073852 0.99676966667175304 0.518865466117859 0.94780898094177257 0.97800299525260936 0.03113807458430529 0.97605890035629284
decision_type=2 2 2 2 2 2 2 2 2 2 2 2 2 2
left_child=1 -1 3 5 6 -3 -4 -7 12 -2 -11 -12 13 -5
right_child=9 2 4 8 -6 7 -8 -9 -10 10 11 -13 -14 -15
leaf_value=-5.9488235136871878e-05 0.00012787205062439073 -0.014106483962753597 -0.0087717907948662212 -0.035956922904661848 -0.0055514940272628271 -0.028085806742603921 -0.014106483962753597 -0.01852640250706877 -0.050012751399156279 0.00064482800005309204 0.0021083256730527952 0.025911228342945087 -0.032203426480174928 -0.042239150640845206
leaf_weight=4731.8910546936095 3845.4445491788501 24.476687901653349 59.348066246137023 0.89680965151638048 156.36112543591298 40.03245160356164 34.010047262869193 26.599757601507008 4.9779663803783469 1402.6480799730343 34.943876063451171 29.586340893059969 11.116158700664526 3.8976133550168015
leaf_count=41150 24037 1101 1286 193 8282 4062 11150 1722 27727 12298 559 559 5174 2818
internal_value=-5.17919e-05 -0.000425168 -0.0110435 -0.0221512 -0.00606177 -0.0184784 -0.0119921 -0.0229463 -0.0381706 0.000306192 0.000773565 0.00357182 -0.0344655 -0.0397104
internal_weight=10406.2 5093.61 361.717 111.997 249.719 91.1089 93.3581 66.6322 20.8885 5312.62 1467.18 64.5302 15.9106 4.79442
internal_count=142118 104665 63515 42797 20718 6885 12436 5784 35912 37453 13416 1118 8185 3011
is_linear=0
shrinkage=0.05


Tree=141
num_leaves=14
num_cat=0
split_feature=0 0 1 1 1 0 1 0 0 1 0 0 0
split_gain=0.763284 5.75973 2.69126 0.571319 0.446197 0.493137 0.404538 3.33298 0.0154823 0.0130435 1.14671e-06 4.59297e-07 2.59678e-09
threshold=0.99840649962425243 0.99995276331901561 0.97800299525260936 0.22441358119249347 0.023054582998156551 0.26392500102519995 0.51091969013214122 0.67754125595092785 0.65557706356048595 0.61620560288429271 0.99999365210533153 0.99995616078376781 0.99999216198921215
decision_type=2 2 2 2 2 2 2 2 2 2 2 2 2
left_child=4 2 3 -2 5 -1 7 8 -6 -8 11 -3 -13
right_child=1 10 -4 -5 6 -7 9 -9 -10 -11 -12 12 -14
leaf_value=-0.001641499498748688 -0.027210996597948303 -0.050712819983375616 -0.0036413210202068929 -0.016715765598452798 0.00027589493561623097 -0.0036413210202068929 0.00063608739240114274 -0.001641499498748688 -0.00038099065051077643 0.00092920391323403166 -0.050843908779282382 -0.05077675589454414 -0.050781455927901925
leaf_weight=84.998168632388115 4.1675651905752629 0.29286013842647562 10.907252145931126 14.610423325211739 7788.1953610684723 17.160560251417337 844.92346965381876 851.31033456441946 90.745743341743946 689.06134551623836 0.64755828383931646 5.4443634053968708 0.31065135854441894
leaf_count=1547 24045 563 315 7571 52650 2595 4395 31542 731 4499 1038 10081 546
internal_value=-3.91841e-05 -0.00726883 -0.00364132 -0.024106 -1.38117e-05 -0.00330191 1.89143e-05 -0.000112664 0.000268329 0.000767754 -0.0507807 -0.0507739 -0.050777
internal_weight=10402.8 36.3807 29.6852 18.778 10366.4 102.159 10264.2 8730.25 7878.94 1533.98 6.69543 6.04787 5.75501
internal_count=142118 44159 31931 31616 97959 4142 93817 84923 53381 8894 12228 11190 10627
is_linear=0
shrinkage=0.05


Tree=142
num_leaves=7
num_cat=0
split_feature=1 0 0 1 1 1
split_gain=0.515228 2.13994 0.446795 7.34952 0.921674 0.0801051
threshold=0.021110345609486107 0.13350617140531543 0.42763166129589086 0.16455885767936709 0.39714910089969641 0.020640360191464428
decision_type=2 2 2 2 2 2
left_child=1 -1 4 -4 -2 -3
right_child=2 5 3 -5 -6 -7
leaf_value=-0.0030019621933223073 0.00022081073912671949 -0.032370209057673717 -0.0030019621933223073 -3.3477123053522414e-05 0.0061054614686753142 -0.022587550633635645
leaf_weight=27.67595088109374 5281.1305754072964 5.2650392371360777 361.42240459442837 4655.8933787978604 67.388011589646339 3.4729167338591651
leaf_count=507 40569 1380 55652 42814 283 913
internal_value=-4.38396e-05 -0.00598094 -2.29833e-05 -0.000361908 0.000294954 -0.0284821
internal_weight=10402.2 36.4139 10365.8 5017.32 5348.52 8.73796
internal_count=142118 2800 139318 98466 40852 2293
is_linear=0
shrinkage=0.05


Tree=143
num_leaves=15
num_cat=0
split_feature=1 0 1 0 1 0 1 0 0 1 0 1 1 1
split_gain=0.441825 14.5931 10.1842 1.92321 1.1505 1.06769 0.428145 0.54859 0.371605 0.32726 0.222004 0.124113 0.164362 6.14919
threshold=0.30859386920928961 0.71556219458580028 0.087749313563108458 0.97035363316535961 0.052755650132894523 0.98430839180946361 0.1669825688004494 0.90756326913833629 0.99676966667175304 0.02634304761886597 0.78302362561225902 0.518865466117859 0.94780898094177257 0.97800299525260936
decision_type=2 2 2 2 2 2 2 2 2 2 2 2 2 2
left_child=1 -1 3 4 9 6 7 -4 -5 -3 -11 -2 -13 -14
right_child=11 2 5 8 -6 -7 -8 -9 -10 10 -12 12 13 -15
leaf_value=-1.6368995855229057e-05 0.00014031291168858844 -0.02887904971711603 -0.0069957091540117644 -0.033812388861498233 -0.014329454173653193 -0.014329454173653193 -0.0050093227791839076 -0.0096693884764185514 -0.050012001574473809 -0.01978545804243529 -0.02508048132216479 0.00057933137285563351 0.0018667868961605107 0.02458332286962317
leaf_weight=5266.6280145477504 3295.2608037756872 13.753782358951865 50.350116973742843 15.281840947951425 32.79487450234592 13.423107647860887 179.67789726285264 28.495469645597041 4.607392406964208 6.0673234164714804 27.454540961422026 1403.0645036261412 34.840442876331508 29.998469369485974
leaf_count=44148 20124 1486 1148 8185 1978 16194 2892 1782 27727 313 2725 12298 559 559
internal_value=-4.38906e-05 -0.000343398 -0.0100023 -0.0236496 -0.020193 -0.00500932 -0.00500932 -0.0089821 -0.0375651 -0.0252415 -0.0223165 0.00031066 0.000693068 0.00315424
internal_weight=10401.7 5638.53 371.906 99.9598 80.0705 271.947 258.523 78.8456 19.8892 47.2756 33.5219 4763.16 1467.9 64.8389
internal_count=142118 108578 64430 42414 6502 22016 5822 2930 35912 4524 3038 33540 13416 1118
is_linear=0
shrinkage=0.05


Tree=144
num_leaves=13
num_cat=0
split_feature=1 0 0 1 0 1 1 1 1 1 1 1
split_gain=0.386497 3.63899 0.337653 0.302781 3.85772 0.103699 0.0969638 5.56592 0.00103177 0.00053465 9.27374e-09 9.37606e-12
threshold=0.023054582998156551 0.42086188495159155 0.97605890035629284 0.30859386920928961 0.55109152197837841 0.51091969013214122 0.94780898094177257 0.97800299525260936 0.61620560288429271 0.518865466117859 0.02087531611323357 0.021346308290958408
decision_type=2 2 2 2 2 2 2 2 2 2 2 2
left_child=1 -1 -3 4 -2 -5 8 -8 9 -7 -4 -12
right_child=3 2 10 5 -6 6 7 -9 -10 -11 11 -13
leaf_value=-0.0015517428803089569 1.6828084256569067e-05 -0.025185821077681976 -0.050071181665494624 0.0001258253401585936 -0.0015517428803089569 0.00039079690500065526 0.0015235068693703517 0.022907507464495928 0.0005877706795344935 0.00051795037588060343 -0.050063193688967611 -0.050062825585771867
leaf_weight=88.489689830690622 4918.2850407026708 11.733312139287589 0.50083075570000701 3202.5400168793858 614.60325370985811 92.858476412744494 34.874872649088502 30.568129647523165 649.73958561557811 753.54081655389746 0.21901307838561457 0.82318950768240029
leaf_count=1665 39177 1081 1439 19565 62121 559 559 559 7267 5031 700 2395
internal_value=-3.37748e-05 -0.00310001 -0.0280775 -3.47096e-06 -0.000255061 0.000288718 0.000622782 0.00250663 0.00054038 0.000504 -0.0500656 -0.0500629
internal_weight=10398.8 101.766 13.2763 10297 5532.89 4764.12 1561.58 65.443 1496.14 846.399 1.54303 1.0422
internal_count=142118 7280 5615 134838 101298 33540 13975 1118 12857 5590 4534 3095
is_linear=0
shrinkage=0.05


Tree=145
num_leaves=11
num_cat=0
split_feature=0 0 1 1 0 1 1 0 0 0
split_gain=0.379763 5.93457 2.53413 0.656879 0.326966 5.6193 0.834987 1.09423e-06 4.60429e-07 1.46468e-09
threshold=0.99830192327499401 0.99995276331901561 0.97800299525260936 0.22441358119249347 0.42763166129589086 0.1469438895583153 0.39714910089969641 0.99999365210533153 0.99995616078376781 0.99999216198921215
decision_type=2 2 2 2 2 2 2 2 2 2
left_child=4 2 3 -2 6 -6 -1 8 -3 -10
right_child=1 7 -4 -5 5 -7 -8 -9 9 -11
leaf_value=0.00018164538879996951 -0.026661626101941907 -0.050723640486102228 -0.0025305740552890978 -0.015377910971750817 -0.0025305740552890978 -2.9245939074662441e-05 0.0057787202644489621 -0.05085539536549033 -0.050788906493028335 -0.050792496391622768
leaf_weight=5312.6966018676758 4.0628282773323035 0.28226194857415876 11.788127994164826 15.423323266761143 308.37954845148488 4672.1854345496395 67.48059356212616 0.62798207513696969 5.2613478264320293 0.30035192651121168
leaf_count=41158 24478 563 319 7693 25416 30543 283 1038 10081 546
internal_value=-3.66425e-05 -0.00504274 -0.00253057 -0.0225995 -1.84043e-05 -0.000310338 0.000251846 -0.0507927 -0.0507859 -0.0507891
internal_weight=10398.5 37.7462 31.2743 19.4862 10360.7 4980.56 5380.18 6.47194 5.84396 5.5617
internal_count=142118 44718 32490 32171 97400 55959 41441 12228 11190 10627
is_linear=0
shrinkage=0.05


Tree=146
num_leaves=12
num_cat=0
split_feature=0 1 1 1 0 1 0 1 0 0 0
split_gain=0.336484 19.4687 2.73697 2.16315 2.48626 0.752536 0.51964 0.0927781 0.0676399 0.00106021 0.0345876
threshold=0.42763166129589086 0.052755650132894523 0.14245773851871493 0.027956153266131881 0.62303113937377941 0.39714910089969641 0.97605890035629284 0.072555445134639754 0.78302362561225902 0.89280337095260631 0.94597047567367565
decision_type=2 2 2 2 2 2 2 2 2 2 2
left_child=5 3 7 6 -5 -1 9 -3 -6 -2 -11
right_child=1 2 -4 4 8 -7 -8 -9 -10 10 -12
leaf_value=0.00017254407231764626 -0.030179532747083106 -0.0080074739855829011 -4.5387036001985631e-05 -0.011086394558980972 -0.021248058571290585 0.0054828697981635695 -0.050075896109221613 -0.0053957295502505345 -0.024805412425955194 -0.030521184287468552 -0.035587200364162234
leaf_weight=5313.2604561634362 21.579686723183844 43.545126964505471 4717.5123791624646 21.326272875070572 13.399682706221936 67.563540995121002 3.7722781360425861 155.18294817175774 32.868172066089755 4.298987165093421 3.4042372216936201
leaf_count=41158 1244 8128 45652 631 645 283 10240 14617 18296 580 644
internal_value=-3.54253e-05 -0.000329996 -4.5387e-05 -0.0221274 -0.0170015 0.000239222 -0.0326094 -0.00596801 -0.0247046 -0.0303593 -0.0308628
internal_weight=10397.7 5016.89 4916.24 100.649 67.5941 5380.82 33.0552 198.728 46.2679 29.2829 7.70322
internal_count=142118 100677 68397 32280 19572 41441 12708 22745 18941 2468 1224
is_linear=0
shrinkage=0.05


Tree=147
num_leaves=15
num_cat=0
split_feature=1 0 1 0 1 0 0 1 1 1 0 1 1 0
split_gain=0.294939 12.3547 6.40369 5.08818 1.78616 1.03068 0.534512 0.161428 0.110664 0.0754963 0.14289 0.0701011 5.1626 0.0396288
threshold=0.27841281890869146 0.67754125595092785 0.1469438895583153 0.96710905432701122 0.052755650132894523 0.74220162630081188 0.99676966667175304 0.13339161872863772 0.51091969013214122 0.03113807458430529 0.97605890035629284 0.94780898094177257 0.97800299525260936 0.97035363316535961
decision_type=2 2 2 2 2 2 2 2 2 2 2 2 2 2
left_child=1 -1 3 4 5 -3 7 9 -2 10 -5 -10 -13 -11
right_child=8 2 -4 6 -6 -7 -8 -9 11 13 -12 12 -14 -15
leaf_value=-2.9382229630775181e-05 8.9823745937670868e-05 -0.015786545408632044 -0.0047618723277047647 -0.035921259366259332 -0.010689695217634658 -0.02437723362827042 -0.050012416174104263 -0.02437723362827042 0.00052049634286090933 -0.029142637239932469 -0.041318465592788484 0.0013549940307205979 0.021821519365538614 -0.033403528035645863
leaf_weight=4731.5157108185813 3752.6676613124728 8.592618369497357 179.32127313122328 1.3325296884868389 92.54901347309351 40.13288701325655 5.4875611568641025 1.2633043442037877 1496.2220448394655 1.8822914920747305 3.3698407460469753 34.755478851497173 30.921203868463635 14.86692619678797
leaf_count=41150 23478 468 10557 295 3968 4135 34001 331 12857 221 2818 559 559 6721
internal_value=-2.33788e-05 -0.000295784 -0.00949436 -0.0166175 -0.0127467 -0.0208834 -0.0360078 -0.0326245 0.000237019 -0.033908 -0.0395062 0.000590676 0.00218949 -0.0323364
internal_weight=10394.9 5080.31 348.798 169.477 141.275 48.7255 28.2025 22.7149 5314.57 21.4516 4.70237 1561.9 65.6767 16.7492
internal_count=142118 104665 63515 52958 8571 4603 44387 10386 37453 10055 3113 13975 1118 6942
is_linear=0
shrinkage=0.05


Tree=148
num_leaves=15
num_cat=0
split_feature=0 0 1 1 1 1 1 0 0 1 1 0 0 0
split_gain=0.270736 5.77207 2.29532 0.654418 0.234073 0.207545 0.206814 1.8771 0.00907569 0.00103435 0.000249549 9.75962e-07 4.29031e-07 7.72935e-10
threshold=0.99830192327499401 0.99995276331901561 0.97800299525260936 0.22441358119249347 0.023054582998156551 0.020640360191464428 0.51091969013214122 0.67754125595092785 0.65557706356048595 0.518865466117859 0.61620560288429271 0.99999365210533153 0.99995616078376781 0.99999216198921215
decision_type=2 2 2 2 2 2 2 2 2 2 2 2 2 2
left_child=4 2 3 -2 5 -1 7 8 -6 -8 -11 12 -3 -14
right_child=1 11 -4 -5 6 -7 9 -9 -10 10 -12 -13 13 -15
leaf_value=-0.002136584009509539 -0.026459011805356616 -0.050713284042613382 -0.002136584009509539 -0.014848472095379145 0.00024461323540869045 -0.0010550781968608307 0.00039990274767731979 -0.0010550781968608307 -0.00025884919460430258 0.00055222840095294152 0.00059387412616630504 -0.050842032865375954 -0.050777893518761136 -0.050780563877809409
leaf_weight=21.061053072306095 3.7372418412342112 0.26876784941850829 11.993735903874041 15.203038158855632 7789.6331717725843 79.279943013447337 92.781273895408958 839.87354008664261 90.553436979651451 752.4811916006729 689.1472537717782 0.59992828938993614 5.0147529481473612 0.2864637780949123
leaf_count=942 24478 563 319 7693 52650 3148 475 31092 731 3908 4454 1038 10081 546
internal_value=-1.25224e-05 -0.00427592 -0.00213658 -0.0217872 2.75445e-06 -0.00213658 2.64276e-05 -6.77645e-05 0.000238828 0.000561722 0.000572136 -0.0507814 -0.0507749 -0.050778
internal_weight=10391.9 37.1039 30.934 18.9403 10354.8 100.341 10254.5 8720.06 7880.19 1534.41 1441.63 6.16991 5.56998 5.30122
internal_count=142118 44718 32490 32171 97400 4090 93310 84473 53381 8837 8362 12228 11190 10627
is_linear=0
shrinkage=0.05


Tree=149
num_leaves=14
num_cat=0
split_feature=1 0 0 1 0 1 1 0 1 1 1 1 1
split_gain=0.248848 2.95735 0.337802 0.200809 2.14951 0.0490858 4.79552 0.0295942 0.054599 0.00108013 0.000432473 5.86782e-09 9.67548e-12
threshold=0.023054582998156551 0.42086188495159155 0.97605890035629284 0.51091969013214122 0.71556219458580028 0.94780898094177257 0.97800299525260936 0.65557706356048595 0.28261865675449377 0.61620560288429271 0.518865466117859 0.02087531611323357 0.021346308290958408
decision_type=2 2 2 2 2 2 2 2 2 2 2 2 2
left_child=1 -1 -3 4 7 9 -7 -2 -9 10 -5 -4 -13
right_child=3 2 11 5 -6 6 -8 8 -10 -11 -12 12 -14
leaf_value=-0.0012434855038899201 0.00022077232253542539 -0.02321326372527048 -0.05006230553231044 0.00033067856127931084 -0.0012434855038899201 0.0011667874923455232 0.020774523442077284 -0.00051345897992723653 -7.8482972264281602e-05 0.00051818025941129597 0.00044502491220210842 -0.0500554890902613 -0.050055083439696439
leaf_weight=88.293379107490182 7790.5652628690004 10.910996451275421 0.42662827528692904 92.879579767992254 731.20876984328061 34.647419725544751 31.266500264406204 60.068200454115868 146.86568158864975 649.9074695968302 753.76004291823483 0.18605392819881672 0.70026565046282485
leaf_count=1665 52650 1081 1439 559 66434 559 559 1063 716 7267 5031 700 2395
internal_value=-1.77036e-05 -0.00249345 -0.0260965 6.4778e-06 -8.69677e-05 0.000528512 0.00186388 0.000216568 -0.000377738 0.000469698 0.000432481 -0.0500575 -0.0500552
internal_weight=10391.7 100.517 12.2239 10291.2 8728.71 1562.46 65.9139 7997.5 206.934 1496.55 846.64 1.31295 0.88632
internal_count=142118 7280 5615 134838 120863 13975 1118 54429 1779 12857 5590 4534 3095
is_linear=0
shrinkage=0.05


Tree=150
num_leaves=12
num_cat=0
split_feature=0 1 1 1 0 1 0 1 0 0 0
split_gain=0.241843 16.4801 2.14385 2.07531 2.22715 0.676254 0.520452 0.0797862 0.0584917 0.000282822 0.0338016
threshold=0.42763166129589086 0.052755650132894523 0.14245773851871493 0.027956153266131881 0.62303113937377941 0.39714910089969641 0.97605890035629284 0.072555445134639754 0.78302362561225902 0.89280337095260631 0.94597047567367565
decision_type=2 2 2 2 2 2 2 2 2 2 2
left_child=5 3 7 6 -5 -1 9 -3 -6 -2 -11
right_child=1 2 -4 4 8 -7 -8 -9 -10 10 -12
leaf_value=0.00014337945769228765 -0.029088535545283685 -0.0072331978073618868 -3.4752161589224859e-05 -0.010415888701283694 -0.020199573960848857 0.0051742159708688482 -0.050068836732621448 -0.0047914219919671756 -0.02357813896416688 -0.029270707150024434 -0.034446973496824983
leaf_weight=5314.9543770533055 20.545524735469378 42.793844822554092 4717.1724567800702 21.11644708365202 12.959923760965465 67.649169191718102 3.3421668444425441 153.29426509975747 31.098476377046609 4.0277025974355629 3.1627766001038253
leaf_count=41158 1244 8128 45652 631 645 283 10240 14617 18296 580 644
internal_value=-2.6087e-05 -0.000276112 -3.47522e-05 -0.020797 -0.0157272 0.000206608 -0.0314291 -0.00532431 -0.0233814 -0.029183 -0.0294529
internal_weight=10392.1 5009.51 4913.26 96.253 65.1748 5382.6 31.0782 196.088 44.0584 27.736 7.19048
internal_count=142118 100677 68397 32280 19572 41441 12708 22745 18941 2468 1224
is_linear=0
shrinkage=0.05


Tree=151
num_leaves=15
num_cat=0
split_feature=0 0 1 1 1 0 1 1 1 0 1 1 1 0
split_gain=0.205267 5.60459 2.13626 0.667071 0.181815 2.65909 0.384853 0.023021 0.0746615 0.0207505 0.0197172 0.000722292 1.56271e-05 8.99814e-07
threshold=0.99830192327499401 0.99995276331901561 0.97800299525260936 0.22441358119249347 0.51091969013214122 0.71556219458580028 0.34157374501228338 0.023054582998156551 0.021110345609486107 0.65557706356048595 0.28261865675449377 0.518865466117859 0.61620560288429271 0.99999514222145092
decision_type=2 2 2 2 2 2 2 2 2 2 2 2 2 2
left_child=4 2 3 -2 5 7 -7 8 -1 -9 -11 -6 -13 -3
right_child=1 13 -4 -5 11 6 -8 9 -10 10 -12 12 -14 -15
leaf_value=-0.0008388970287197769 -0.026320188330557683 -0.050760539278116912 -0.0018756452808585636 -0.01432611404233821 0.00036505363635968858 -0.0018756452808585636 -0.0008388970287197769 0.00020545579807056499 -0.00019018057773471277 -0.00019018057773471277 7.6376101679261116e-06 0.00050398638485440865 0.00051440564359533426 -0.050855435916216753
leaf_weight=32.563853340223432 3.5683401433052522 5.6547093756234963 12.195493772625925 14.99167383983149 92.794934953562915 411.69355477430508 315.70806037075818 7791.0897544547915 60.103760491125286 59.821303710341454 146.85883775353432 752.64779489021748 689.58644778653979 0.26134436412758066
leaf_count=687 24478 11717 319 7693 475 28916 3314 52650 1217 1063 716 3908 4454 511
internal_value=-1.51597e-05 -0.00374936 -0.00187565 -0.0211873 -1.93251e-06 -8.93568e-05 -0.00187565 0.000197851 -0.000585817 0.000205456 -0.000190181 0.000500268 0.000508968 -0.0507647
internal_weight=10389.5 36.6716 30.7555 18.56 10352.9 8817.84 727.402 8090.44 92.6676 7997.77 206.68 1535.03 1442.23 5.91605
internal_count=142118 44718 32490 32171 97400 88563 32230 56333 1904 54429 1779 8837 8362 12228
is_linear=0
shrinkage=0.05


Tree=152
num_leaves=15
num_cat=0
split_feature=1 0 1 0 1 0 0 1 1 0 1 1 1 0
split_gain=0.195032 9.78433 9.04401 3.04647 1.68616 0.539077 0.354918 0.128849 0.0660581 0.153522 0.0614533 0.0325104 4.45892 0.0319247
threshold=0.30859386920928961 0.78302362561225902 0.1469438895583153 0.96710905432701122 0.053500233218073852 0.99676966667175304 0.71556219458580028 0.13339161872863772 0.03113807458430529 0.97605890035629284 0.51091969013214122 0.94780898094177257 0.97800299525260936 0.97035363316535961
decision_type=2 2 2 2 2 2 2 2 2 2 2 2 2 2
left_child=1 6 3 4 -3 7 -1 8 9 -5 -2 -12 -13 -10
right_child=10 2 -4 5 -6 -7 -8 -9 13 -11 11 12 -14 -15
leaf_value=-3.8810019790756077e-07 9.1557310692576421e-05 -0.025055159695315982 -0.0046712472432575 -0.034936160621134894 -0.012281355668110661 -0.050011496131158066 -0.0041358425987778709 -0.025412404770828036 -0.029164252776453726 -0.040797434967895396 0.00042607578579451202 0.00099247621988311123 0.01979398034413956 -0.032549758238333885
leaf_weight=5266.1763284299523 3202.494061737787 33.408465186133981 159.0545547062211 1.2327005197294152 64.551391303539276 4.8690160125734101 74.098917808383703 1.2244224974419911 1.801248813048004 3.0433155924838502 1496.8210151379462 34.540701637975872 31.59441646002233 14.156318823283071
leaf_count=44148 19565 3860 11518 295 3282 34001 1383 331 221 2818 12857 559 559 6721
internal_value=-1.83444e-05 -0.000217769 -0.00934211 -0.0198915 -0.0158333 -0.0349915 -3.881e-07 -0.0315834 -0.0329161 -0.0384351 0.000216993 0.000474009 0.00155888 -0.0314372
internal_weight=10389.1 5623.62 283.341 124.287 97.9599 26.327 5340.28 21.458 20.2336 4.27602 4765.45 1562.96 66.1351 15.9576
internal_count=142118 108578 63047 51529 7142 44387 45531 10386 10055 3113 33540 13975 1118 6942
is_linear=0
shrinkage=0.05


Tree=153
num_leaves=10
num_cat=0
split_feature=0 1 1 0 1 1 0 1 0
split_gain=0.169176 14.1843 2.04636 1.99258 1.67461 0.608403 0.51649 0.0676149 0.0516305
threshold=0.42763166129589086 0.052755650132894523 0.027956153266131881 0.62303113937377941 0.14245773851871493 0.39714910089969641 0.97605890035629284 0.072555445134639754 0.87544605135917675
decision_type=2 2 2 2 2 2 2 2 2
left_child=5 2 6 -4 7 -1 -2 -3 -5
right_child=1 4 3 8 -6 -7 -8 -9 -10
leaf_value=0.00012583855381328402 -0.028245069069572359 -0.0065103278953306037 -0.0098235801679452759 -0.019969235676888103 -1.6096337997004367e-05 0.0048949514286554755 -0.050063203694306148 -0.0042456736227358214 -0.022503895470867105
leaf_weight=5316.0067563988268 26.611228853231299 42.11409135779104 20.917066995054483 21.006723026745021 4716.2828331028431 67.725834116339684 3.0203469007174126 151.62068712624023 21.14144465544814
leaf_count=41158 2468 8128 631 1252 45652 283 10240 14617 17689
internal_value=-8.68874e-06 -0.000218025 -0.0196311 -0.0145388 -1.60963e-05 0.000185833 -0.030469 -0.00473796 -0.0221303
internal_weight=10386.4 5002.71 92.6968 63.0652 4910.02 5383.73 29.6316 193.735 42.1482
internal_count=142118 100677 32280 19572 68397 41441 12708 22745 18941
is_linear=0
shrinkage=0.05


Tree=154
num_leaves=10
num_cat=0
split_feature=0 1 1 0 1 1 0 1 0
split_gain=0.138121 12.973 1.99559 1.90797 1.51965 0.548471 0.52198 0.0620228 0.0504794
threshold=0.42763166129589086 0.052755650132894523 0.027956153266131881 0.62303113937377941 0.14245773851871493 0.39714910089969641 0.97605890035629284 0.072555445134639754 0.87544605135917675
decision_type=2 2 2 2 2 2 2 2 2
left_child=5 2 6 -4 7 -1 -2 -3 -5
right_child=1 4 3 8 -6 -7 -8 -9 -10
leaf_value=0.00011953761305489891 -0.027597341377689745 -0.006223694181477695 -0.0094811666091676391 -0.019349461095311795 -5.9541729383040708e-06 0.0046454268862947574 -0.050060123520421523 -0.0040486487970061392 -0.021874033220661782
leaf_weight=5316.3973684739321 25.892492876388136 41.85768793427269 20.726887043565512 20.605972562916577 4716.2570348731606 67.793674170970917 2.8732151849580978 151.06384855054057 20.67634420212562
leaf_count=41158 2468 8128 631 1252 45652 283 10240 14617 17689
internal_value=7.97952e-07 -0.000188433 -0.0189564 -0.0139071 -5.95417e-06 0.000176524 -0.029841 -0.00452056 -0.0215214
internal_weight=10384.1 4999.95 90.7749 62.0092 4909.18 5384.19 28.7657 192.922 41.2823
internal_count=142118 100677 32280 19572 68397 41441 12708 22745 18941
is_linear=0
shrinkage=0.05


Tree=155
num_leaves=15
num_cat=0
split_feature=1 0 1 0 1 0 1 1 0 0 0 1 1 1
split_gain=0.132164 2.54118 10.554 2.53274 1.07758 0.488489 0.466734 0.303222 0.207485 0.0871639 0.0648004 0.0457199 0.0371253 0.0299386
threshold=0.51091969013214122 0.71556219458580028 0.11168438941240312 0.97035363316535961 0.052755650132894523 0.99676966667175304 0.1669825688004494 0.02634304761886597 0.78302362561225902 0.92920210957527172 0.94947957992553722 0.03113807458430529 0.079607255756855025 0.093608312308788313
decision_type=2 2 2 2 2 2 2 2 2 2 2 2 2 2
left_child=1 -1 3 4 7 11 -4 -3 -9 12 -11 -5 -6 -13
right_child=-2 2 6 5 9 -7 -8 8 -10 10 -12 13 -14 -15
leaf_value=0.00018388787211534089 0.00043327839025972156 -0.024066577108263782 -0.0069378007162470877 -0.035200550687002223 -0.011556593135622096 -0.050009946609017357 -0.0013552588746601239 -0.014780274018849918 -0.020190476411904499 -0.011556593135622096 -0.014780274018849918 -0.029696033448176035 -0.0094157636908353323 -0.024066577108263782
leaf_weight=8090.0512213064358 1563.6021780560841 11.074139687931163 57.505357250760426 3.3555988369917058 17.291301091201603 3.8636766016970787 562.64464911207324 5.315772418864074 23.106240718159825 5.9388312613591534 6.2580246008001268 9.7693810706841742 20.392683518119156 1.7978105651563954
leaf_count=56333 13975 1486 7424 3011 951 30850 17098 313 2725 481 628 5437 749 657
internal_value=9.61752e-06 -6.55026e-05 -0.00289441 -0.0174763 -0.0139685 -0.0341647 -0.00135526 -0.0201448 -0.0171352 -0.00941576 -0.0136974 -0.0300622 -0.00941576 -0.0285715
internal_weight=10382 8818.36 728.313 108.163 89.377 18.7865 620.15 39.4962 28.422 49.8808 12.1969 14.9228 37.684 11.5672
internal_count=142118 128143 71810 47288 7333 39955 24522 4524 3038 2809 1109 9105 1700 6094
is_linear=0
shrinkage=0.05


Tree=156
num_leaves=15
num_cat=0
split_feature=1 0 1 0 1 0 1 1 0 0 0 1 1 1
split_gain=0.116202 2.19177 9.7509 2.4565 1.02701 0.495901 0.414693 0.302574 0.199088 0.0792064 0.0630149 0.0455151 0.0294372 0.0278261
threshold=0.51091969013214122 0.71556219458580028 0.11168438941240312 0.97035363316535961 0.052755650132894523 0.99676966667175304 0.1669825688004494 0.02634304761886597 0.78302362561225902 0.92920210957527172 0.94947957992553722 0.03113807458430529 0.093608312308788313 0.079607255756855025
decision_type=2 2 2 2 2 2 2 2 2 2 2 2 2 2
left_child=1 -1 3 4 7 11 -4 -3 -9 13 -11 -5 -13 -6
right_child=-2 2 6 5 9 -7 -8 8 -10 10 -12 12 -14 -15
leaf_value=0.00017772622288355952 0.00041156384649657221 -0.023507735529907776 -0.0066341709801367625 -0.034665368030088482 -0.011134441076488619 -0.050009461289959256 -0.0012555626313462565 -0.014287555875396202 -0.019574778603760723 -0.011134441076488619 -0.014287555875396202 -0.029078199787932274 -0.023507735529907776 -0.0090582766849133297
leaf_weight=8090.7864603186026 1563.7895846939355 10.815327430143951 57.139935323022655 3.2399861877202083 17.100622598081827 3.6752776329376493 562.12368608254474 5.2404533047229078 22.653087948448956 5.8723502876237017 6.1680997777730227 9.4853925450588559 1.7555118232266966 20.21359848510474
leaf_count=56333 13975 1486 7424 3011 951 30850 17098 313 2725 481 628 5437 657 749
internal_value=1.43454e-05 -5.61114e-05 -0.00268885 -0.016861 -0.0134084 -0.033607 -0.00125556 -0.0195168 -0.0164919 -0.00905828 -0.0132106 -0.0294441 -0.0279391 -0.00905828
internal_weight=10380.1 8816.27 725.483 106.22 88.0635 18.1562 619.264 38.7089 27.8935 49.3547 12.0405 14.4809 11.2409 37.3142
internal_count=142118 128143 71810 47288 7333 39955 24522 4524 3038 2809 1109 9105 6094 1700
is_linear=0
shrinkage=0.05


Tree=157
num_leaves=15
num_cat=0
split_feature=1 0 1 0 1 0 1 1 0 0 0 1 1 1
split_gain=0.10209 1.88374 8.9969 2.37882 0.977238 0.502823 0.367214 0.301485 0.19082 0.0714959 0.0611906 0.0452344 0.0288993 0.0190889
threshold=0.51091969013214122 0.71556219458580028 0.11168438941240312 0.97035363316535961 0.052755650132894523 0.99676966667175304 0.1669825688004494 0.02634304761886597 0.78302362561225902 0.92920210957527172 0.94947957992553722 0.03113807458430529 0.093608312308788313 0.079607255756855025
decision_type=2 2 2 2 2 2 2 2 2 2 2 2 2 2
left_child=1 -1 3 4 7 11 -4 -3 -9 13 -11 -5 -13 -6
right_child=-2 2 6 5 9 -7 -8 8 -10 10 -12 12 -14 -15
leaf_value=0.00017105897286344866 0.00039094038537496457 -0.022949398128336757 -0.0063420358389189944 -0.034119825011774477 -0.010721141245568278 -0.050008999564914107 -0.0011609891055880867 -0.013801171112117358 -0.018966240142578888 -0.010721141245568278 -0.013801171112117358 -0.02845546001587141 -0.022949398128336757 -0.0087074575872313036
leaf_weight=8091.4971256004646 1563.9675313883054 10.568265305366365 56.792487575934501 3.1300102603272562 16.918814899399877 3.496063684597174 561.64127401776204 5.1686237910762456 22.222079372033477 5.8089830344542843 6.0823753955774009 9.2152627281611768 1.7151462490437541 20.042695913463831
leaf_count=56333 13975 1486 7424 3011 951 30850 17098 313 2725 481 628 5437 657 749
internal_value=1.86514e-05 -4.74058e-05 -0.00249304 -0.0162539 -0.0128593 -0.0330395 -0.00116099 -0.0188949 -0.0158572 -0.00870746 -0.0127348 -0.0288201 -0.0273025 -0.00870746
internal_weight=10378.3 8814.3 722.802 104.368 86.8118 17.5565 618.434 37.959 27.3907 48.8529 11.8914 14.0604 10.9304 36.9615
internal_count=142118 128143 71810 47288 7333 39955 24522 4524 3038 2809 1109 9105 6094 1700
is_linear=0
shrinkage=0.05


Tree=158
num_leaves=12
num_cat=0
split_feature=1 1 0 0 1 0 1 1 0 1 1
split_gain=0.0896498 2.09842 1.37837 0.127023 0.0825109 0.845437 0.0105726 4.05457 0.00308326 0.00104521 0.000345477
threshold=0.023054582998156551 0.020419704727828506 0.26392500102519995 0.030839932151138786 0.51091969013214122 0.67754125595092785 0.94780898094177257 0.97800299525260936 0.65557706356048595 0.61620560288429271 0.518865466117859
decision_type=2 2 2 2 2 2 2 2 2 2 2
left_child=1 3 -3 -1 5 8 9 -8 -2 10 -6
right_child=4 2 -4 -5 6 -7 7 -9 -10 -11 -12
leaf_value=-0.015264543304541531 0.00017415133264548933 -0.00072099576586889705 -0.010497857512616421 -0.024844928896306399 0.00021635183772589526 -0.00072099576586889705 0.00066566363812572569 0.018443294461779346 -0.0001192795341904264 0.00039159577523865198 0.00031852764904307393
leaf_weight=6.6158483102917653 7793.3884692769498 72.460497200489044 12.132970372589623 7.2527447881257103 92.923304082156392 830.28442166155583 34.580612411722541 32.09463032335043 90.30872187577188 650.35509535655729 754.18284744975972
leaf_count=122 52650 1323 4837 998 559 67482 559 559 731 7267 5031
internal_value=2.25871e-05 -0.00147896 -0.000720996 -0.0202747 3.69716e-05 -2.30486e-05 0.000371351 0.000987406 0.000174151 0.000343921 0.000307319
internal_weight=10376.6 98.4621 84.5935 13.8686 10278.1 8713.98 1564.14 66.6752 7883.7 1497.46 847.106
internal_count=142118 7280 6160 1120 134838 120863 13975 1118 53381 12857 5590
is_linear=0
shrinkage=0.05


Tree=159
num_leaves=15
num_cat=0
split_feature=0 0 1 1 0 1 1 1 0 1 1 1 0 0
split_gain=0.115346 5.48262 1.60293 0.0856751 1.17987 0.32604 0.00678216 0.0531532 0.00967943 0.00847103 0.0064968 0.000700944 9.02298e-07 4.16671e-07
threshold=0.99751028418540966 0.99995276331901561 0.14925328642129901 0.51091969013214122 0.71556219458580028 0.34157374501228338 0.023054582998156551 0.021110345609486107 0.65557706356048595 0.28261865675449377 0.61620560288429271 0.47263513505458837 0.99999514222145092 0.99995616078376781
decision_type=2 2 2 2 2 2 2 2 2 2 2 2 2 2
left_child=3 2 -2 4 6 -6 7 -1 11 -10 -5 -8 13 -3
right_child=1 12 -4 10 5 -7 8 -9 9 -11 -12 -13 -14 -15
leaf_value=-0.00053276129590565326 -0.026002175587208562 -0.050713563569566023 -0.0012225639169247376 0.00027972926137447566 -0.0012225639169247376 -0.00053276129590565326 0.00015413689259203401 -5.3786669612901372e-05 -5.3786669612901372e-05 5.7927531341123338e-05 0.00048704874120491544 0.00016964173229514805 -0.050874842032638215 -0.050780506862168867
leaf_weight=32.213920326903462 2.8800792088113658 0.24350482059162359 37.895891868916806 845.38866423815489 395.62620379349391 313.80474657006562 7438.974887130782 59.907258404418826 59.409355204552412 146.86697682738304 683.32906822348014 355.07673585414886 0.24894327569563746 5.1176097999195918
leaf_count=687 24116 563 11729 4289 26110 3112 51193 1217 1063 716 4201 1457 511 11154
internal_value=1.57213e-05 -0.00247202 -0.00122256 2.68916e-05 -3.31166e-05 -0.00122256 0.000157041 -0.000269526 0.000161953 -5.37867e-05 0.0003724 0.000169642 -0.0507818 -0.0507775
internal_weight=10377 46.386 40.776 10330.6 8801.88 709.431 8092.45 92.1212 8000.33 206.276 1528.72 7794.05 5.61006 5.36111
internal_count=142118 48073 35845 94045 85555 29222 56333 1904 54429 1779 8490 52650 12228 11717
is_linear=0
shrinkage=0.05


Tree=160
num_leaves=15
num_cat=0
split_feature=0 0 1 1 0 1 1 1 0 1 1 1 0 0
split_gain=0.0793623 5.26173 1.57437 0.0792241 1.02068 0.121043 0.00620892 0.0424987 0.00913639 0.00778525 0.00586083 0.000368204 7.74701e-07 3.5766e-07
threshold=0.99751028418540966 0.99995276331901561 0.14925328642129901 0.51091969013214122 0.71556219458580028 0.34157374501228338 0.023054582998156551 0.021110345609486107 0.65557706356048595 0.28261865675449377 0.61620560288429271 0.47263513505458837 0.99999514222145092 0.99995616078376781
decision_type=2 2 2 2 2 2 2 2 2 2 2 2 2 2
left_child=3 2 -2 4 6 -6 7 -1 11 -10 -5 -8 13 -3
right_child=1 12 -4 10 5 -7 8 -9 9 -11 -12 -13 -14 -15
leaf_value=-0.00043476613394397294 -0.025881407960607075 -0.05067882922839078 -0.0010191993270547716 0.00026572565609193888 -0.0010191993270547716 -0.00043476613394397294 0.00014641855761572358 -5.2075446421727688e-05 -5.2075446421727688e-05 5.3350368090639995e-05 0.00046262577297281502 0.00015877618260300768 -0.050831987399759561 -0.050742399959034207
leaf_weight=32.198611524887383 2.8061824917858749 0.23178370481764332 37.853630656798487 845.44215675024316 395.21800359165354 313.70304150902666 7439.5533839631826 59.904394172132015 59.406795690767467 146.87047791481018 683.43049193779007 355.08599829673767 0.23699678219054465 4.8715845705046377
leaf_count=687 24116 563 11729 4289 26110 3112 51193 1217 1063 716 4201 1457 511 11154
internal_value=1.22892e-05 -0.00205991 -0.0010192 2.15161e-05 -3.61908e-05 -0.0010192 0.000149667 -0.000258517 0.000154366 -5.20754e-05 0.000353743 0.000158776 -0.0507436 -0.0507395
internal_weight=10376.8 46.0002 40.6598 10330.8 8801.94 708.921 8093.02 92.103 8000.92 206.277 1528.87 7794.64 5.34037 5.10337
internal_count=142118 48073 35845 94045 85555 29222 56333 1904 54429 1779 8490 52650 12228 11717
is_linear=0
shrinkage=0.05


Tree=161
num_leaves=15
num_cat=0
split_feature=1 0 1 0 1 0 1 1 0 0 0 1 1 1
split_gain=0.0695368 1.41147 8.15186 2.25169 0.92134 0.490908 0.29185 0.265373 0.184271 0.0638538 0.0590551 0.0441923 0.028681 0.010267
threshold=0.51091969013214122 0.71556219458580028 0.11168438941240312 0.97035363316535961 0.052755650132894523 0.99676966667175304 0.02634304761886597 0.1669825688004494 0.78302362561225902 0.92920210957527172 0.94947957992553722 0.03113807458430529 0.093608312308788313 0.079607255756855025
decision_type=2 2 2 2 2 2 2 2 2 2 2 2 2 2
left_child=1 -1 3 4 6 11 -3 -4 -8 13 -11 -5 -13 -6
right_child=-2 2 7 5 9 -7 8 -9 -10 10 -12 12 -14 -15
leaf_value=0.00013494643988705432 0.00031580613085503315 -0.022204997889403062 -0.0059038854392641088 -0.033460427997972796 -0.010201636399505956 -0.050008299860486417 -0.01318985331026621 -0.0010173908608940899 -0.018270642487633288 -0.010201636399505956 -0.01318985331026621 -0.027762244268794936 -0.022204997889403062 -0.0082456906775653354
leaf_weight=8093.5633712541312 1564.5446609334031 10.244960773503406 56.27595858368295 3.0065832968102795 16.697913581505418 3.1519327954847531 5.0855549406260279 560.25433514564793 21.748785494361073 5.7320180768147093 5.9832796226255596 8.9319811261957494 1.6717155885417003 19.824499116279185
leaf_count=56333 13975 1486 7424 3011 951 30850 313 17098 2725 481 628 5437 657 749
internal_value=8.62482e-06 -4.59133e-05 -0.00216973 -0.015474 -0.0121824 -0.0322276 -0.018134 -0.00101739 -0.0151276 -0.00824569 -0.0121576 -0.0281098 -0.0265927 -0.00824569
internal_weight=10376.7 8812.17 718.61 102.079 85.317 16.7622 37.0793 616.53 26.8343 48.2377 11.7153 13.6103 10.6037 36.5224
internal_count=142118 128143 71810 47288 7333 39955 4524 24522 3038 2809 1109 9105 6094 1700
is_linear=0
shrinkage=0.05


Tree=162
num_leaves=15
num_cat=0
split_feature=1 0 1 0 1 0 0 1 1 0 1 0 0 1
split_gain=0.0605082 1.19631 7.49953 2.17326 1.05718 0.539435 0.263158 0.230423 0.11778 0.219935 0.112399 0.0619774 0.0469459 0.0210343
threshold=0.51091969013214122 0.71556219458580028 0.11168438941240312 0.96710905432701122 0.052755650132894523 0.99676966667175304 0.7554031014442445 0.1669825688004494 0.03113807458430529 0.97605890035629284 0.027956153266131881 0.87544605135917675 0.97035363316535961 0.093608312308788313
decision_type=2 2 2 2 2 2 2 2 2 2 2 2 2 2
left_child=1 -1 3 4 6 8 -3 -4 9 -5 -8 -12 -10 -14
right_child=-2 2 7 5 -6 -7 10 -9 12 -11 11 -13 13 -15
leaf_value=0.00013128138818402983 0.0002999880801192552 -0.013001435946393176 -0.0056400585643987429 -0.029733843010864527 -0.0079102764465500026 -0.050007895115625534 -0.021053418028716769 -0.00093239595949790575 -0.021053418028716769 -0.038389503687865249 -0.016551672176546108 -0.019136163245791343 -0.027131558533417949 -0.023501816997311967
leaf_weight=8094.1027669440955 1564.6808654931956 4.1954859569668761 55.970965631124272 1.0002710176631837 46.977489303331822 2.9982348690027711 10.257673611864449 559.86418155622232 1.3087179251015175 2.3254944845102727 9.291883911937477 11.746066478081046 8.6888759959256259 1.6353657716535952
leaf_count=56333 13975 287 7424 295 2711 30850 1547 17098 195 2818 724 1767 5437 657
internal_value=1.34607e-05 -3.74253e-05 -0.00199607 -0.0148882 -0.0114559 -0.0306509 -0.0180926 -0.000932396 -0.0267711 -0.0350688 -0.0201019 -0.0172189 -0.0243989 -0.0259502
internal_weight=10375 8810.36 716.261 100.426 82.4686 17.957 35.4911 615.835 14.9587 3.32577 31.2956 21.038 11.633 10.3242
internal_count=142118 128143 71810 47288 7036 40252 4325 24522 9402 3113 4038 2491 6289 6094
is_linear=0
shrinkage=0.05


Tree=163
num_leaves=15
num_cat=0
split_feature=1 0 1 0 1 0 1 0 1 1 1 1 1 1
split_gain=0.0526526 1.02118 4.31125 0.660085 2.72333 0.566098 0.385985 0.11621 0.053201 0.0365734 0.0074376 3.88926 0.00559738 0.0671884
threshold=0.51091969013214122 0.98079773783683788 0.21134921163320544 0.71556219458580028 0.1669825688004494 0.99806669354438793 0.03113807458430529 0.9884038269519807 0.093608312308788313 0.14925328642129901 0.94780898094177257 0.97800299525260936 0.023054582998156551 0.021110345609486107
decision_type=2 2 2 2 2 2 2 2 2 2 2 2 2 2
left_child=1 3 5 12 -5 6 -3 8 -8 -9 -2 -12 13 -1
right_child=10 2 -4 4 -6 -7 7 9 -10 -11 11 -13 -14 -15
leaf_value=-0.00068232840293915844 0.00026195552766412097 -0.03822510892985756 -0.0043540644360188238 -0.0043540644360188238 -0.00068232840293915844 -0.050008097903090964 -0.022248794613725129 -0.029054806439313102 -0.017766071532772924 -0.022248794613725129 0.0005316734555539151 0.017901128108275845 0.00012759337211595419 -6.7461499444974849e-05
leaf_weight=32.193770688027143 1498.0642865443078 1.876921515984576 17.869911416826653 141.11918200191576 539.2109857108444 3.189301892907678 2.2103775063296762 4.7626822118909331 2.1646064047235996 1.6659740509930996 34.501705005764961 32.244211602956057 8002.518038475886 59.915797113440931
leaf_count=687 12857 3498 8648 10399 5588 34228 1036 6872 523 1018 559 559 54429 1217
internal_value=1.76999e-05 -2.97781e-05 -0.00871173 3.60412e-06 -0.00149225 -0.0311781 -0.0264421 -0.0223419 -0.0177661 -0.0267315 0.000284965 0.000801391 0.000127593 -0.000262516
internal_weight=10373.5 8808.7 33.7398 8774.96 680.33 15.8699 12.6806 10.8036 4.37498 6.42866 1564.81 66.7459 8094.63 92.1096
internal_count=142118 128143 55823 72320 15987 47175 12947 9449 1559 7890 13975 1118 56333 1904
is_linear=0
shrinkage=0.05


Tree=164
num_leaves=12
num_cat=0
split_feature=1 1 0 0 1 0 0 1 1 1 1
split_gain=0.0452362 1.93387 1.20202 0.116199 0.0382101 0.456789 0.00165042 0.000736542 0.00031416 0.000105418 3.54067
threshold=0.023054582998156551 0.020419704727828506 0.26392500102519995 0.030839932151138786 0.51091969013214122 0.67754125595092785 0.65557706356048595 0.61620560288429271 0.518865466117859 0.94780898094177257 0.97800299525260936
decision_type=2 2 2 2 2 2 2 2 2 2 2
left_child=1 3 -3 -1 5 6 -2 8 -6 -9 -11
right_child=4 2 -4 -5 7 -7 -8 9 -10 10 -12
leaf_value=-0.014652745124016948 0.00011902859866939138 -0.00051486536347473705 -0.0099879565786969368 -0.023920381931353683 0.00013488452179902526 -0.00051486536347473705 -0.00013557539608376597 0.00028429160423502778 0.00023230271787006595 0.0003171840431025572 0.016776604041361512
leaf_weight=6.5189983770251256 7796.6971192210913 72.397113911807537 11.711619740992317 7.0291474770201603 92.95440261712065 823.10697482819887 90.321919802576303 650.74170901425532 754.47011758389999 34.511271418072283 32.673797577619553
leaf_count=122 52650 1323 4837 998 559 67482 731 7267 5031 559 559
internal_value=1.55673e-05 -0.00105548 -0.000514865 -0.019461 2.57464e-05 -1.51281e-05 0.000119029 0.000253185 0.000221617 0.000290448 0.000350076
internal_weight=10373.1 97.6569 84.1087 13.5481 10275.5 8710.13 7887.02 1565.35 847.425 717.927 67.1851
internal_count=142118 7280 6160 1120 134838 120863 53381 13975 5590 8385 1118
is_linear=0
shrinkage=0.05


Tree=165
num_leaves=14
num_cat=0
split_feature=0 0 1 1 0 1 1 1 1 0 0 0 0
split_gain=0.0642976 5.0603 1.3058 0.0428445 0.674282 0.289081 0.00327543 0.00118515 0.04484 0.00427387 7.50721e-07 3.41366e-07 5.99435e-08
threshold=0.99751028418540966 0.99995276331901561 0.14925328642129901 0.51091969013214122 0.71556219458580028 0.34157374501228338 0.61620560288429271 0.023054582998156551 0.021110345609486107 0.65557706356048595 0.99999514222145092 0.99995616078376781 0.99999365210533153
decision_type=2 2 2 2 2 2 2 2 2 2 2 2 2
left_child=3 2 -2 4 7 -6 -5 8 -1 -9 11 -3 -13
right_child=1 10 -4 6 5 -7 -8 9 -10 -11 -12 12 -14
leaf_value=-0.00040030239174817768 -0.025834229150030898 -0.0506831860117576 -0.0009204570212819254 0.00019739893809902405 -0.0009204570212819254 -0.00040030239174817768 0.00034454975758369091 0.0001198522377855701 3.0007662156601186e-05 3.0007662156601186e-05 -0.050836712160009581 -0.050745325065208825 -0.050769420358470409
leaf_weight=31.933569822460413 2.3931710275210198 0.2213000509836992 38.232136550548603 845.70306637277827 389.7196150917589 312.99802123242989 684.04685158887878 7797.1503211986274 59.83814650028944 206.28213360719383 0.22785625390315534 4.3882420469981298 0.2742492125253192
leaf_count=687 24116 563 11729 4289 26110 3112 4201 52650 1217 1779 511 10627 527
internal_value=1.06868e-05 -0.00185988 -0.000920457 1.89708e-05 -2.34948e-05 -0.000920457 0.000263199 0.000119852 -5.98369e-05 0.000119852 -0.050748 -0.0507439 -0.0507467
internal_weight=10373.4 45.737 40.6253 10327.7 8797.92 702.718 1529.75 8095.2 91.7717 8003.43 5.11165 4.88379 4.66249
internal_count=142118 48073 35845 94045 85555 29222 8490 56333 1904 54429 12228 11717 11154
is_linear=0
shrinkage=0.05


Tree=166
num_leaves=14
num_cat=0
split_feature=0 0 1 1 0 1 1 1 1 0 0 0 0
split_gain=0.0408909 4.85051 1.28333 0.0397247 0.56785 0.124179 0.00295521 0.000992721 0.035785 0.00386316 6.44449e-07 2.93017e-07 5.12626e-08
threshold=0.99751028418540966 0.99995276331901561 0.14925328642129901 0.51091969013214122 0.71556219458580028 0.34157374501228338 0.61620560288429271 0.023054582998156551 0.021110345609486107 0.65557706356048595 0.99999514222145092 0.99995616078376781 0.99999365210533153
decision_type=2 2 2 2 2 2 2 2 2 2 2 2 2
left_child=3 2 -2 4 7 -6 -5 8 -1 -9 11 -3 -13
right_child=1 10 -4 6 5 -7 -8 9 -10 -11 -12 12 -14
leaf_value=-0.00031254394306908488 -0.025724269015352144 -0.050649903004310694 -0.00073708419938561061 0.00018752052804106315 -0.00073708419938561061 -0.00031254394306908488 0.0003272878360182312 0.00011199631324744079 2.9069903242857237e-05 2.9069903242857237e-05 -0.050795693683958212 -0.050708914556602008 -0.050731752747813108
leaf_weight=31.922155031934381 2.3321556307419078 0.21064196085899212 38.200113433253136 845.74072628375143 389.41697382848361 312.92165780300274 684.11846965830773 7797.6065883226693 59.839741214178503 206.28537418693304 0.21691417955844361 4.1771464058892889 0.26106273355435394
leaf_count=687 24116 563 11729 4289 26110 3112 4201 52650 1217 1779 511 10627 527
internal_value=8.28074e-06 -0.00148903 -0.000737084 1.48625e-05 -2.60287e-05 -0.000737084 0.000250021 0.000111996 -5.38565e-05 0.000111996 -0.0507115 -0.0507075 -0.0507103
internal_weight=10373.2 45.398 40.5323 10327.9 8797.99 702.339 1529.86 8095.65 91.7619 8003.89 4.86577 4.64885 4.43821
internal_count=142118 48073 35845 94045 85555 29222 8490 56333 1904 54429 12228 11717 11154
is_linear=0
shrinkage=0.05


Tree=167
num_leaves=15
num_cat=0
split_feature=1 0 1 0 1 0 1 0 1 0 0 0 1 1
split_gain=0.0380237 4.29618 5.41131 2.37401 1.03988 0.541875 0.112653 0.101686 0.0439983 0.194981 0.0305137 0.0301788 0.0300894 0.0103016
threshold=0.30859386920928961 0.78302362561225902 0.1469438895583153 0.96710905432701122 0.053500233218073852 0.99676966667175304 0.13339161872863772 0.55109152197837841 0.03113807458430529 0.97605890035629284 0.71556219458580028 0.97035363316535961 0.02634304761886597 0.518865466117859
decision_type=2 2 2 2 2 2 2 2 2 2 2 2 2 2
left_child=1 7 3 4 12 6 8 -1 9 -5 -9 -10 -3 -2
right_child=13 2 -4 5 -6 -7 -8 10 11 -11 -12 -13 -14 -15
leaf_value=1.3440369726904611e-05 6.0342269122225887e-05 -0.021265969942644056 -0.0031778959011879329 -0.030788257243613837 -0.0092883429059315414 -0.050008118219076358 -0.021265969942644056 -0.00097265217119629592 -0.025008334820571954 -0.038647901965087217 -0.0021424787851850612 -0.02867912671227368 -0.018811072411498278 0.00021941793275948441
leaf_weight=5015.2554536927491 3294.5389173626609 7.3486717587802586 156.26714734904817 0.96162511990406629 60.202985209878534 3.088464041999031 1.1312517670448858 254.39127470832318 1.5778422146104265 2.1612210439197952 71.385321876965463 11.627741164003963 20.546327183488756 1472.6705858841306
leaf_count=40930 20124 1241 11518 295 3282 34001 331 3218 221 2818 1383 6721 2619 13416
internal_value=5.67468e-06 -8.26027e-05 -0.00636923 -0.0153988 -0.0118293 -0.0307027 -0.0272877 1.34404e-05 -0.0287507 -0.034088 -0.00122899 -0.0274885 -0.019946 0.000109483
internal_weight=10373.2 5605.95 264.913 108.646 88.098 20.5481 17.4597 5341.03 16.3284 3.12285 325.777 13.2056 27.895 4767.21
internal_count=142118 108578 63047 51529 7142 44387 10386 45531 10055 3113 4601 6942 3860 33540
is_linear=0
shrinkage=0.05


Tree=168
num_leaves=14
num_cat=0
split_feature=1 0 1 0 1 0 0 0 1 1 1 1 1
split_gain=0.027596 3.81104 2.83786 1.78113 1.85455 0.424126 0.277411 0.272209 0.245472 0.00929603 0.00746959 0.000182543 9.19289e-05
threshold=0.30859386920928961 0.97035363316535961 0.13339161872863772 0.71556219458580028 0.087749313563108458 0.99676966667175304 0.99884316325187694 0.90756326913833629 0.16962133347988131 0.518865466117859 0.03113807458430529 0.61620560288429271 0.51091969013214122
decision_type=2 2 2 2 2 2 2 2 2 2 2 2 2
left_child=1 3 5 -1 -5 10 -4 -6 -9 12 -3 -11 -2
right_child=9 2 6 4 7 -7 -8 8 -10 11 -12 -13 -14
leaf_value=2.2178112266444462e-05 5.5901234015933854e-05 -0.031014950069837333 -0.0083381107620120135 -0.0083381107620120135 -0.001905167460942324 -0.050007413260230782 -0.020254016406883731 -0.0051216391114771685 -0.003513403286209746 0.00019126080423402449 -0.028053000553854832 0.00022647756182188249 0.0001063385477985227
leaf_weight=5269.5186244547367 3201.6329499395943 2.6224645318579887 15.855178320693087 63.60448365425691 170.94616721756756 2.7781584526801444 1.655677583265059 22.45832412224263 42.825400158762932 754.60236322824494 11.30128518148558 718.15842500209692 92.964876155223465
leaf_count=44148 19565 3011 3920 6502 2478 32957 6414 1302 1125 5031 6721 8385 559
internal_value=1.55803e-05 -5.96497e-05 -0.0166984 2.21781e-05 -0.00383251 -0.0321699 -0.00833811 -0.00190517 -0.00512164 0.000104006 -0.0286109 0.000208433 5.73244e-05
internal_weight=10370.9 5603.57 34.2128 5569.35 299.834 16.7019 17.5109 236.23 65.2837 4767.36 13.9237 1472.76 3294.6
internal_count=142118 108578 53023 55555 11407 42689 10334 4905 2427 33540 9732 13416 20124
is_linear=0
shrinkage=0.05


Tree=169
num_leaves=11
num_cat=0
split_feature=1 1 0 0 0 1 0 0 1 1
split_gain=0.0223974 1.78721 1.08317 0.107769 0.0310172 0.0214278 0.251718 0.000919618 0.000328972 0.000164683
threshold=0.023054582998156551 0.020419704727828506 0.26392500102519995 0.030839932151138786 0.030839932151138786 0.51091969013214122 0.67754125595092785 0.65557706356048595 0.518865466117859 0.61620560288429271
decision_type=2 2 2 2 2 2 2 2 2 2
left_child=1 3 -3 -1 -2 6 7 -6 -7 -10
right_child=4 2 -4 -5 5 8 -8 -9 9 -11
leaf_value=-0.014081730757004633 0.0011961345415358337 -0.0003530541769935021 -0.0095410338047542051 -0.023096667106807779 9.1736983782002873e-05 0.00010102103365771777 -0.0003530541769935021 -0.00012091098996732824 0.0001816890731331549 0.00021513769429299252
leaf_weight=6.4309027418494207 56.563505187630653 72.358133278787136 11.427050933069038 6.8426265287453134 7741.541791209951 92.966955271840561 818.15118757646633 90.30063408985734 754.63539480281179 718.2123557823943
leaf_count=122 901 1323 4837 998 51749 559 67482 731 5031 8385
internal_value=2.13637e-05 -0.000734615 -0.000353054 -0.018729 2.85066e-05 2.20416e-05 -8.76792e-06 9.1737e-05 0.000192242 0.000198
internal_weight=10369.4 97.0587 83.7852 13.2735 10272.4 10215.8 8649.99 7831.84 1565.81 1472.85
internal_count=142118 7280 6160 1120 134838 133937 119962 52480 13975 13416
is_linear=0
shrinkage=0.05


Tree=170
num_leaves=15
num_cat=0
split_feature=1 0 1 0 1 0 0 0 0 1 1 1 0 1
split_gain=0.0200463 3.4243 2.73695 1.61282 2.45105 0.429223 0.258959 0.0814584 0.0199142 0.0074198 0.00707982 0.000148568 7.76773e-05 7.03469e-05
threshold=0.30859386920928961 0.97035363316535961 0.13339161872863772 0.78302362561225902 0.16962133347988131 0.99676966667175304 0.99884316325187694 0.55109152197837841 0.71556219458580028 0.518865466117859 0.03113807458430529 0.61620560288429271 0.58589693903923046 0.51091969013214122
decision_type=2 2 2 2 2 2 2 2 2 2 2 2 2 2
left_child=1 3 5 7 -5 10 -4 -1 12 13 -3 -11 -9 -2
right_child=9 2 6 4 -6 -7 -8 8 -10 11 -12 -13 -14 -15
leaf_value=2.5052617417691666e-05 5.1847208686108386e-05 -0.030347003692403486 -0.0079801325356020063 -0.0079801325356020063 -0.002080317294085211 -0.050007048655194564 -0.019772610155741104 -0.00087642915952289692 -0.0018673739648568052 0.00017259603291751001 -0.027415165001211095 0.00020436505914744147 -0.00093783201384293438 9.5967589184511236e-05
leaf_weight=5015.4324940536171 3201.651318217584 2.5340395588864366 15.720811897073874 105.17455866979435 122.45009833574295 2.6397144112706874 1.6219478385028185 71.76869242452085 71.04870471265167 754.66677507039276 10.98691207700176 718.26358261946007 182.42870543058962 92.968929879600182
leaf_count=40930 19565 3011 3920 7965 2059 32957 6414 711 1383 5031 6721 8385 2507 559
internal_value=1.94412e-05 -4.46938e-05 -0.0159853 2.50526e-05 -0.00418569 -0.0315651 -0.00798013 2.50526e-05 -0.00112734 9.4799e-05 -0.0279646 0.000188088 -0.000920496 5.30922e-05
internal_weight=10369.4 5601.81 33.5034 5568.3 227.625 16.1607 17.3428 5340.68 325.246 4767.55 13.521 1472.93 254.197 3294.62
internal_count=142118 108578 53023 55555 10024 42689 10334 45531 4601 33540 9732 13416 3218 20124
is_linear=0
shrinkage=0.05


Tree=171
num_leaves=15
num_cat=0
split_feature=1 0 1 0 1 0 1 0 1 1 0 1 0 1
split_gain=0.0158612 0.433762 5.33204 1.08452 0.594701 0.431771 0.349428 0.294522 0.238015 0.0447647 0.309312 0.040317 0.00598689 0.000267862
threshold=0.51091969013214122 0.71556219458580028 0.087749313563108458 0.97035363316535961 0.02634304761886597 0.99676966667175304 0.1669825688004494 0.78302362561225902 0.053500233218073852 0.03113807458430529 0.97605890035629284 0.11168438941240312 0.85655853152275097 0.518865466117859
decision_type=2 2 2 2 2 2 2 2 2 2 2 2 2 2
left_child=1 -1 3 4 12 9 11 -6 -9 10 -5 -4 -3 -2
right_child=13 2 6 5 7 -7 -8 8 -10 -11 -12 -13 -14 -15
leaf_value=8.7126897484449963e-05 9.1167115419380613e-05 -0.014642353685190118 -0.0067311969072198627 -0.025823566718644171 -0.0073314832795972514 -0.050005629699284307 -0.00055124412303496036 -0.014642353685190118 -0.0097020261146497245 -0.021908533229019797 -0.036965377867294202 -0.0041143890246690814 -0.019892448043402157 0.00017867403172370036
leaf_weight=8096.1450472343713 92.970806797151454 4.0873407400213164 20.202080079758161 0.50886721350252484 10.431864177808164 1.9033623592931679 557.0215400546731 20.510245575103909 22.30703895771876 7.0874822186597157 1.9496567657188277 54.234373032461008 5.2685161200352013 1473.0088214318966
leaf_count=56333 559 409 4874 193 531 27727 17098 2763 1722 5174 2818 7424 1077 13416
internal_value=2.6861e-05 7.7497e-07 -0.00118962 -0.0141117 -0.0115241 -0.0282608 -0.000551244 -0.00939226 -0.0120726 -0.0239251 -0.0297386 -0.00482459 -0.0198924 0.000173479
internal_weight=10367.6 8801.66 705.512 74.0544 62.605 11.4494 631.458 53.2491 42.8173 9.54601 2.45852 74.4365 9.35586 1565.98
internal_count=142118 128143 71810 42414 6502 35912 29396 5016 4485 8185 3011 12298 1486 13975
is_linear=0
shrinkage=0.05


Tree=172
num_leaves=15
num_cat=0
split_feature=1 0 1 0 1 1 0 0 1 1 0 0 0 1
split_gain=0.0132985 0.192122 4.64845 1.32989 0.790163 0.629242 0.433768 0.307221 0.186168 0.0423655 0.316513 0.0197734 0.00865396 0.00520214
threshold=0.518865466117859 0.61319905519485485 0.087749313563108458 0.97035363316535961 0.052755650132894523 0.1669825688004494 0.99676966667175304 0.7554031014442445 0.027956153266131881 0.03113807458430529 0.97605890035629284 0.87544605135917675 0.81047046184539806 0.47263513505458837
decision_type=2 2 2 2 2 2 2 2 2 2 2 2 2 2
left_child=1 13 3 4 7 -4 9 -3 -9 10 -5 -10 -6 -1
right_child=-2 2 5 6 12 -7 -8 8 11 -11 -12 -13 -14 -15
leaf_value=4.542917695759364e-05 0.00016973202566961622 -0.0098033945898728225 -0.0046828484629987321 -0.025152610816095849 -0.0058064903150507417 -0.00024987693420415295 -0.050005355115920427 -0.018413164815458859 -0.013355400913252005 -0.021283897221461009 -0.036631588727140334 -0.015434656537412656 -0.0089606991023886608 8.863418238739248e-05
leaf_weight=7353.3865398587659 1473.082205403538 16.346380705945194 100.56435693063395 0.49596257903613006 17.526146646589041 979.73602064417355 1.8105439657701925 9.6677774628624338 8.7040659664198774 6.9346570316120051 1.8790680047823114 11.466905521228908 20.354436848778278 364.49566943943501
leaf_count=51741 13416 938 12706 193 609 19404 27727 1623 724 5174 2818 1890 1665 1490
internal_value=3.05845e-05 7.53634e-06 -0.000588388 -0.0113631 -0.0092136 -0.000249877 -0.0276127 -0.0138003 -0.0169074 -0.0232578 -0.0290213 -0.0133554 -0.00580649 8.86342e-05
internal_weight=10366.5 8893.37 1175.49 95.1859 84.0657 1080.3 11.1202 46.1851 29.8387 9.30969 2.37503 20.171 37.8806 7717.88
internal_count=142118 128702 75471 43361 7449 32110 35912 5175 4237 8185 3011 2614 2274 53231
is_linear=0
shrinkage=0.05


Tree=173
num_leaves=15
num_cat=0
split_feature=1 0 1 0 1 0 1 0 1 1 1 0 1 0
split_gain=0.0106255 0.290764 4.49624 0.985175 0.567919 0.435245 0.280373 0.263629 0.215969 0.159103 0.039886 0.323658 0.0371474 0.00103311
threshold=0.51091969013214122 0.71556219458580028 0.087749313563108458 0.97035363316535961 0.02634304761886597 0.99676966667175304 0.34157374501228338 0.78302362561225902 0.053500233218073852 0.1669825688004494 0.03113807458430529 0.97605890035629284 0.11168438941240312 0.85655853152275097
decision_type=2 2 2 2 2 2 2 2 2 2 2 2 2 2
left_child=1 -1 3 4 13 10 9 -6 -9 12 11 -5 -4 -3
right_child=-2 2 6 5 7 -7 -8 8 -10 -11 -12 -13 -14 -15
leaf_value=8.6288197027411921e-05 0.00015696439775732946 -0.013625334470632966 -0.0062308256880400587 -0.024476069416965996 -0.0067399838129982839 -0.0500050940967725 -0.00043749187728358549 -0.013625334470632966 -0.0089491756301035737 -0.0017366579476918087 -0.020663938783095973 -0.036297692036926364 -0.0037062589064310002 -0.018771178702696595
leaf_weight=8096.3570301989093 1566.1215053026972 3.9669518312439305 19.984049942042475 0.48370628920383607 10.275310955010353 1.7222514563345601 315.56827538268408 19.924607294145972 21.913146297913045 241.1474368068375 6.7893299179850146 1.811632462122361 53.796079262778221 5.0725187696516514
leaf_count=56333 13975 409 4874 193 531 27727 5883 2763 1722 11215 5174 2818 7424 1077
internal_value=3.69701e-05 1.5612e-05 -0.000961272 -0.0130425 -0.0105831 -0.0269593 -0.000437492 -0.00847949 -0.0111584 -0.00235829 -0.0225903 -0.0282882 -0.00439006 -0.0187712
internal_weight=10364.9 8798.81 702.455 71.9595 61.1525 10.8069 630.496 52.1131 41.8378 314.928 9.08467 2.29534 73.7801 9.03947
internal_count=142118 128143 71810 42414 6502 35912 29396 5016 4485 23513 8185 3011 12298 1486
is_linear=0
shrinkage=0.05


Tree=174
num_leaves=15
num_cat=0
split_feature=1 0 1 0 1 1 0 0 0 1 1 0 1 0
split_gain=0.00861499 0.110628 3.89459 1.19175 0.731181 0.530205 0.436196 0.125506 0.0877401 0.200428 0.0373408 0.330734 0.00710356 0.00508543
threshold=0.518865466117859 0.61319905519485485 0.087749313563108458 0.97035363316535961 0.04930862411856652 0.1669825688004494 0.99676966667175304 0.72920867800712597 0.76968717575073253 0.029669086448848251 0.03113807458430529 0.97605890035629284 0.47263513505458837 0.92920210957527172
decision_type=2 2 2 2 2 2 2 2 2 2 2 2 2 2
left_child=1 12 3 4 8 -4 10 -6 -3 -10 11 -5 -1 -9
right_child=-2 2 5 6 7 -7 -8 13 9 -11 -12 -13 -14 -15
leaf_value=3.884074055243919e-05 0.00015338311041682067 -0.010365839002249751 -0.004320893936031924 -0.023794382120050972 -0.0053068012994578915 -0.00017087007895654995 -0.050004845594036798 -0.0085084576171496114 -0.017362107508843167 -0.012726069657379475 -0.020049388246372438 -0.035964067507439627 8.8110816843550382e-05 -0.0092852048303567903
leaf_weight=7353.8816251000389 1473.2163297945226 16.035775849595666 99.837099848507933 0.47206905414350187 12.134187446907161 979.20387883381045 1.6382642026401288 21.199858113192025 10.465853557223456 15.02829528832808 6.6511363812023774 1.7471937927766701 364.50507017970085 7.651538034901022
leaf_count=51741 13416 974 12706 193 394 19404 27727 1302 1822 2051 5174 2818 1490 906
internal_value=4.13957e-05 2.28385e-05 -0.000429851 -0.0104427 -0.00842311 -0.00017087 -0.0263011 -0.0053068 -0.0132636 -0.0150863 -0.0219233 -0.0275394 8.81108e-05 -0.00923353
internal_weight=10363.7 8890.45 1172.07 93.0242 82.5155 1079.04 10.5087 40.9856 41.5299 25.4941 8.8704 2.21926 7718.39 28.8514
internal_count=142118 128702 75471 43361 7449 32110 35912 2602 4847 3873 8185 3011 53231 2208
is_linear=0
shrinkage=0.05


Tree=175
num_leaves=15
num_cat=0
split_feature=1 0 1 0 1 1 0 0 1 1 0 0 1 1
split_gain=0.00667448 0.0808389 3.52037 1.13249 0.698715 0.479523 0.436618 0.261512 0.175005 0.0347456 0.33773 0.0145174 0.00775341 0.00277684
threshold=0.518865466117859 0.61319905519485485 0.087749313563108458 0.97035363316535961 0.052755650132894523 0.1669825688004494 0.99676966667175304 0.7554031014442445 0.027956153266131881 0.03113807458430529 0.97605890035629284 0.87544605135917675 0.47263513505458837 0.022805105894804004
decision_type=2 2 2 2 2 2 2 2 2 2 2 2 2 2
left_child=1 12 3 4 7 -4 9 -3 -9 10 -5 -10 13 -1
right_child=-2 2 5 6 -6 -7 -8 8 11 -11 -12 -13 -14 -15
leaf_value=-0.00013408013255004965 0.00014570666810655595 -0.0087533073468207077 -0.0041214487663804545 -0.023107988034344218 -0.0050427830303790173 -0.00013408013255004965 -0.050004609214043129 -0.016813454261782334 -0.012083290736714528 -0.019440951047105481 -0.035631092549663505 -0.013950163033915157 8.8254388386572156e-05 4.0621241700921474e-05
leaf_weight=82.642836042679846 1473.2792783788173 16.005573860369623 99.445276917056617 0.4610230415128157 37.104552978184074 979.11095619852858 1.5583722953397217 9.188469353597613 8.387603544630112 6.5197293907986023 1.6856034260708836 11.00275972438976 364.50960195064545 7271.3847655076534
leaf_count=1661 13416 938 12706 193 2274 19404 27727 1623 724 5174 2818 1890 1490 50080
internal_value=4.71389e-05 3.08021e-05 -0.000356415 -0.00995149 -0.00798794 -0.00013408 -0.025639 -0.0124638 -0.0154133 -0.0212576 -0.026775 -0.0120833 8.82544e-05 3.68982e-05
internal_weight=10362.3 8889.01 1170.47 91.9137 81.689 1078.56 10.2247 44.5844 28.5788 8.66636 2.14663 19.3904 7718.54 7354.03
internal_count=142118 128702 75471 43361 7449 32110 35912 5175 4237 8185 3011 2614 53231 51741
is_linear=0
shrinkage=0.05


Tree=176
num_leaves=15
num_cat=0
split_feature=1 0 1 1 0 0 0 1 0 1 0 1 1 1
split_gain=0.00512676 0.0581129 3.2045 0.962582 1.09532 0.573076 0.254391 0.137549 0.42684 0.00829327 0.0067172 0.00230221 0.00606243 0.000133863
threshold=0.518865466117859 0.61319905519485485 0.052755650132894523 0.1669825688004494 0.78302362561225902 0.99676966667175304 0.74220162630081188 0.027956153266131881 0.94597047567367565 0.47263513505458837 0.78302362561225902 0.022805105894804004 0.021110345609486107 0.61620560288429271
decision_type=2 2 2 2 2 2 2 2 2 2 2 2 2 2
left_child=1 9 5 4 -4 6 -3 8 -8 11 -9 12 -1 -2
right_child=13 2 3 -5 -6 -7 7 10 -10 -11 -12 -13 -14 -15
leaf_value=-0.00010167140947123727 0.00012371234481329968 -0.0064553405410891279 -0.0022423539797573264 -0.00010167140947123727 -0.0064278974511890619 -0.050003973347262864 -0.015525856332434113 -0.010388097913709236 -0.030996764625999169 8.8064343054612809e-05 -0.012455344000711934 3.8589046918760367e-05 -3.1541181276238454e-05 0.00015386397776016338
leaf_weight=31.18015004042536 754.83538446773309 14.610301499255 56.452634083107114 979.0380467500363 83.245359704436851 1.0117649632247765 7.8464268869720382 2.4253637548536089 3.2970285015908303 364.51413682103157 21.114223138953093 7271.5344430375844 51.45283012278378 718.50368615827756
leaf_count=647 5031 841 1219 19404 23477 20263 1186 164 2836 1490 6081 50080 1014 8385
internal_value=5.20324e-05 3.77123e-05 -0.000290812 -0.000101671 -0.00438304 -0.0127541 -0.0119896 -0.0143209 -0.0188973 8.74693e-05 -0.0121544 3.49643e-05 -0.000101671 0.000138416
internal_weight=10361.1 8887.72 1169.04 1118.74 139.698 50.3051 49.2933 34.683 11.1435 7718.68 23.5396 7354.17 82.633 1473.34
internal_count=142118 128702 75471 44100 24696 31371 11108 10267 4022 53231 6245 51741 1661 13416
is_linear=0
shrinkage=0.05


Tree=177
num_leaves=15
num_cat=0
split_feature=1 0 1 0 1 0 1 0 0 1 1 0 1 0
split_gain=0.00387648 0.0405653 2.94098 1.04508 0.620667 0.434077 0.375183 0.100178 0.0689019 0.189441 0.0284733 0.349504 0.00876007 0.00248859
threshold=0.518865466117859 0.61319905519485485 0.087749313563108458 0.97035363316535961 0.04930862411856652 0.99676966667175304 0.1669825688004494 0.72920867800712597 0.76968717575073253 0.029669086448848251 0.03113807458430529 0.97605890035629284 0.47263513505458837 0.92920210957527172
decision_type=2 2 2 2 2 2 2 2 2 2 2 2 2 2
left_child=1 12 3 4 8 10 -4 -6 -3 -10 11 -5 -1 -9
right_child=-2 2 6 5 7 -7 -8 13 9 -11 -12 -13 -14 -15
leaf_value=3.3088357382250833e-05 0.00013148973189184069 -0.0092705178023795836 -0.00371308735532815 -0.021950297135088604 -0.0045983603573243673 -0.050004255401446832 -7.2629332400827185e-05 -0.0076577930366758321 -0.015896176003827728 -0.011396488315472582 -0.018544011768786749 -0.035098802018028639 8.7706159126881624e-05 -0.008231024316073636
leaf_weight=7354.305359005928 1473.3970227292448 15.622576526366172 98.64366826677724 0.43857511959504192 11.983662813901899 1.4300206414554839 978.98275977094454 20.791893584653739 9.9497101937886345 14.473199930973349 6.3351560367736965 1.585119075127295 364.51866693794727 7.4881614716723552
leaf_count=51741 13416 974 12706 193 394 27727 19404 1302 1822 2051 5174 2818 1490 906
internal_value=5.63764e-05 4.39226e-05 -0.000230732 -0.00912409 -0.00724404 -0.0245483 -7.26293e-05 -0.00459836 -0.0118637 -0.0135225 -0.0201933 -0.0253566 8.5473e-05 -0.00823102
internal_weight=10359.9 8886.55 1167.72 90.0981 80.3092 9.78887 1077.63 40.2637 40.0455 24.4229 8.35885 2.02369 7718.82 28.2801
internal_count=142118 128702 75471 43361 7449 35912 32110 2602 4847 3873 8185 3011 53231 2208
is_linear=0
shrinkage=0.05


Tree=178
num_leaves=15
num_cat=0
split_feature=1 0 1 1 0 0 0 1 0 1 0 0 1 1
split_gain=0.00280593 0.0260466 2.68167 0.772633 1.01112 0.545942 0.226188 0.123991 0.421433 0.00925177 0.00588315 0.00563521 0.00140094 0.00201748
threshold=0.518865466117859 0.61319905519485485 0.052755650132894523 0.1669825688004494 0.78302362561225902 0.99676966667175304 0.74220162630081188 0.027956153266131881 0.94597047567367565 0.47263513505458837 0.78302362561225902 0.97605890035629284 0.022805105894804004 0.021110345609486107
decision_type=2 2 2 2 2 2 2 2 2 2 2 2 2 2
left_child=1 9 5 4 -4 6 -3 8 -8 12 -9 -10 13 -1
right_child=-2 2 3 -5 -6 -7 7 10 11 -11 -12 -13 -14 -15
leaf_value=-4.3063140606320231e-05 0.00012491121074833297 -0.005898715169387495 -0.0019878522619167171 -4.3063140606320231e-05 -0.005898715169387495 -0.050003595328666821 -0.014448391674983928 -0.0095831405426200136 -0.025308691380157362 8.7661058118831904e-05 -0.011482853116941014 -0.030514994053527918 3.5003880299157811e-05 -4.0296301535812102e-06
leaf_weight=31.178241267800331 1473.4509586524218 14.396072616800664 56.131291313096881 978.94326591375284 82.2905512426114 0.91548911101381136 7.6146946833468956 2.3777184067294028 2.0115061093820263 364.52317294478416 20.589962946629385 1.1116692869691176 7271.7986865434796 51.452900217846036
leaf_count=647 13416 841 1219 19404 23477 20263 1186 164 644 1490 6081 2192 50080 1014
internal_value=6.1008e-05 5.04109e-05 -0.000169815 -4.30631e-05 -0.00393264 -0.0117544 -0.0110264 -0.0132676 -0.0177028 8.36884e-05 -0.011194 -0.030515 3.14336e-05 -4.30631e-05
internal_weight=10358.8 8885.34 1166.38 1117.37 138.422 49.0171 48.1016 33.7056 10.7379 7718.95 22.9677 3.12318 7354.43 82.6311
internal_count=142118 128702 75471 44100 24696 31371 11108 10267 4022 53231 6245 2836 51741 1661
is_linear=0
shrinkage=0.05


Tree=179
num_leaves=15
num_cat=0
split_feature=1 0 1 1 0 0 0 1 0 0 1 0 1 1
split_gain=0.00200616 0.0161291 2.45944 0.694703 0.965979 0.531501 0.210367 0.116423 0.417391 0.0109421 0.00962209 0.00556127 0.000942859 0.000247771
threshold=0.518865466117859 0.61319905519485485 0.052755650132894523 0.1669825688004494 0.78302362561225902 0.99676966667175304 0.74220162630081188 0.027956153266131881 0.94597047567367565 0.97605890035629284 0.47263513505458837 0.78302362561225902 0.022805105894804004 0.021110345609486107
decision_type=2 2 2 2 2 2 2 2 2 2 2 2 2 2
left_child=1 10 5 4 -4 6 -3 8 -8 -10 12 -9 13 -1
right_child=-2 2 3 -5 -6 -7 7 11 9 -11 -12 -13 -14 -15
leaf_value=-1.794458917336093e-05 0.00011866031836419256 -0.0056561282558405153 -0.0018752871646624755 -1.794458917336093e-05 -0.0056561282558405153 -0.050003419885377202 -0.013930202024799332 -0.0092118225477091729 -0.024671632050842333 -0.03029458847738898 8.7163320093036406e-05 -0.01103628915289436 3.3253199351763844e-05 7.6543050892014573e-06
leaf_weight=31.177043342031538 1473.5022098460176 14.314477146603165 56.032637011259794 978.91984909793973 81.829150357458275 0.87084315857828087 7.5070441660936904 2.3557051252573755 1.9615600812248888 1.0783164916356325 364.52767436206341 20.357988312491216 7271.9276317879558 51.452714903280139
leaf_count=647 13416 841 1219 19404 23477 20263 1186 164 644 2192 1490 6081 50080 1014
internal_value=6.46278e-05 5.56663e-05 -0.00011773 -1.79446e-05 -0.00373263 -0.0112943 -0.0105858 -0.0127675 -0.0171087 -0.0302946 8.18413e-05 -0.0107517 2.97132e-05 -1.79446e-05
internal_weight=10357.8 8884.31 1165.23 1116.78 137.862 48.4459 47.5751 33.2606 10.5469 3.03988 7719.09 22.7137 7354.56 82.6298
internal_count=142118 128702 75471 44100 24696 31371 11108 10267 4022 2836 53231 6245 51741 1661
is_linear=0
shrinkage=0.05


Tree=180
num_leaves=15
num_cat=0
split_feature=1 0 1 1 0 0 0 1 0 0 1 0 1 1
split_gain=0.00137736 0.00899605 2.2538 0.623655 0.922549 0.51699 0.19541 0.109073 0.412842 0.016259 0.0099547 0.00525648 0.000481114 0.000120732
threshold=0.518865466117859 0.61319905519485485 0.052755650132894523 0.1669825688004494 0.78302362561225902 0.99676966667175304 0.74220162630081188 0.027956153266131881 0.94597047567367565 0.97605890035629284 0.47263513505458837 0.78302362561225902 0.022805105894804004 0.61620560288429271
decision_type=2 2 2 2 2 2 2 2 2 2 2 2 2 2
left_child=1 10 5 4 -4 6 -3 8 -8 -10 12 -9 -1 -2
right_child=13 2 3 -5 -6 -7 7 11 9 -11 -12 -13 -14 -15
leaf_value=5.515484569118307e-06 9.8760949841313807e-05 -0.0054203521968809835 -0.0017676581251503877 5.515484569118307e-06 -0.0054203521968809835 -0.050003253040134601 -0.013422120672625371 -0.0088497240117078168 -0.024035097240390577 -0.030080206205731454 8.6626565273237527e-05 -0.010602315855025845 3.1589579756283947e-05 0.00012739347630618666
leaf_weight=82.629608649760485 754.92137278293376 14.236655439250169 55.93970743380487 978.91008657048951 81.389038140920093 0.8283743293122815 7.4046746811363828 2.334731129929426 1.9140576858771967 1.0461928719596469 364.53214789927006 20.137465826206608 7272.0501658823341 718.62950892050867
leaf_count=1661 5031 841 1219 19404 23477 20263 1186 164 644 2192 1490 6081 50080 8385
internal_value=6.79548e-05 6.05285e-05 -6.90375e-05 5.51548e-06 -0.00354083 -0.0108462 -0.0101572 -0.0122791 -0.0165222 -0.0300802 8.00685e-05 -0.010322 2.80694e-05 0.000112725
internal_weight=10356.9 8883.35 1164.14 1116.24 137.329 47.9022 47.0738 32.8371 10.3649 2.96025 7719.21 22.4722 7354.68 1473.55
internal_count=142118 128702 75471 44100 24696 31371 11108 10267 4022 2836 53231 6245 51741 13416
is_linear=0
shrinkage=0.05


Tree=181
num_leaves=15
num_cat=0
split_feature=1 0 1 1 0 0 0 1 0 0 1 0 1 1
split_gain=0.000894454 0.00420231 2.06367 0.558959 0.880801 0.502448 0.181294 0.101956 0.407804 0.0215713 0.0102477 0.00496828 0.000108949 1.74949e-05
threshold=0.518865466117859 0.61319905519485485 0.052755650132894523 0.1669825688004494 0.78302362561225902 0.99676966667175304 0.74220162630081188 0.027956153266131881 0.94597047567367565 0.97605890035629284 0.47263513505458837 0.78302362561225902 0.61620560288429271 0.022805105894804004
decision_type=2 2 2 2 2 2 2 2 2 2 2 2 2 2
left_child=1 10 5 4 -4 6 -3 8 -8 -10 13 -9 -2 -1
right_child=12 2 3 -5 -6 -7 7 11 9 -11 -12 -13 -14 -15
leaf_value=2.7397809910850871e-05 9.3819440487881553e-05 -0.0051913905359230461 -0.0016648252009632564 2.7397809910850871e-05 -0.0051913905359230461 -0.050003094428981168 -0.012924405756349089 -0.0084969369112264468 -0.023399884587824785 -0.029871866026315225 8.6053141984133853e-05 -0.01018094834596639 0.00012101846843080157 3.0009681114222244e-05
leaf_weight=82.630014602093979 754.93837537613581 14.162459517829118 55.852233253419399 978.91309046072274 80.969387480681689 0.78797647540977678 7.307340861996634 2.3147522294893887 1.8688804756384345 1.0152419450896557 364.53659577667713 19.927835142123513 718.65981118078344 7272.1665881238878
leaf_count=1661 5031 841 1219 19404 23477 20263 1186 164 644 2192 1490 6081 8385 50080
internal_value=7.10073e-05 6.50221e-05 -2.35762e-05 2.73978e-05 -0.00335705 -0.0104102 -0.00974064 -0.0118025 -0.0159439 -0.0298719 7.83718e-05 -0.0099049 0.000107084 2.73978e-05
internal_weight=10356.1 8882.45 1163.12 1115.73 136.822 47.3845 46.5965 32.4341 10.1915 2.88412 7719.33 22.2426 1473.6 7354.8
internal_count=142118 128702 75471 44100 24696 31371 11108 10267 4022 2836 53231 6245 13416 51741
is_linear=0
shrinkage=0.05


Tree=182
num_leaves=14
num_cat=0
split_feature=1 0 1 1 0 0 0 1 0 0 1 0 1
split_gain=0.000536244 0.00135602 1.88806 0.500115 0.840698 0.487911 0.167993 0.0950867 0.4023 0.0268642 0.00898724 0.00469609 9.83093e-05
threshold=0.518865466117859 0.61319905519485485 0.052755650132894523 0.1669825688004494 0.78302362561225902 0.99676966667175304 0.74220162630081188 0.027956153266131881 0.94597047567367565 0.97605890035629284 0.47263513505458837 0.78302362561225902 0.61620560288429271
decision_type=2 2 2 2 2 2 2 2 2 2 2 2 2
left_child=1 10 5 4 -4 6 -3 8 -8 -10 -1 -9 -2
right_child=12 2 3 -5 -6 -7 7 11 9 -11 -12 -13 -14
leaf_value=4.7773432636436989e-05 8.9126799508984096e-05 -0.0049692349327778128 -0.0015666510514977226 4.7773432636436989e-05 -0.0049692349327778128 -0.050002944222073159 -0.012437284837900381 -0.0081535293720328226 -0.022766790535552358 -0.029669571527699147 8.5443155767449749e-05 -0.0097721688968642993 0.00011496323550777908
leaf_weight=7354.9092058967799 754.95453691642615 14.091746653430162 55.769956329837441 978.92798516432231 80.56939492147103 0.74954860674370039 7.2148085867520404 2.2957257926464107 1.8259156723506751 0.98541020469565399 364.54101130366325 19.728563426295295 718.68858956953045
leaf_count=51741 5031 841 1219 19404 23477 20263 1186 164 644 2192 1490 6081 8385
internal_value=7.37939e-05 6.91592e-05 1.88072e-05 4.77734e-05 -0.00318108 -0.00998624 -0.0093362 -0.0113378 -0.0153743 -0.0296696 7.67397e-05 -0.00950032 0.000101727
internal_weight=10355.3 8881.61 1162.16 1115.27 136.339 46.8917 46.1422 32.0504 10.0261 2.81133 7719.45 22.0243 1473.64
internal_count=142118 128702 75471 44100 24696 31371 11108 10267 4022 2836 53231 6245 13416
is_linear=0
shrinkage=0.05


Tree=183
num_leaves=6
num_cat=0
split_feature=1 0 1 1 1
split_gain=0.00034793 0.0514365 4.34879e-05 6.82451e-06 1.62028
threshold=0.61620560288429271 0.85655853152275097 0.518865466117859 0.023054582998156551 0.020419704727828506
decision_type=2 2 2 2 2
left_child=2 -2 3 4 -1
right_child=1 -3 -4 -5 -6
leaf_value=-0.017670100670718725 0.00065697251931778422 9.117894497714604e-05 8.4668127957462385e-05 7.2312791282284116e-05 6.5595619489928036e-05
leaf_weight=12.877552537639529 402.42372693121433 316.29220108993468 754.96989618122461 8785.3314463721035 82.682708049961548
leaf_count=1120 1684 6701 5031 121422 6160
internal_value=7.56507e-05 0.00010921 7.31476e-05 7.21682e-05 5.88784e-05
internal_weight=10354.6 718.716 9635.86 8880.89 95.5603
internal_count=142118 8385 133733 128702 7280
is_linear=0
shrinkage=0.05


Tree=184
num_leaves=6
num_cat=0
split_feature=1 0 0 0 1
split_gain=0.000109031 0.000113683 0.178206 2.20974 1.03158e-05
threshold=0.518865466117859 0.61319905519485485 0.98590847849845897 0.99943006038665783 0.61620560288429271
decision_type=2 2 2 2 2
left_child=1 -1 -3 -4 -2
right_child=4 2 3 -5 -6
leaf_value=7.2024538860661279e-05 8.043364010164921e-05 6.3634820356298918e-05 -0.002092758775990548 -0.050010316313121972 8.8802544690707558e-05
leaf_weight=7719.7185195051115 754.98447983252117 1137.3388836239465 21.502095071267835 2.4544927223378172 718.77699116867734
leaf_count=53231 5031 21032 23168 31271 8385
internal_value=7.19205e-05 6.98304e-05 5.52451e-05 -0.00424915 8.45153e-05
internal_weight=10354.8 8881.01 1161.3 23.9566 1473.76
internal_count=142118 128702 75471 54439 13416
is_linear=0
shrinkage=0.05


Tree=185
num_leaves=3
num_cat=0
split_feature=1 1
split_gain=8.63419e-05 9.3094e-06
threshold=0.518865466117859 0.61620560288429271
decision_type=2 2
left_child=-1 -2
right_child=1 -3
leaf_value=6.7219387271213885e-05 7.640973521521238e-05 8.4359843691599219e-05
leaf_weight=8881.1680845090268 754.99831862008432 718.79809361047228
leaf_count=128702 5031 8385
internal_value=6.90793e-05 8.02872e-05
internal_weight=10355 1473.8
internal_count=142118 13416
is_linear=0
shrinkage=0.05


Tree=186
num_leaves=3
num_cat=0
split_feature=1 1
split_gain=7.79468e-05 8.39714e-06
threshold=0.518865466117859 0.61620560288429271
decision_type=2 2
left_child=-1 -2
right_child=1 -3
leaf_value=6.3855837258195897e-05 7.2589397734384672e-05 8.0139851896787772e-05
leaf_weight=8881.4722210522687 755.01147750276141 718.81814355740789
leaf_count=128702 5031 8385
internal_value=6.5623e-05 7.62719e-05
internal_weight=10355.3 1473.83
internal_count=142118 13416
is_linear=0
shrinkage=0.05


Tree=187
num_leaves=3
num_cat=0
split_feature=1 1
split_gain=7.0353e-05 7.57948e-06
threshold=0.518865466117859 0.61620560288429271
decision_type=2 2
left_child=-1 -2
right_child=1 -3
leaf_value=6.066060541131779e-05 6.8957627301084664e-05 7.6130983511322776e-05
leaf_weight=8881.7610721777637 755.0239754554641 718.83719012967777
leaf_count=128702 5031 8385
internal_value=6.23394e-05 7.24562e-05
internal_weight=10355.6 1473.86
internal_count=142118 13416
is_linear=0
shrinkage=0.05


Tree=188
num_leaves=3
num_cat=0
split_feature=1 1
split_gain=6.34984e-05 6.83933e-06
threshold=0.518865466117859 0.61620560288429271
decision_type=2 2
left_child=-1 -2
right_child=1 -3
leaf_value=5.7625742448496798e-05 6.5508513282017919e-05 7.2322556985857423e-05
leaf_weight=8882.0355922724884 755.03583596684621 718.85528059169883
leaf_count=128702 5031 8385
internal_value=5.92206e-05 6.88319e-05
internal_weight=10355.9 1473.89
internal_count=142118 13416
is_linear=0
shrinkage=0.05


Tree=189
num_leaves=3
num_cat=0
split_feature=1 1
split_gain=5.7311e-05 6.17055e-06
threshold=0.518865466117859 0.61620560288429271
decision_type=2 2
left_child=-1 -2
right_child=1 -3
leaf_value=5.4743197033510941e-05 6.2232579035239796e-05 6.8704839666991574e-05
leaf_weight=8882.2963564351285 755.04711022711126 718.87246502834023
leaf_count=128702 5031 8385
internal_value=5.62584e-05 6.53893e-05
internal_weight=10356.2 1473.92
internal_count=142118 13416
is_linear=0
shrinkage=0.05


Tree=190
num_leaves=3
num_cat=0
split_feature=1 1
split_gain=5.17256e-05 5.5673e-06
threshold=0.518865466117859 0.61620560288429271
decision_type=2 2
left_child=-1 -2
right_child=1 -3
leaf_value=5.2004057274285302e-05 5.9119555816795639e-05 6.5267247437650268e-05
leaf_weight=8882.544029360397 755.05782831078977 718.88878693259903
leaf_count=128702 5031 8385
internal_value=5.34435e-05 6.2118e-05
internal_weight=10356.5 1473.95
internal_count=142118 13416
is_linear=0
shrinkage=0.05


Tree=191
num_leaves=3
num_cat=0
split_feature=1 1
split_gain=4.66813e-05 5.02573e-06
threshold=0.518865466117859 0.61620560288429271
decision_type=2 2
left_child=-1 -2
right_child=1 -3
leaf_value=4.940289442465466e-05 5.6162079262106957e-05 6.2003060351713382e-05
leaf_weight=8882.7793312267131 755.06799408685765 718.90429307284649
leaf_count=128702 5031 8385
internal_value=5.07703e-05 5.90109e-05
internal_weight=10356.8 1473.97
internal_count=142118 13416
is_linear=0
shrinkage=0.05


Tree=192
num_leaves=3
num_cat=0
split_feature=1 1
split_gain=4.21508e-05 4.53091e-06
threshold=0.518865466117859 0.61620560288429271
decision_type=2 2
left_child=-1 -2
right_child=1 -3
leaf_value=4.693115764524617e-05 5.3356023522142393e-05 5.8901961793454264e-05
leaf_weight=8883.002917566384 755.07766781261307 718.91903109959094
leaf_count=128702 5031 8385
internal_value=4.82305e-05 5.6061e-05
internal_weight=10357 1474
internal_count=142118 13416
is_linear=0
shrinkage=0.05


Tree=193
num_leaves=3
num_cat=0
split_feature=1 1
split_gain=3.8031e-05 4.09048e-06
threshold=0.518865466117859 0.61620560288429271
decision_type=2 2
left_child=-1 -2
right_child=1 -3
leaf_value=4.4583787962976609e-05 5.0685778549731106e-05 5.5955238850034635e-05
leaf_weight=8883.215223418405 755.0868314903928 718.93301988049643
leaf_count=128702 5031 8385
internal_value=4.5818e-05 5.32559e-05
internal_weight=10357.2 1474.02
internal_count=142118 13416
is_linear=0
shrinkage=0.05


Tree=194
num_leaves=3
num_cat=0
split_feature=1 1
split_gain=3.43226e-05 3.69154e-06
threshold=0.518865466117859 0.61620560288429271
decision_type=2 2
left_child=-1 -2
right_child=1 -3
leaf_value=4.2353954619036359e-05 4.8150776345271657e-05 5.3156642620019281e-05
leaf_weight=8883.4169550965598 755.09556324870209 718.94631072459742
leaf_count=128702 5031 8385
internal_value=4.35264e-05 5.05923e-05
internal_weight=10357.5 1474.04
internal_count=142118 13416
is_linear=0
shrinkage=0.05


Tree=195
num_leaves=3
num_cat=0
split_feature=1 1
split_gain=3.0986e-05 3.33042e-06
threshold=0.518865466117859 0.61620560288429271
decision_type=2 2
left_child=-1 -2
right_child=1 -3
leaf_value=4.0234970314703987e-05 4.5743560768100302e-05 5.0498252942422301e-05
leaf_weight=8883.6085694756366 755.10384763055481 718.95894130246597
leaf_count=128702 5031 8385
internal_value=4.1349e-05 4.80626e-05
internal_weight=10357.7 1474.06
internal_count=142118 13416
is_linear=0
shrinkage=0.05


Tree=196
num_leaves=3
num_cat=0
split_feature=1 1
split_gain=2.79624e-05 3.00629e-06
threshold=0.518865466117859 0.61620560288429271
decision_type=2 2
left_child=-1 -2
right_child=1 -3
leaf_value=3.8222558492667526e-05 4.3455130578742422e-05 4.7972492510540645e-05
leaf_weight=8883.7905669137363 755.11172497845837 718.97093550497084
leaf_count=128702 5031 8385
internal_value=3.92808e-05 4.56584e-05
internal_weight=10357.9 1474.08
internal_count=142118 13416
is_linear=0
shrinkage=0.05


Tree=197
num_leaves=3
num_cat=0
split_feature=1 1
split_gain=2.52365e-05 2.71315e-06
threshold=0.518865466117859 0.61620560288429271
decision_type=2 2
left_child=-1 -2
right_child=1 -3
leaf_value=3.6310572958998032e-05 4.1281553591157609e-05 4.557299966853395e-05
leaf_weight=8883.9635281069659 755.11919098743238 718.98232958241715
leaf_count=128702 5031 8385
internal_value=3.73159e-05 4.33747e-05
internal_weight=10358.1 1474.1
internal_count=142118 13416
is_linear=0
shrinkage=0.05


Tree=198
num_leaves=3
num_cat=0
split_feature=1 1
split_gain=2.27789e-05 2.44739e-06
threshold=0.518865466117859 0.61620560288429271
decision_type=2 2
left_child=-1 -2
right_child=1 -3
leaf_value=3.4494352744217345e-05 3.9217682926630286e-05 4.3293507745454101e-05
leaf_weight=8884.1277864845579 755.12628165492788 718.993154632597
leaf_count=128702 5031 8385
internal_value=3.54495e-05 4.12056e-05
internal_weight=10358.2 1474.12
internal_count=142118 13416
is_linear=0
shrinkage=0.05


Tree=199
num_leaves=3
num_cat=0
split_feature=1 1
split_gain=2.05613e-05 2.20596e-06
threshold=0.518865466117859 0.61620560288429271
decision_type=2 2
left_child=-1 -2
right_child=1 -3
leaf_value=3.2769235385068043e-05 3.7258086626940431e-05 4.112763958192853e-05
leaf_weight=8884.2839046432819 755.13303946569795 719.00344246052555
leaf_count=128702 5031 8385
internal_value=3.36767e-05 3.91454e-05
internal_weight=10358.4 1474.14
internal_count=142118 13416
is_linear=0
shrinkage=0.05


end of trees

feature_importances:
Column_1=1437
Column_0=1095

parameters:
[boosting: gbdt]
[objective: binary]
[metric: binary_logloss]
[tree_learner: serial]
[device_type: cpu]
[data_sample_strategy: bagging]
[data: ]
[valid: ]
[num_iterations: 200]
[learning_rate: 0.05]
[num_leaves: 15]
[num_threads: 8]
[seed: 0]
[deterministic: 0]
[force_col_wise: 0]
[force_row_wise: 0]
[histogram_pool_size: -1]
[max_depth: -1]
[min_data_in_leaf: 500]
[min_sum_hessian_in_leaf: 0.001]
[bagging_fraction: 1]
[pos_bagging_fraction: 1]
[neg_bagging_fraction: 1]
[bagging_freq: 0]
[bagging_seed: 3]
[bagging_by_query: 0]
[feature_fraction: 1]
[feature_fraction_bynode: 1]
[feature_fraction_seed: 2]
[extra_trees: 0]
[extra_seed: 6]
[early_stopping_round: 0]
[early_stopping_min_delta: 0]
[first_metric_only: 0]
[max_delta_step: 0]
[lambda_l1: 0]
[lambda_l2: 0]
[linear_lambda: 0]
[min_gain_to_split: 0]
[drop_rate: 0.1]
[max_drop: 50]
[skip_drop: 0.5]
[xgboost_dart_mode: 0]
[uniform_drop: 0]
[drop_seed: 4]
[top_rate: 0.2]
[other_rate: 0.1]
[min_data_per_group: 100]
[max_cat_threshold: 32]
[cat_l2: 10]
[cat_smooth: 10]
[max_cat_to_onehot: 4]
[top_k: 20]
[monotone_constraints: -1,1]
[monotone_constraints_method: basic]
[monotone_penalty: 0]
[feature_contri: ]
[forcedsplits_filename: ]
[refit_decay_rate: 0.9]
[cegb_tradeoff: 1]
[cegb_penalty_split: 0]
[cegb_penalty_feature_lazy: ]
[cegb_penalty_feature_coupled: ]
[path_smooth: 0]
[interaction_constraints: ]
[verbosity: -1]
[saved_feature_importance_type: 0]
[use_quantized_grad: 0]
[num_grad_quant_bins: 4]
[quant_train_renew_leaf: 0]
[stochastic_rounding: 1]
[linear_tree: 0]
[max_bin: 255]
[max_bin_by_feature: ]
[min_data_in_bin: 3]
[bin_construct_sample_cnt: 200000]
[data_random_seed: 1]
[is_enable_sparse: 1]
[enable_bundle: 1]
[use_missing: 1]
[zero_as_missing: 0]
[feature_pre_filter: 1]
[pre_partition: 0]
[two_round: 0]
[header: 0]
[label_column: ]
[weight_column: ]
[group_column: ]
[ignore_column: ]
[categorical_feature: ]
[forcedbins_filename: ]
[precise_float_parser: 0]
[parser_config_file: ]
[objective_seed: 5]
[num_class: 1]
[is_unbalance: 0]
[scale_pos_weight: 1]
[sigmoid: 1]
[boost_from_average: 1]
[reg_sqrt: 0]
[alpha: 0.9]
[fair_c: 1]
[poisson_max_delta_step: 0.7]
[tweedie_variance_power: 1.5]
[lambdarank_truncation_level: 30]
[lambdarank_norm: 1]
[label_gain: ]
[lambdarank_position_bias_regularization: 0]
[eval_at: ]
[multi_error_top_k: 1]
[auc_mu_weights: ]
[num_machines: 1]
[local_listen_port: 12400]
[time_out: 120]
[machine_list_filename: ]
[machines: ]
[gpu_platform_id: -1]
[gpu_device_id: -1]
[gpu_device_id_list: ]
[gpu_use_dp: 0]
[num_gpu: 1]

end of parameters

pandas_categorical:null
